category,theoryTitle,theoryContent,theoryStructure,theoryHint,questionType,questionText,optionA,optionB,optionC,optionD,correctAnswer
Present Continuous,Thì Hiện tại tiếp diễn (Present Continuous),Dùng để diễn tả hành động đang xảy ra tại thời điểm nói hoặc xung quanh thời điểm nói.,S + am/is/are + V-ing,now; right now; at the moment; at present; Look!; Listen!,Điền từ,I ______ a book right now.,am reading,is reading,are reading,read,am reading
Present Continuous,Thì Hiện tại tiếp diễn (Present Continuous),Dùng để diễn tả hành động đang xảy ra tại thời điểm nói hoặc xung quanh thời điểm nói.,S + am/is/are + V-ing,now; right now; at the moment; at present; Look!; Listen!,Điền từ,She ______ dinner at the moment.,cooks,is cooking,are cooking,am cooking,is cooking
Present Continuous,Thì Hiện tại tiếp diễn (Present Continuous),Dùng để diễn tả hành động đang xảy ra tại thời điểm nói hoặc xung quanh thời điểm nói.,S + am/is/are + V-ing,now; right now; at the moment; at present; Look!; Listen!,Điền từ,They ______ football now.,is playing,am playing,are playing,play,are playing
Present Continuous,Thì Hiện tại tiếp diễn (Present Continuous),Dùng để diễn tả hành động đang xảy ra tại thời điểm nói hoặc xung quanh thời điểm nói.,S + am/is/are + V-ing,now; right now; at the moment; at present; Look!; Listen!,Điền từ,Look! The baby ______.,sleeps,is sleeping,are sleeping,am sleeping,is sleeping
Present Continuous,Thì Hiện tại tiếp diễn (Present Continuous),Dùng để diễn tả hành động đang xảy ra tại thời điểm nói hoặc xung quanh thời điểm nói.,S + am/is/are + V-ing,now; right now; at the moment; at present; Look!; Listen!,Điền từ,Listen! Someone ______.,is singing,sings,are singing,am singing,is singing
Present Continuous,Thì Hiện tại tiếp diễn (Present Continuous),Dùng để diễn tả hành động đang xảy ra tại thời điểm nói hoặc xung quanh thời điểm nói.,S + am/is/are + V-ing,now; right now; at the moment; at present; Look!; Listen!,Điền từ,He ______ today.,not works,is not working,are not working,am not working,is not working
Present Continuous,Thì Hiện tại tiếp diễn (Present Continuous),Dùng để diễn tả hành động đang xảy ra tại thời điểm nói hoặc xung quanh thời điểm nói.,S + am/is/are + V-ing,now; right now; at the moment; at present; Look!; Listen!,Điền từ,We ______ English at present.,are studying,is studying,am studying,studies,are studying
Present Continuous,Thì Hiện tại tiếp diễn (Present Continuous),Dùng để diễn tả hành động đang xảy ra tại thời điểm nói hoặc xung quanh thời điểm nói.,S + am/is/are + V-ing,now; right now; at the moment; at present; Look!; Listen!,Điền từ,The dog ______ in the garden right now.,are running,am running,is running,runs,is running
Present Continuous,Thì Hiện tại tiếp diễn (Present Continuous),Dùng để diễn tả hành động đang xảy ra tại thời điểm nói hoặc xung quanh thời điểm nói.,S + am/is/are + V-ing,now; right now; at the moment; at present; Look!; Listen!,Điền từ,My mother ______ the house at the moment.,is cleaning,are cleaning,am cleaning,cleans,is cleaning
Present Continuous,Thì Hiện tại tiếp diễn (Present Continuous),Dùng để diễn tả hành động đang xảy ra tại thời điểm nói hoặc xung quanh thời điểm nói.,S + am/is/are + V-ing,now; right now; at the moment; at present; Look!; Listen!,Điền từ,The children ______ television now.,is watching,am watching,are watching,watches,are watching
Present Continuous,Thì Hiện tại tiếp diễn (Present Continuous),Dùng để diễn tả hành động đang xảy ra tại thời điểm nói hoặc xung quanh thời điểm nói.,S + am/is/are + V-ing,now; right now; at the moment; at present; Look!; Listen!,Điền từ,I ______ for my exam right now.,is studying,are studying,am studying,study,am studying
Present Continuous,Thì Hiện tại tiếp diễn (Present Continuous),Dùng để diễn tả hành động đang xảy ra tại thời điểm nói hoặc xung quanh thời điểm nói.,S + am/is/are + V-ing,now; right now; at the moment; at present; Look!; Listen!,Điền từ,It ______ outside. Take an umbrella!,rains,is raining,are raining,am raining,is raining
Present Continuous,Thì Hiện tại tiếp diễn (Present Continuous),Dùng để diễn tả hành động đang xảy ra tại thời điểm nói hoặc xung quanh thời điểm nói.,S + am/is/are + V-ing,now; right now; at the moment; at present; Look!; Listen!,Điền từ,The sun ______ brightly today.,is shining,are shining,am shining,shines,is shining
Present Continuous,Thì Hiện tại tiếp diễn (Present Continuous),Dùng để diễn tả hành động đang xảy ra tại thời điểm nói hoặc xung quanh thời điểm nói.,S + am/is/are + V-ing,now; right now; at the moment; at present; Look!; Listen!,Điền từ,You are always ______ your keys! (annoying habit),losing,is losing,am losing,lose,losing
Present Continuous,Thì Hiện tại tiếp diễn (Present Continuous),Dùng để diễn tả hành động đang xảy ra tại thời điểm nói hoặc xung quanh thời điểm nói.,S + am/is/are + V-ing,now; right now; at the moment; at present; Look!; Listen!,Điền từ,Look! The bus ______.,is coming,are coming,am coming,comes,is coming
Present Continuous,Thì Hiện tại tiếp diễn (Present Continuous),Dùng để diễn tả hành động đang xảy ra tại thời điểm nói hoặc xung quanh thời điểm nói.,S + am/is/are + V-ing,now; right now; at the moment; at present; Look!; Listen!,Điền từ,Shh! The students ______ a test.,is taking,am taking,are taking,takes,are taking
Present Continuous,Thì Hiện tại tiếp diễn (Present Continuous),Dùng để diễn tả hành động đang xảy ra tại thời điểm nói hoặc xung quanh thời điểm nói.,S + am/is/are + V-ing,now; right now; at the moment; at present; Look!; Listen!,Điền từ,My brother ______ a shower at the moment.,has,is having,are having,am having,is having
Present Continuous,Thì Hiện tại tiếp diễn (Present Continuous),Dùng để diễn tả hành động đang xảy ra tại thời điểm nói hoặc xung quanh thời điểm nói.,S + am/is/are + V-ing,now; right now; at the moment; at present; Look!; Listen!,Điền từ,I ______ to music right now.,am listening,is listening,are listening,listen,am listening
Present Continuous,Thì Hiện tại tiếp diễn (Present Continuous),Dùng để diễn tả hành động đang xảy ra tại thời điểm nói hoặc xung quanh thời điểm nói.,S + am/is/are + V-ing,now; right now; at the moment; at present; Look!; Listen!,Điền từ,They ______ a new bridge in the city.,are building,is building,am building,builds,are building
Present Continuous,Thì Hiện tại tiếp diễn (Present Continuous),Dùng để diễn tả hành động đang xảy ra tại thời điểm nói hoặc xung quanh thời điểm nói.,S + am/is/are + V-ing,now; right now; at the moment; at present; Look!; Listen!,Điền từ,She ______ her teeth now.,is brushing,are brushing,am brushing,brushes,is brushing
Present Continuous,Thì Hiện tại tiếp diễn (Present Continuous),Dùng để diễn tả hành động đang xảy ra tại thời điểm nói hoặc xung quanh thời điểm nói.,S + am/is/are + V-ing,now; right now; at the moment; at present; Look!; Listen!,Điền từ,We ______ dinner with our friends tonight.,is having,am having,are having,have,are having
Present Continuous,Thì Hiện tại tiếp diễn (Present Continuous),Dùng để diễn tả hành động đang xảy ra tại thời điểm nói hoặc xung quanh thời điểm nói.,S + am/is/are + V-ing,now; right now; at the moment; at present; Look!; Listen!,Điền từ,The cat ______ on the sofa.,is sleeping,are sleeping,am sleeping,sleeps,is sleeping
Present Continuous,Thì Hiện tại tiếp diễn (Present Continuous),Dùng để diễn tả hành động đang xảy ra tại thời điểm nói hoặc xung quanh thời điểm nói.,S + am/is/are + V-ing,now; right now; at the moment; at present; Look!; Listen!,Điền từ,My father ______ his car at the moment.,is washing,are washing,am washing,washes,is washing
Present Continuous,Thì Hiện tại tiếp diễn (Present Continuous),Dùng để diễn tả hành động đang xảy ra tại thời điểm nói hoặc xung quanh thời điểm nói.,S + am/is/are + V-ing,now; right now; at the moment; at present; Look!; Listen!,Điền từ,I ______ a letter to my friend.,is writing,are writing,am writing,write,am writing
Present Continuous,Thì Hiện tại tiếp diễn (Present Continuous),Dùng để diễn tả hành động đang xảy ra tại thời điểm nói hoặc xung quanh thời điểm nói.,S + am/is/are + V-ing,now; right now; at the moment; at present; Look!; Listen!,Điền từ,They ______ for the bus.,are waiting,is waiting,am waiting,waits,are waiting
Present Continuous,Thì Hiện tại tiếp diễn (Present Continuous),Dùng để diễn tả hành động đang xảy ra tại thời điểm nói hoặc xung quanh thời điểm nói.,S + am/is/are + V-ing,now; right now; at the moment; at present; Look!; Listen!,Điền từ,The birds ______ in the trees.,is singing,am singing,are singing,sings,are singing
Present Continuous,Thì Hiện tại tiếp diễn (Present Continuous),Dùng để diễn tả hành động đang xảy ra tại thời điểm nói hoặc xung quanh thời điểm nói.,S + am/is/are + V-ing,now; right now; at the moment; at present; Look!; Listen!,Điền từ,He ______ a heavy box.,is carrying,are carrying,am carrying,carries,is carrying
Present Continuous,Thì Hiện tại tiếp diễn (Present Continuous),Dùng để diễn tả hành động đang xảy ra tại thời điểm nói hoặc xung quanh thời điểm nói.,S + am/is/are + V-ing,now; right now; at the moment; at present; Look!; Listen!,Điền từ,We ______ English grammar now.,are learning,is learning,am learning,learns,are learning
Present Continuous,Thì Hiện tại tiếp diễn (Present Continuous),Dùng để diễn tả hành động đang xảy ra tại thời điểm nói hoặc xung quanh thời điểm nói.,S + am/is/are + V-ing,now; right now; at the moment; at present; Look!; Listen!,Điền từ,Look! The monkey ______ the tree.,is climbing,are climbing,am climbing,climbs,is climbing
Present Continuous,Thì Hiện tại tiếp diễn (Present Continuous),Dùng để diễn tả hành động đang xảy ra tại thời điểm nói hoặc xung quanh thời điểm nói.,S + am/is/are + V-ing,now; right now; at the moment; at present; Look!; Listen!,Điền từ,I ______ tea instead of coffee today.,am drinking,is drinking,are drinking,drinks,am drinking
Future Simple,Thì Tương lai đơn (Future Simple),Dùng để diễn tả một quyết định tại thời điểm nói hoặc một dự đoán không chắc chắn trong tương lai.,S + will + V(nguyên thể),tomorrow; next week/month/year; think; hope; promise,Điền từ,I think it ______ tomorrow.,will rain,rains,is raining,rained,will rain
Future Simple,Thì Tương lai đơn (Future Simple),Dùng để diễn tả một quyết định tại thời điểm nói hoặc một dự đoán không chắc chắn trong tương lai.,S + will + V(nguyên thể),tomorrow; next week/month/year; think; hope; promise,Điền từ,She ______ you next week.,will visit,visits,visited,is visiting,will visit
Future Simple,Thì Tương lai đơn (Future Simple),Dùng để diễn tả một quyết định tại thời điểm nói hoặc một dự đoán không chắc chắn trong tương lai.,S + will + V(nguyên thể),tomorrow; next week/month/year; think; hope; promise,Điền từ,They ______ a new house soon.,build,built,will build,are building,will build
Future Simple,Thì Tương lai đơn (Future Simple),Dùng để diễn tả một quyết định tại thời điểm nói hoặc một dự đoán không chắc chắn trong tương lai.,S + will + V(nguyên thể),tomorrow; next week/month/year; think; hope; promise,Điền từ,We ______ the exam I hope.,pass,will pass,passed,are passing,will pass
Future Simple,Thì Tương lai đơn (Future Simple),Dùng để diễn tả một quyết định tại thời điểm nói hoặc một dự đoán không chắc chắn trong tương lai.,S + will + V(nguyên thể),tomorrow; next week/month/year; think; hope; promise,Điền từ,He ______ a famous singer one day.,will become,becomes,became,is becoming,will become
Future Simple,Thì Tương lai đơn (Future Simple),Dùng để diễn tả một quyết định tại thời điểm nói hoặc một dự đoán không chắc chắn trong tương lai.,S + will + V(nguyên thể),tomorrow; next week/month/year; think; hope; promise,Điền từ,I ______ you with your homework.,help,will help,helped,am helping,will help
Future Simple,Thì Tương lai đơn (Future Simple),Dùng để diễn tả một quyết định tại thời điểm nói hoặc một dự đoán không chắc chắn trong tương lai.,S + will + V(nguyên thể),tomorrow; next week/month/year; think; hope; promise,Điền từ,The train ______ at 8 AM tomorrow.,arrives,arrived,will arrive,is arriving,will arrive
Future Simple,Thì Tương lai đơn (Future Simple),Dùng để diễn tả một quyết định tại thời điểm nói hoặc một dự đoán không chắc chắn trong tương lai.,S + will + V(nguyên thể),tomorrow; next week/month/year; think; hope; promise,Điền từ,You ______ a lot of money in the future.,earn,earned,will earn,are earning,will earn
Future Simple,Thì Tương lai đơn (Future Simple),Dùng để diễn tả một quyết định tại thời điểm nói hoặc một dự đoán không chắc chắn trong tương lai.,S + will + V(nguyên thể),tomorrow; next week/month/year; think; hope; promise,Điền từ,I promise I ______ anyone your secret.,will not tell,do not tell,did not tell,am not telling,will not tell
Future Simple,Thì Tương lai đơn (Future Simple),Dùng để diễn tả một quyết định tại thời điểm nói hoặc một dự đoán không chắc chắn trong tương lai.,S + will + V(nguyên thể),tomorrow; next week/month/year; think; hope; promise,Điền từ,Do you think people ______ on Mars?,live,lived,will live,are living,will live
Future Simple,Thì Tương lai đơn (Future Simple),Dùng để diễn tả một quyết định tại thời điểm nói hoặc một dự đoán không chắc chắn trong tương lai.,S + will + V(nguyên thể),tomorrow; next week/month/year; think; hope; promise,Điền từ,She ______ back in ten minutes.,is,was,will be,are,will be
Future Simple,Thì Tương lai đơn (Future Simple),Dùng để diễn tả một quyết định tại thời điểm nói hoặc một dự đoán không chắc chắn trong tương lai.,S + will + V(nguyên thể),tomorrow; next week/month/year; think; hope; promise,Điền từ,I ______ the door for you.,open,opened,will open,am opening,will open
Future Simple,Thì Tương lai đơn (Future Simple),Dùng để diễn tả một quyết định tại thời điểm nói hoặc một dự đoán không chắc chắn trong tương lai.,S + will + V(nguyên thể),tomorrow; next week/month/year; think; hope; promise,Điền từ,We ______ to Japan next year.,travel,traveled,will travel,are traveling,will travel
Future Simple,Thì Tương lai đơn (Future Simple),Dùng để diễn tả một quyết định tại thời điểm nói hoặc một dự đoán không chắc chắn trong tương lai.,S + will + V(nguyên thể),tomorrow; next week/month/year; think; hope; promise,Điền từ,He ______ his homework later.,does,did,will do,is doing,will do
Future Simple,Thì Tương lai đơn (Future Simple),Dùng để diễn tả một quyết định tại thời điểm nói hoặc một dự đoán không chắc chắn trong tương lai.,S + will + V(nguyên thể),tomorrow; next week/month/year; think; hope; promise,Điền từ,It ______ a great party!,is,was,will be,are,will be
Future Simple,Thì Tương lai đơn (Future Simple),Dùng để diễn tả một quyết định tại thời điểm nói hoặc một dự đoán không chắc chắn trong tương lai.,S + will + V(nguyên thể),tomorrow; next week/month/year; think; hope; promise,Điền từ,I ______ some coffee please.,have,had,will have,am having,will have
Future Simple,Thì Tương lai đơn (Future Simple),Dùng để diễn tả một quyết định tại thời điểm nói hoặc một dự đoán không chắc chắn trong tương lai.,S + will + V(nguyên thể),tomorrow; next week/month/year; think; hope; promise,Điền từ,They ______ the match tomorrow.,win,won,will win,are winning,will win
Future Simple,Thì Tương lai đơn (Future Simple),Dùng để diễn tả một quyết định tại thời điểm nói hoặc một dự đoán không chắc chắn trong tương lai.,S + will + V(nguyên thể),tomorrow; next week/month/year; think; hope; promise,Điền từ,My mother ______ a cake for my birthday.,makes,made,will make,is making,will make
Future Simple,Thì Tương lai đơn (Future Simple),Dùng để diễn tả một quyết định tại thời điểm nói hoặc một dự đoán không chắc chắn trong tương lai.,S + will + V(nguyên thể),tomorrow; next week/month/year; think; hope; promise,Điền từ,I ______ you as soon as I arrive.,call,called,will call,am calling,will call
Future Simple,Thì Tương lai đơn (Future Simple),Dùng để diễn tả một quyết định tại thời điểm nói hoặc một dự đoán không chắc chắn trong tương lai.,S + will + V(nguyên thể),tomorrow; next week/month/year; think; hope; promise,Điền từ,She ______ the new job next month.,starts,started,will start,is starting,will start
Future Simple,Thì Tương lai đơn (Future Simple),Dùng để diễn tả một quyết định tại thời điểm nói hoặc một dự đoán không chắc chắn trong tương lai.,S + will + V(nguyên thể),tomorrow; next week/month/year; think; hope; promise,Điền từ,We ______ out for dinner tonight.,eat,ate,will eat,are eating,will eat
Future Simple,Thì Tương lai đơn (Future Simple),Dùng để diễn tả một quyết định tại thời điểm nói hoặc một dự đoán không chắc chắn trong tương lai.,S + will + V(nguyên thể),tomorrow; next week/month/year; think; hope; promise,Điền từ,The weather ______ better tomorrow.,is,was,will be,are,will be
Future Simple,Thì Tương lai đơn (Future Simple),Dùng để diễn tả một quyết định tại thời điểm nói hoặc một dự đoán không chắc chắn trong tương lai.,S + will + V(nguyên thể),tomorrow; next week/month/year; think; hope; promise,Điền từ,I ______ this book tomorrow.,finish,finished,will finish,am finishing,will finish
Future Simple,Thì Tương lai đơn (Future Simple),Dùng để diễn tả một quyết định tại thời điểm nói hoặc một dự đoán không chắc chắn trong tương lai.,S + will + V(nguyên thể),tomorrow; next week/month/year; think; hope; promise,Điền từ,He ______ a new car next year.,buys,bought,will buy,is buying,will buy
Future Simple,Thì Tương lai đơn (Future Simple),Dùng để diễn tả một quyết định tại thời điểm nói hoặc một dự đoán không chắc chắn trong tương lai.,S + will + V(nguyên thể),tomorrow; next week/month/year; think; hope; promise,Điền từ,They ______ soon.,return,returned,will return,are returning,will return
Future Simple,Thì Tương lai đơn (Future Simple),Dùng để diễn tả một quyết định tại thời điểm nói hoặc một dự đoán không chắc chắn trong tương lai.,S + will + V(nguyên thể),tomorrow; next week/month/year; think; hope; promise,Điền từ,I ______ to the doctor tomorrow.,go,went,will go,am going,will go
Future Simple,Thì Tương lai đơn (Future Simple),Dùng để diễn tả một quyết định tại thời điểm nói hoặc một dự đoán không chắc chắn trong tương lai.,S + will + V(nguyên thể),tomorrow; next week/month/year; think; hope; promise,Điền từ,She ______ the piano at the concert.,plays,played,will play,is playing,will play
Future Simple,Thì Tương lai đơn (Future Simple),Dùng để diễn tả một quyết định tại thời điểm nói hoặc một dự đoán không chắc chắn trong tương lai.,S + will + V(nguyên thể),tomorrow; next week/month/year; think; hope; promise,Điền từ,We ______ you at the station.,meet,met,will meet,are meeting,will meet
Future Simple,Thì Tương lai đơn (Future Simple),Dùng để diễn tả một quyết định tại thời điểm nói hoặc một dự đoán không chắc chắn trong tương lai.,S + will + V(nguyên thể),tomorrow; next week/month/year; think; hope; promise,Điền từ,He ______ the truth eventually.,tells,told,will tell,is telling,will tell
Future Simple,Thì Tương lai đơn (Future Simple),Dùng để diễn tả một quyết định tại thời điểm nói hoặc một dự đoán không chắc chắn trong tương lai.,S + will + V(nguyên thể),tomorrow; next week/month/year; think; hope; promise,Điền từ,The movie ______ at 7 PM.,starts,started,will start,is starting,will start
Present Simple,Thì Hiện tại đơn (Present Simple),Dùng để diễn tả một sự thật hiển nhiên; một thói quen hoặc hành động lặp đi lặp lại ở hiện tại.,S + V(s/es) + ...,always; usually; often; sometimes; every day/week,Điền từ,She ______ to school every day.,go,goes,going,is going,goes
Present Simple,Thì Hiện tại đơn (Present Simple),Dùng để diễn tả một sự thật hiển nhiên; một thói quen hoặc hành động lặp đi lặp lại ở hiện tại.,S + V(s/es) + ...,always; usually; often; sometimes; every day/week,Điền từ,The sun ______ in the east.,rise,rises,rising,is rising,rises
Present Simple,Thì Hiện tại đơn (Present Simple),Dùng để diễn tả một sự thật hiển nhiên; một thói quen hoặc hành động lặp đi lặp lại ở hiện tại.,S + V(s/es) + ...,always; usually; often; sometimes; every day/week,Điền từ,They usually ______ football on Sundays.,play,plays,playing,are playing,play
Present Simple,Thì Hiện tại đơn (Present Simple),Dùng để diễn tả một sự thật hiển nhiên; một thói quen hoặc hành động lặp đi lặp lại ở hiện tại.,S + V(s/es) + ...,always; usually; often; sometimes; every day/week,Điền từ,Water ______ at 100 degrees Celsius.,boil,boils,boiling,is boiling,boils
Present Simple,Thì Hiện tại đơn (Present Simple),Dùng để diễn tả một sự thật hiển nhiên; một thói quen hoặc hành động lặp đi lặp lại ở hiện tại.,S + V(s/es) + ...,always; usually; often; sometimes; every day/week,Điền từ,My father never ______ coffee.,drink,drinks,drinking,is drinking,drinks
Present Simple,Thì Hiện tại đơn (Present Simple),Dùng để diễn tả một sự thật hiển nhiên; một thói quen hoặc hành động lặp đi lặp lại ở hiện tại.,S + V(s/es) + ...,always; usually; often; sometimes; every day/week,Điền từ,Cats ______ mice.,catch,catches,catching,are catching,catch
Present Simple,Thì Hiện tại đơn (Present Simple),Dùng để diễn tả một sự thật hiển nhiên; một thói quen hoặc hành động lặp đi lặp lại ở hiện tại.,S + V(s/es) + ...,always; usually; often; sometimes; every day/week,Điền từ,He ______ English very well.,speak,speaks,speaking,is speaking,speaks
Present Simple,Thì Hiện tại đơn (Present Simple),Dùng để diễn tả một sự thật hiển nhiên; một thói quen hoặc hành động lặp đi lặp lại ở hiện tại.,S + V(s/es) + ...,always; usually; often; sometimes; every day/week,Điền từ,We often ______ to the cinema at the weekend.,go,goes,going,are going,go
Present Simple,Thì Hiện tại đơn (Present Simple),Dùng để diễn tả một sự thật hiển nhiên; một thói quen hoặc hành động lặp đi lặp lại ở hiện tại.,S + V(s/es) + ...,always; usually; often; sometimes; every day/week,Điền từ,The Earth ______ around the Sun.,move,moves,moving,is moving,moves
Present Simple,Thì Hiện tại đơn (Present Simple),Dùng để diễn tả một sự thật hiển nhiên; một thói quen hoặc hành động lặp đi lặp lại ở hiện tại.,S + V(s/es) + ...,always; usually; often; sometimes; every day/week,Điền từ,I always ______ up early in the morning.,wake,wakes,waking,am waking,wake
Present Simple,Thì Hiện tại đơn (Present Simple),Dùng để diễn tả một sự thật hiển nhiên; một thói quen hoặc hành động lặp đi lặp lại ở hiện tại.,S + V(s/es) + ...,always; usually; often; sometimes; every day/week,Điền từ,She ______ in a bank.,work,works,working,is working,works
Present Simple,Thì Hiện tại đơn (Present Simple),Dùng để diễn tả một sự thật hiển nhiên; một thói quen hoặc hành động lặp đi lặp lại ở hiện tại.,S + V(s/es) + ...,always; usually; often; sometimes; every day/week,Điền từ,They ______ in London.,live,lives,living,are living,live
Present Simple,Thì Hiện tại đơn (Present Simple),Dùng để diễn tả một sự thật hiển nhiên; một thói quen hoặc hành động lặp đi lặp lại ở hiện tại.,S + V(s/es) + ...,always; usually; often; sometimes; every day/week,Điền từ,The train ______ at 8 AM every day.,leave,leaves,leaving,is leaving,leaves
Present Simple,Thì Hiện tại đơn (Present Simple),Dùng để diễn tả một sự thật hiển nhiên; một thói quen hoặc hành động lặp đi lặp lại ở hiện tại.,S + V(s/es) + ...,always; usually; often; sometimes; every day/week,Điền từ,Dogs ______ bones.,like,likes,liking,are liking,like
Present Simple,Thì Hiện tại đơn (Present Simple),Dùng để diễn tả một sự thật hiển nhiên; một thói quen hoặc hành động lặp đi lặp lại ở hiện tại.,S + V(s/es) + ...,always; usually; often; sometimes; every day/week,Điền từ,He ______ his teeth twice a day.,brush,brushes,brushing,is brushing,brushes
Present Simple,Thì Hiện tại đơn (Present Simple),Dùng để diễn tả một sự thật hiển nhiên; một thói quen hoặc hành động lặp đi lặp lại ở hiện tại.,S + V(s/es) + ...,always; usually; often; sometimes; every day/week,Điền từ,I ______ a student.,be,is,am,are,am
Present Simple,Thì Hiện tại đơn (Present Simple),Dùng để diễn tả một sự thật hiển nhiên; một thói quen hoặc hành động lặp đi lặp lại ở hiện tại.,S + V(s/es) + ...,always; usually; often; sometimes; every day/week,Điền từ,She ______ a doctor.,be,is,am,are,is
Present Simple,Thì Hiện tại đơn (Present Simple),Dùng để diễn tả một sự thật hiển nhiên; một thói quen hoặc hành động lặp đi lặp lại ở hiện tại.,S + V(s/es) + ...,always; usually; often; sometimes; every day/week,Điền từ,They ______ my friends.,be,is,am,are,are
Present Simple,Thì Hiện tại đơn (Present Simple),Dùng để diễn tả một sự thật hiển nhiên; một thói quen hoặc hành động lặp đi lặp lại ở hiện tại.,S + V(s/es) + ...,always; usually; often; sometimes; every day/week,Điền từ,My mother ______ delicious food.,cook,cooks,cooking,is cooking,cooks
Present Simple,Thì Hiện tại đơn (Present Simple),Dùng để diễn tả một sự thật hiển nhiên; một thói quen hoặc hành động lặp đi lặp lại ở hiện tại.,S + V(s/es) + ...,always; usually; often; sometimes; every day/week,Điền từ,He never ______ late.,arrive,arrives,arriving,is arriving,arrives
Present Simple,Thì Hiện tại đơn (Present Simple),Dùng để diễn tả một sự thật hiển nhiên; một thói quen hoặc hành động lặp đi lặp lại ở hiện tại.,S + V(s/es) + ...,always; usually; often; sometimes; every day/week,Điền từ,We ______ English every day.,study,studies,studying,are studying,study
Present Simple,Thì Hiện tại đơn (Present Simple),Dùng để diễn tả một sự thật hiển nhiên; một thói quen hoặc hành động lặp đi lặp lại ở hiện tại.,S + V(s/es) + ...,always; usually; often; sometimes; every day/week,Điền từ,The library ______ at 9 AM.,open,opens,opening,is opening,opens
Present Simple,Thì Hiện tại đơn (Present Simple),Dùng để diễn tả một sự thật hiển nhiên; một thói quen hoặc hành động lặp đi lặp lại ở hiện tại.,S + V(s/es) + ...,always; usually; often; sometimes; every day/week,Điền từ,She ______ to read books.,like,likes,liking,is liking,likes
Present Simple,Thì Hiện tại đơn (Present Simple),Dùng để diễn tả một sự thật hiển nhiên; một thói quen hoặc hành động lặp đi lặp lại ở hiện tại.,S + V(s/es) + ...,always; usually; often; sometimes; every day/week,Điền từ,They ______ TV in the evening.,watch,watches,watching,are watching,watch
Present Simple,Thì Hiện tại đơn (Present Simple),Dùng để diễn tả một sự thật hiển nhiên; một thói quen hoặc hành động lặp đi lặp lại ở hiện tại.,S + V(s/es) + ...,always; usually; often; sometimes; every day/week,Điền từ,I ______ up at 6 o'clock.,get,gets,getting,am getting,get
Present Simple,Thì Hiện tại đơn (Present Simple),Dùng để diễn tả một sự thật hiển nhiên; một thói quen hoặc hành động lặp đi lặp lại ở hiện tại.,S + V(s/es) + ...,always; usually; often; sometimes; every day/week,Điền từ,My brother ______ a car.,have,has,having,is having,has
Present Simple,Thì Hiện tại đơn (Present Simple),Dùng để diễn tả một sự thật hiển nhiên; một thói quen hoặc hành động lặp đi lặp lại ở hiện tại.,S + V(s/es) + ...,always; usually; often; sometimes; every day/week,Điền từ,She ______ two sisters.,have,has,having,is having,has
Present Simple,Thì Hiện tại đơn (Present Simple),Dùng để diễn tả một sự thật hiển nhiên; một thói quen hoặc hành động lặp đi lặp lại ở hiện tại.,S + V(s/es) + ...,always; usually; often; sometimes; every day/week,Điền từ,They ______ a big house.,have,has,having,are having,have
Present Simple,Thì Hiện tại đơn (Present Simple),Dùng để diễn tả một sự thật hiển nhiên; một thói quen hoặc hành động lặp đi lặp lại ở hiện tại.,S + V(s/es) + ...,always; usually; often; sometimes; every day/week,Điền từ,The moon ______ around the Earth.,go,goes,going,is going,goes
Present Simple,Thì Hiện tại đơn (Present Simple),Dùng để diễn tả một sự thật hiển nhiên; một thói quen hoặc hành động lặp đi lặp lại ở hiện tại.,S + V(s/es) + ...,always; usually; often; sometimes; every day/week,Điền từ,It ______ in winter.,snow,snows,snowing,is snowing,snows
Present Perfect,Thì Hiện tại hoàn thành (Present Perfect),Dùng để diễn tả hành động bắt đầu trong quá khứ kéo dài đến hiện tại hoặc trải nghiệm cho tới nay.,S + have/has + V3/ed + ...,since; for; already; yet; just; ever; never; recently,Điền từ,I ______ my homework already.,have finished,has finished,finish,finished,have finished
Present Perfect,Thì Hiện tại hoàn thành (Present Perfect),Dùng để diễn tả hành động bắt đầu trong quá khứ kéo dài đến hiện tại hoặc trải nghiệm cho tới nay.,S + have/has + V3/ed + ...,since; for; already; yet; just; ever; never; recently,Điền từ,She ______ to London three times.,have been,has been,was,is,has been
Present Perfect,Thì Hiện tại hoàn thành (Present Perfect),Dùng để diễn tả hành động bắt đầu trong quá khứ kéo dài đến hiện tại hoặc trải nghiệm cho tới nay.,S + have/has + V3/ed + ...,since; for; already; yet; just; ever; never; recently,Điền từ,They ______ here since 2010.,have lived,has lived,live,lived,have lived
Present Perfect,Thì Hiện tại hoàn thành (Present Perfect),Dùng để diễn tả hành động bắt đầu trong quá khứ kéo dài đến hiện tại hoặc trải nghiệm cho tới nay.,S + have/has + V3/ed + ...,since; for; already; yet; just; ever; never; recently,Điền từ,We ______ each other for a long time.,have known,has known,know,knew,have known
Present Perfect,Thì Hiện tại hoàn thành (Present Perfect),Dùng để diễn tả hành động bắt đầu trong quá khứ kéo dài đến hiện tại hoặc trải nghiệm cho tới nay.,S + have/has + V3/ed + ...,since; for; already; yet; just; ever; never; recently,Điền từ,He ______ his keys so he cannot open the door.,have lost,has lost,lose,lost,has lost
Present Perfect,Thì Hiện tại hoàn thành (Present Perfect),Dùng để diễn tả hành động bắt đầu trong quá khứ kéo dài đến hiện tại hoặc trải nghiệm cho tới nay.,S + have/has + V3/ed + ...,since; for; already; yet; just; ever; never; recently,Điền từ,I ______ never seen such a beautiful flower.,have,has,am,do,have
Present Perfect,Thì Hiện tại hoàn thành (Present Perfect),Dùng để diễn tả hành động bắt đầu trong quá khứ kéo dài đến hiện tại hoặc trải nghiệm cho tới nay.,S + have/has + V3/ed + ...,since; for; already; yet; just; ever; never; recently,Điền từ,She has ______ finished her dinner.,just,yet,ever,since,just
Present Perfect,Thì Hiện tại hoàn thành (Present Perfect),Dùng để diễn tả hành động bắt đầu trong quá khứ kéo dài đến hiện tại hoặc trải nghiệm cho tới nay.,S + have/has + V3/ed + ...,since; for; already; yet; just; ever; never; recently,Điền từ,We have not met him ______.,already,yet,just,since,yet
Present Perfect,Thì Hiện tại hoàn thành (Present Perfect),Dùng để diễn tả hành động bắt đầu trong quá khứ kéo dài đến hiện tại hoặc trải nghiệm cho tới nay.,S + have/has + V3/ed + ...,since; for; already; yet; just; ever; never; recently,Điền từ,How long ______ you worked here?,have,has,do,did,have
Present Perfect,Thì Hiện tại hoàn thành (Present Perfect),Dùng để diễn tả hành động bắt đầu trong quá khứ kéo dài đến hiện tại hoặc trải nghiệm cho tới nay.,S + have/has + V3/ed + ...,since; for; already; yet; just; ever; never; recently,Điền từ,John ______ a new car recently.,have bought,has bought,buy,bought,has bought
Present Perfect,Thì Hiện tại hoàn thành (Present Perfect),Dùng để diễn tả hành động bắt đầu trong quá khứ kéo dài đến hiện tại hoặc trải nghiệm cho tới nay.,S + have/has + V3/ed + ...,since; for; already; yet; just; ever; never; recently,Điền từ,I have lived here ______ 5 years.,since,for,in,ago,for
Present Perfect,Thì Hiện tại hoàn thành (Present Perfect),Dùng để diễn tả hành động bắt đầu trong quá khứ kéo dài đến hiện tại hoặc trải nghiệm cho tới nay.,S + have/has + V3/ed + ...,since; for; already; yet; just; ever; never; recently,Điền từ,She has worked at the bank ______ 2015.,since,for,in,on,since
Present Perfect,Thì Hiện tại hoàn thành (Present Perfect),Dùng để diễn tả hành động bắt đầu trong quá khứ kéo dài đến hiện tại hoặc trải nghiệm cho tới nay.,S + have/has + V3/ed + ...,since; for; already; yet; just; ever; never; recently,Điền từ,They ______ not arrived yet.,have,has,do,are,have
Present Perfect,Thì Hiện tại hoàn thành (Present Perfect),Dùng để diễn tả hành động bắt đầu trong quá khứ kéo dài đến hiện tại hoặc trải nghiệm cho tới nay.,S + have/has + V3/ed + ...,since; for; already; yet; just; ever; never; recently,Điền từ,Has she ______ been to Paris?,ever,never,just,yet,ever
Present Perfect,Thì Hiện tại hoàn thành (Present Perfect),Dùng để diễn tả hành động bắt đầu trong quá khứ kéo dài đến hiện tại hoặc trải nghiệm cho tới nay.,S + have/has + V3/ed + ...,since; for; already; yet; just; ever; never; recently,Điền từ,I have ______ finished my report.,already,yet,since,for,already
Present Perfect,Thì Hiện tại hoàn thành (Present Perfect),Dùng để diễn tả hành động bắt đầu trong quá khứ kéo dài đến hiện tại hoặc trải nghiệm cho tới nay.,S + have/has + V3/ed + ...,since; for; already; yet; just; ever; never; recently,Điền từ,The train ______ just left.,have,has,is,did,has
Present Perfect,Thì Hiện tại hoàn thành (Present Perfect),Dùng để diễn tả hành động bắt đầu trong quá khứ kéo dài đến hiện tại hoặc trải nghiệm cho tới nay.,S + have/has + V3/ed + ...,since; for; already; yet; just; ever; never; recently,Điền từ,We ______ this movie twice.,have seen,has seen,saw,see,have seen
Present Perfect,Thì Hiện tại hoàn thành (Present Perfect),Dùng để diễn tả hành động bắt đầu trong quá khứ kéo dài đến hiện tại hoặc trải nghiệm cho tới nay.,S + have/has + V3/ed + ...,since; for; already; yet; just; ever; never; recently,Điền từ,He ______ has not called me back.,still,yet,already,just,still
Present Perfect,Thì Hiện tại hoàn thành (Present Perfect),Dùng để diễn tả hành động bắt đầu trong quá khứ kéo dài đến hiện tại hoặc trải nghiệm cho tới nay.,S + have/has + V3/ed + ...,since; for; already; yet; just; ever; never; recently,Điền từ,Have you ______ your homework?,do,did,done,doing,done
Present Perfect,Thì Hiện tại hoàn thành (Present Perfect),Dùng để diễn tả hành động bắt đầu trong quá khứ kéo dài đến hiện tại hoặc trải nghiệm cho tới nay.,S + have/has + V3/ed + ...,since; for; already; yet; just; ever; never; recently,Điền từ,She has ______ a lot of books.,write,wrote,written,writing,written
Present Perfect,Thì Hiện tại hoàn thành (Present Perfect),Dùng để diễn tả hành động bắt đầu trong quá khứ kéo dài đến hiện tại hoặc trải nghiệm cho tới nay.,S + have/has + V3/ed + ...,since; for; already; yet; just; ever; never; recently,Điền từ,They have ______ English for 3 years.,study,studied,studying,studies,studied
Present Perfect,Thì Hiện tại hoàn thành (Present Perfect),Dùng để diễn tả hành động bắt đầu trong quá khứ kéo dài đến hiện tại hoặc trải nghiệm cho tới nay.,S + have/has + V3/ed + ...,since; for; already; yet; just; ever; never; recently,Điền từ,I have not ______ to him recently.,speak,spoke,spoken,speaking,spoken
Present Perfect,Thì Hiện tại hoàn thành (Present Perfect),Dùng để diễn tả hành động bắt đầu trong quá khứ kéo dài đến hiện tại hoặc trải nghiệm cho tới nay.,S + have/has + V3/ed + ...,since; for; already; yet; just; ever; never; recently,Điền từ,The company has ______ rapidly this year.,grow,grew,grown,growing,grown
Present Perfect,Thì Hiện tại hoàn thành (Present Perfect),Dùng để diễn tả hành động bắt đầu trong quá khứ kéo dài đến hiện tại hoặc trải nghiệm cho tới nay.,S + have/has + V3/ed + ...,since; for; already; yet; just; ever; never; recently,Điền từ,He has ______ his leg.,break,broke,broken,breaking,broken
Present Perfect,Thì Hiện tại hoàn thành (Present Perfect),Dùng để diễn tả hành động bắt đầu trong quá khứ kéo dài đến hiện tại hoặc trải nghiệm cho tới nay.,S + have/has + V3/ed + ...,since; for; already; yet; just; ever; never; recently,Điền từ,We have ______ the tickets for the concert.,buy,bought,buyed,buying,bought
Present Perfect,Thì Hiện tại hoàn thành (Present Perfect),Dùng để diễn tả hành động bắt đầu trong quá khứ kéo dài đến hiện tại hoặc trải nghiệm cho tới nay.,S + have/has + V3/ed + ...,since; for; already; yet; just; ever; never; recently,Điền từ,She has ______ a teacher since 2020.,be,was,been,being,been
Present Perfect,Thì Hiện tại hoàn thành (Present Perfect),Dùng để diễn tả hành động bắt đầu trong quá khứ kéo dài đến hiện tại hoặc trải nghiệm cho tới nay.,S + have/has + V3/ed + ...,since; for; already; yet; just; ever; never; recently,Điền từ,I have ______ my wallet at home.,leave,left,leaved,leaving,left
Present Perfect,Thì Hiện tại hoàn thành (Present Perfect),Dùng để diễn tả hành động bắt đầu trong quá khứ kéo dài đến hiện tại hoặc trải nghiệm cho tới nay.,S + have/has + V3/ed + ...,since; for; already; yet; just; ever; never; recently,Điền từ,They have ______ the game.,win,won,winned,winning,won
Present Perfect,Thì Hiện tại hoàn thành (Present Perfect),Dùng để diễn tả hành động bắt đầu trong quá khứ kéo dài đến hiện tại hoặc trải nghiệm cho tới nay.,S + have/has + V3/ed + ...,since; for; already; yet; just; ever; never; recently,Điền từ,He has ______ all the milk.,drink,drank,drunk,drinking,drunk
Present Perfect,Thì Hiện tại hoàn thành (Present Perfect),Dùng để diễn tả hành động bắt đầu trong quá khứ kéo dài đến hiện tại hoặc trải nghiệm cho tới nay.,S + have/has + V3/ed + ...,since; for; already; yet; just; ever; never; recently,Điền từ,The kids have ______ asleep.,fall,fell,fallen,falling,fallen
Present Perfect Continuous,Thì Hiện tại hoàn thành tiếp diễn (Present Perfect Continuous),Dùng để nhấn mạnh quá trình hoặc khoảng thời gian của một hành động bắt đầu trong quá khứ và vẫn đang tiếp diễn ở hiện tại (hoặc vừa kết thúc nhưng để lại dấu hiệu).,S + have/has + been + V-ing + ...,all day; all week; for; since; recently; lately; how long,Điền từ,I ______ all day.,have been studying,has been studying,am studying,study,have been studying
Present Perfect Continuous,Thì Hiện tại hoàn thành tiếp diễn (Present Perfect Continuous),Dùng để nhấn mạnh quá trình hoặc khoảng thời gian của một hành động bắt đầu trong quá khứ và vẫn đang tiếp diễn ở hiện tại (hoặc vừa kết thúc nhưng để lại dấu hiệu).,S + have/has + been + V-ing + ...,all day; all week; for; since; recently; lately; how long,Điền từ,She ______ for him for two hours.,has been waiting,have been waiting,is waiting,waits,has been waiting
Present Perfect Continuous,Thì Hiện tại hoàn thành tiếp diễn (Present Perfect Continuous),Dùng để nhấn mạnh quá trình hoặc khoảng thời gian của một hành động bắt đầu trong quá khứ và vẫn đang tiếp diễn ở hiện tại (hoặc vừa kết thúc nhưng để lại dấu hiệu).,S + have/has + been + V-ing + ...,all day; all week; for; since; recently; lately; how long,Điền từ,They ______ football since 3 PM.,have been playing,has been playing,are playing,play,have been playing
Present Perfect Continuous,Thì Hiện tại hoàn thành tiếp diễn (Present Perfect Continuous),Dùng để nhấn mạnh quá trình hoặc khoảng thời gian của một hành động bắt đầu trong quá khứ và vẫn đang tiếp diễn ở hiện tại (hoặc vừa kết thúc nhưng để lại dấu hiệu).,S + have/has + been + V-ing + ...,all day; all week; for; since; recently; lately; how long,Điền từ,It ______ all night.,has been raining,have been raining,is raining,rains,has been raining
Present Perfect Continuous,Thì Hiện tại hoàn thành tiếp diễn (Present Perfect Continuous),Dùng để nhấn mạnh quá trình hoặc khoảng thời gian của một hành động bắt đầu trong quá khứ và vẫn đang tiếp diễn ở hiện tại (hoặc vừa kết thúc nhưng để lại dấu hiệu).,S + have/has + been + V-ing + ...,all day; all week; for; since; recently; lately; how long,Điền từ,We ______ TV for three hours.,have been watching,has been watching,are watching,watch,have been watching
Present Perfect Continuous,Thì Hiện tại hoàn thành tiếp diễn (Present Perfect Continuous),Dùng để nhấn mạnh quá trình hoặc khoảng thời gian của một hành động bắt đầu trong quá khứ và vẫn đang tiếp diễn ở hiện tại (hoặc vừa kết thúc nhưng để lại dấu hiệu).,S + have/has + been + V-ing + ...,all day; all week; for; since; recently; lately; how long,Điền từ,He ______ in this company since 2015.,has been working,have been working,is working,works,has been working
Present Perfect Continuous,Thì Hiện tại hoàn thành tiếp diễn (Present Perfect Continuous),Dùng để nhấn mạnh quá trình hoặc khoảng thời gian của một hành động bắt đầu trong quá khứ và vẫn đang tiếp diễn ở hiện tại (hoặc vừa kết thúc nhưng để lại dấu hiệu).,S + have/has + been + V-ing + ...,all day; all week; for; since; recently; lately; how long,Điền từ,You ______ too much coffee lately.,have been drinking,has been drinking,are drinking,drink,have been drinking
Present Perfect Continuous,Thì Hiện tại hoàn thành tiếp diễn (Present Perfect Continuous),Dùng để nhấn mạnh quá trình hoặc khoảng thời gian của một hành động bắt đầu trong quá khứ và vẫn đang tiếp diễn ở hiện tại (hoặc vừa kết thúc nhưng để lại dấu hiệu).,S + have/has + been + V-ing + ...,all day; all week; for; since; recently; lately; how long,Điền từ,How long ______ English?,have you been learning,has you been learning,are you learning,do you learn,have you been learning
Present Perfect Continuous,Thì Hiện tại hoàn thành tiếp diễn (Present Perfect Continuous),Dùng để nhấn mạnh quá trình hoặc khoảng thời gian của một hành động bắt đầu trong quá khứ và vẫn đang tiếp diễn ở hiện tại (hoặc vừa kết thúc nhưng để lại dấu hiệu).,S + have/has + been + V-ing + ...,all day; all week; for; since; recently; lately; how long,Điền từ,The baby ______ for an hour.,has been crying,have been crying,is crying,cries,has been crying
Present Perfect Continuous,Thì Hiện tại hoàn thành tiếp diễn (Present Perfect Continuous),Dùng để nhấn mạnh quá trình hoặc khoảng thời gian của một hành động bắt đầu trong quá khứ và vẫn đang tiếp diễn ở hiện tại (hoặc vừa kết thúc nhưng để lại dấu hiệu).,S + have/has + been + V-ing + ...,all day; all week; for; since; recently; lately; how long,Điền từ,I ______ to call you all morning.,have been trying,has been trying,am trying,try,have been trying
Present Perfect Continuous,Thì Hiện tại hoàn thành tiếp diễn (Present Perfect Continuous),Dùng để nhấn mạnh quá trình hoặc khoảng thời gian của một hành động bắt đầu trong quá khứ và vẫn đang tiếp diễn ở hiện tại (hoặc vừa kết thúc nhưng để lại dấu hiệu).,S + have/has + been + V-ing + ...,all day; all week; for; since; recently; lately; how long,Điền từ,She ______ well recently.,has not been feeling,have not been feeling,is not feeling,does not feel,has not been feeling
Present Perfect Continuous,Thì Hiện tại hoàn thành tiếp diễn (Present Perfect Continuous),Dùng để nhấn mạnh quá trình hoặc khoảng thời gian của một hành động bắt đầu trong quá khứ và vẫn đang tiếp diễn ở hiện tại (hoặc vừa kết thúc nhưng để lại dấu hiệu).,S + have/has + been + V-ing + ...,all day; all week; for; since; recently; lately; how long,Điền từ,They ______ this project for months.,have been discussing,has been discussing,are discussing,discuss,have been discussing
Present Perfect Continuous,Thì Hiện tại hoàn thành tiếp diễn (Present Perfect Continuous),Dùng để nhấn mạnh quá trình hoặc khoảng thời gian của một hành động bắt đầu trong quá khứ và vẫn đang tiếp diễn ở hiện tại (hoặc vừa kết thúc nhưng để lại dấu hiệu).,S + have/has + been + V-ing + ...,all day; all week; for; since; recently; lately; how long,Điền từ,My eyes are tired because I ______ on the computer.,have been working,has been working,am working,work,have been working
Present Perfect Continuous,Thì Hiện tại hoàn thành tiếp diễn (Present Perfect Continuous),Dùng để nhấn mạnh quá trình hoặc khoảng thời gian của một hành động bắt đầu trong quá khứ và vẫn đang tiếp diễn ở hiện tại (hoặc vừa kết thúc nhưng để lại dấu hiệu).,S + have/has + been + V-ing + ...,all day; all week; for; since; recently; lately; how long,Điền từ,He ______ Spanish for five years.,has been studying,have been studying,is studying,studies,has been studying
Present Perfect Continuous,Thì Hiện tại hoàn thành tiếp diễn (Present Perfect Continuous),Dùng để nhấn mạnh quá trình hoặc khoảng thời gian của một hành động bắt đầu trong quá khứ và vẫn đang tiếp diễn ở hiện tại (hoặc vừa kết thúc nhưng để lại dấu hiệu).,S + have/has + been + V-ing + ...,all day; all week; for; since; recently; lately; how long,Điền từ,We ______ about you.,have been talking,has been talking,are talking,talk,have been talking
Present Perfect Continuous,Thì Hiện tại hoàn thành tiếp diễn (Present Perfect Continuous),Dùng để nhấn mạnh quá trình hoặc khoảng thời gian của một hành động bắt đầu trong quá khứ và vẫn đang tiếp diễn ở hiện tại (hoặc vừa kết thúc nhưng để lại dấu hiệu).,S + have/has + been + V-ing + ...,all day; all week; for; since; recently; lately; how long,Điền từ,The dog ______ loudly since morning.,has been barking,have been barking,is barking,barks,has been barking
Present Perfect Continuous,Thì Hiện tại hoàn thành tiếp diễn (Present Perfect Continuous),Dùng để nhấn mạnh quá trình hoặc khoảng thời gian của một hành động bắt đầu trong quá khứ và vẫn đang tiếp diễn ở hiện tại (hoặc vừa kết thúc nhưng để lại dấu hiệu).,S + have/has + been + V-ing + ...,all day; all week; for; since; recently; lately; how long,Điền từ,You look exhausted! ______ you ______ hard?,Have - been working,Has - been working,Are - working,Do - work,Have - been working
Present Perfect Continuous,Thì Hiện tại hoàn thành tiếp diễn (Present Perfect Continuous),Dùng để nhấn mạnh quá trình hoặc khoảng thời gian của một hành động bắt đầu trong quá khứ và vẫn đang tiếp diễn ở hiện tại (hoặc vừa kết thúc nhưng để lại dấu hiệu).,S + have/has + been + V-ing + ...,all day; all week; for; since; recently; lately; how long,Điền từ,I ______ for my keys all morning.,have been looking,has been looking,am looking,look,have been looking
Present Perfect Continuous,Thì Hiện tại hoàn thành tiếp diễn (Present Perfect Continuous),Dùng để nhấn mạnh quá trình hoặc khoảng thời gian của một hành động bắt đầu trong quá khứ và vẫn đang tiếp diễn ở hiện tại (hoặc vừa kết thúc nhưng để lại dấu hiệu).,S + have/has + been + V-ing + ...,all day; all week; for; since; recently; lately; how long,Điền từ,She ______ the house all day.,has been cleaning,have been cleaning,is cleaning,cleans,has been cleaning
Present Perfect Continuous,Thì Hiện tại hoàn thành tiếp diễn (Present Perfect Continuous),Dùng để nhấn mạnh quá trình hoặc khoảng thời gian của một hành động bắt đầu trong quá khứ và vẫn đang tiếp diễn ở hiện tại (hoặc vừa kết thúc nhưng để lại dấu hiệu).,S + have/has + been + V-ing + ...,all day; all week; for; since; recently; lately; how long,Điền từ,They ______ since 8 o'clock.,have been traveling,has been traveling,are traveling,travel,have been traveling
Present Perfect Continuous,Thì Hiện tại hoàn thành tiếp diễn (Present Perfect Continuous),Dùng để nhấn mạnh quá trình hoặc khoảng thời gian của một hành động bắt đầu trong quá khứ và vẫn đang tiếp diễn ở hiện tại (hoặc vừa kết thúc nhưng để lại dấu hiệu).,S + have/has + been + V-ing + ...,all day; all week; for; since; recently; lately; how long,Điền từ,It ______ snowing all week.,has been,have been,is,was,has been
Present Perfect Continuous,Thì Hiện tại hoàn thành tiếp diễn (Present Perfect Continuous),Dùng để nhấn mạnh quá trình hoặc khoảng thời gian của một hành động bắt đầu trong quá khứ và vẫn đang tiếp diễn ở hiện tại (hoặc vừa kết thúc nhưng để lại dấu hiệu).,S + have/has + been + V-ing + ...,all day; all week; for; since; recently; lately; how long,Điền từ,How long ______ for me?,have you been waiting,has you been waiting,are you waiting,do you wait,have you been waiting
Present Perfect Continuous,Thì Hiện tại hoàn thành tiếp diễn (Present Perfect Continuous),Dùng để nhấn mạnh quá trình hoặc khoảng thời gian của một hành động bắt đầu trong quá khứ và vẫn đang tiếp diễn ở hiện tại (hoặc vừa kết thúc nhưng để lại dấu hiệu).,S + have/has + been + V-ing + ...,all day; all week; for; since; recently; lately; how long,Điền từ,I ______ to fix this car since yesterday.,have been trying,has been trying,am trying,try,have been trying
Present Perfect Continuous,Thì Hiện tại hoàn thành tiếp diễn (Present Perfect Continuous),Dùng để nhấn mạnh quá trình hoặc khoảng thời gian của một hành động bắt đầu trong quá khứ và vẫn đang tiếp diễn ở hiện tại (hoặc vừa kết thúc nhưng để lại dấu hiệu).,S + have/has + been + V-ing + ...,all day; all week; for; since; recently; lately; how long,Điền từ,He is out of breath because he ______.,has been running,have been running,is running,runs,has been running
Present Perfect Continuous,Thì Hiện tại hoàn thành tiếp diễn (Present Perfect Continuous),Dùng để nhấn mạnh quá trình hoặc khoảng thời gian của một hành động bắt đầu trong quá khứ và vẫn đang tiếp diễn ở hiện tại (hoặc vừa kết thúc nhưng để lại dấu hiệu).,S + have/has + been + V-ing + ...,all day; all week; for; since; recently; lately; how long,Điền từ,We ______ to the radio all evening.,have been listening,has been listening,are listening,listen,have been listening
Present Perfect Continuous,Thì Hiện tại hoàn thành tiếp diễn (Present Perfect Continuous),Dùng để nhấn mạnh quá trình hoặc khoảng thời gian của một hành động bắt đầu trong quá khứ và vẫn đang tiếp diễn ở hiện tại (hoặc vừa kết thúc nhưng để lại dấu hiệu).,S + have/has + been + V-ing + ...,all day; all week; for; since; recently; lately; how long,Điền từ,She ______ in that chair for three hours.,has been sitting,have been sitting,is sitting,sits,has been sitting
Present Perfect Continuous,Thì Hiện tại hoàn thành tiếp diễn (Present Perfect Continuous),Dùng để nhấn mạnh quá trình hoặc khoảng thời gian của một hành động bắt đầu trong quá khứ và vẫn đang tiếp diễn ở hiện tại (hoặc vừa kết thúc nhưng để lại dấu hiệu).,S + have/has + been + V-ing + ...,all day; all week; for; since; recently; lately; how long,Điền từ,My friends ______ for the exam all month.,have been preparing,has been preparing,are preparing,prepare,have been preparing
Present Perfect Continuous,Thì Hiện tại hoàn thành tiếp diễn (Present Perfect Continuous),Dùng để nhấn mạnh quá trình hoặc khoảng thời gian của một hành động bắt đầu trong quá khứ và vẫn đang tiếp diễn ở hiện tại (hoặc vừa kết thúc nhưng để lại dấu hiệu).,S + have/has + been + V-ing + ...,all day; all week; for; since; recently; lately; how long,Điền từ,I ______ to that new song on repeat.,have been listening,has been listening,am listening,listen,have been listening
Present Perfect Continuous,Thì Hiện tại hoàn thành tiếp diễn (Present Perfect Continuous),Dùng để nhấn mạnh quá trình hoặc khoảng thời gian của một hành động bắt đầu trong quá khứ và vẫn đang tiếp diễn ở hiện tại (hoặc vừa kết thúc nhưng để lại dấu hiệu).,S + have/has + been + V-ing + ...,all day; all week; for; since; recently; lately; how long,Điền từ,He ______ books all his life.,has been collecting,have been collecting,is collecting,collects,has been collecting
Present Perfect Continuous,Thì Hiện tại hoàn thành tiếp diễn (Present Perfect Continuous),Dùng để nhấn mạnh quá trình hoặc khoảng thời gian của một hành động bắt đầu trong quá khứ và vẫn đang tiếp diễn ở hiện tại (hoặc vừa kết thúc nhưng để lại dấu hiệu).,S + have/has + been + V-ing + ...,all day; all week; for; since; recently; lately; how long,Điền từ,The kids ______ in the garden since morning.,have been playing,has been playing,are playing,play,have been playing
Future Continuous,Thì Tương lai tiếp diễn (Future Continuous),Dùng để diễn tả một hành động đang diễn ra tại một thời điểm xác định trong tương lai.,S + will + be + V-ing + ...,at this time tomorrow; at 8 PM next Monday; in the future,Điền từ,At 8 PM tomorrow I ______ dinner.,will be eating,will eat,am eating,eat,will be eating
Future Continuous,Thì Tương lai tiếp diễn (Future Continuous),Dùng để diễn tả một hành động đang diễn ra tại một thời điểm xác định trong tương lai.,S + will + be + V-ing + ...,at this time tomorrow; at 8 PM next Monday; in the future,Điền từ,This time next week we ______ on the beach.,will be relaxing,will relax,are relaxing,relax,will be relaxing
Future Continuous,Thì Tương lai tiếp diễn (Future Continuous),Dùng để diễn tả một hành động đang diễn ra tại một thời điểm xác định trong tương lai.,S + will + be + V-ing + ...,at this time tomorrow; at 8 PM next Monday; in the future,Điền từ,He ______ to London at this time tomorrow.,will be flying,will fly,is flying,flies,will be flying
Future Continuous,Thì Tương lai tiếp diễn (Future Continuous),Dùng để diễn tả một hành động đang diễn ra tại một thời điểm xác định trong tương lai.,S + will + be + V-ing + ...,at this time tomorrow; at 8 PM next Monday; in the future,Điền từ,Please don't call me at 9 AM because I ______ in a meeting.,will be sitting,will sit,sit,am sitting,will be sitting
Future Continuous,Thì Tương lai tiếp diễn (Future Continuous),Dùng để diễn tả một hành động đang diễn ra tại một thời điểm xác định trong tương lai.,S + will + be + V-ing + ...,at this time tomorrow; at 8 PM next Monday; in the future,Điền từ,They ______ football at 5 PM tomorrow.,will be playing,play,will play,are playing,will be playing
Future Continuous,Thì Tương lai tiếp diễn (Future Continuous),Dùng để diễn tả một hành động đang diễn ra tại một thời điểm xác định trong tương lai.,S + will + be + V-ing + ...,at this time tomorrow; at 8 PM next Monday; in the future,Điền từ,What ______ at 10 PM tonight?,will you be doing,will you do,do you do,are you doing,will you be doing
Future Continuous,Thì Tương lai tiếp diễn (Future Continuous),Dùng để diễn tả một hành động đang diễn ra tại một thời điểm xác định trong tương lai.,S + will + be + V-ing + ...,at this time tomorrow; at 8 PM next Monday; in the future,Điền từ,At this time next year she ______ in Paris.,will be studying,will study,studies,is studying,will be studying
Future Continuous,Thì Tương lai tiếp diễn (Future Continuous),Dùng để diễn tả một hành động đang diễn ra tại một thời điểm xác định trong tương lai.,S + will + be + V-ing + ...,at this time tomorrow; at 8 PM next Monday; in the future,Điền từ,I ______ for my exam all day tomorrow.,will be preparing,prepare,will prepare,am preparing,will be preparing
Future Continuous,Thì Tương lai tiếp diễn (Future Continuous),Dùng để diễn tả một hành động đang diễn ra tại một thời điểm xác định trong tương lai.,S + will + be + V-ing + ...,at this time tomorrow; at 8 PM next Monday; in the future,Điền từ,Tomorrow morning we ______ to the new house.,will be moving,will move,move,are moving,will be moving
Future Continuous,Thì Tương lai tiếp diễn (Future Continuous),Dùng để diễn tả một hành động đang diễn ra tại một thời điểm xác định trong tương lai.,S + will + be + V-ing + ...,at this time tomorrow; at 8 PM next Monday; in the future,Điền từ,At 7 o'clock tomorrow they ______ the new bridge.,will be crossing,will cross,cross,are crossing,will be crossing
Future Continuous,Thì Tương lai tiếp diễn (Future Continuous),Dùng để diễn tả một hành động đang diễn ra tại một thời điểm xác định trong tương lai.,S + will + be + V-ing + ...,at this time tomorrow; at 8 PM next Monday; in the future,Điền từ,She ______ TV when I arrive tonight.,will be watching,will watch,watches,is watching,will be watching
Future Continuous,Thì Tương lai tiếp diễn (Future Continuous),Dùng để diễn tả một hành động đang diễn ra tại một thời điểm xác định trong tương lai.,S + will + be + V-ing + ...,at this time tomorrow; at 8 PM next Monday; in the future,Điền từ,We ______ our anniversary at this time next month.,will be celebrating,will celebrate,celebrate,are celebrating,will be celebrating
Future Continuous,Thì Tương lai tiếp diễn (Future Continuous),Dùng để diễn tả một hành động đang diễn ra tại một thời điểm xác định trong tương lai.,S + will + be + V-ing + ...,at this time tomorrow; at 8 PM next Monday; in the future,Điền từ,By this time tomorrow the snow ______ heavily.,will be falling,will fall,falls,is falling,will be falling
Future Continuous,Thì Tương lai tiếp diễn (Future Continuous),Dùng để diễn tả một hành động đang diễn ra tại một thời điểm xác định trong tương lai.,S + will + be + V-ing + ...,at this time tomorrow; at 8 PM next Monday; in the future,Điền từ,I ______ my car at 3 PM tomorrow.,will be washing,will wash,wash,am washing,will be washing
Future Continuous,Thì Tương lai tiếp diễn (Future Continuous),Dùng để diễn tả một hành động đang diễn ra tại một thời điểm xác định trong tương lai.,S + will + be + V-ing + ...,at this time tomorrow; at 8 PM next Monday; in the future,Điền từ,They ______ for us when the train arrives.,will be waiting,will wait,wait,are waiting,will be waiting
Future Continuous,Thì Tương lai tiếp diễn (Future Continuous),Dùng để diễn tả một hành động đang diễn ra tại một thời điểm xác định trong tương lai.,S + will + be + V-ing + ...,at this time tomorrow; at 8 PM next Monday; in the future,Điền từ,At midnight we ______ in our beds.,will be sleeping,will sleep,sleep,are sleeping,will be sleeping
Future Continuous,Thì Tương lai tiếp diễn (Future Continuous),Dùng để diễn tả một hành động đang diễn ra tại một thời điểm xác định trong tương lai.,S + will + be + V-ing + ...,at this time tomorrow; at 8 PM next Monday; in the future,Điền từ,He ______ the piano at the concert tomorrow evening.,will be playing,will play,plays,is playing,will be playing
Future Continuous,Thì Tương lai tiếp diễn (Future Continuous),Dùng để diễn tả một hành động đang diễn ra tại một thời điểm xác định trong tương lai.,S + will + be + V-ing + ...,at this time tomorrow; at 8 PM next Monday; in the future,Điền từ,I ______ a bath when you call me later.,will be taking,will take,take,am taking,will be taking
Future Continuous,Thì Tương lai tiếp diễn (Future Continuous),Dùng để diễn tả một hành động đang diễn ra tại một thời điểm xác định trong tương lai.,S + will + be + V-ing + ...,at this time tomorrow; at 8 PM next Monday; in the future,Điền từ,Next Friday at 10 AM I ______ a presentation.,will be giving,will give,give,am giving,will be giving
Future Continuous,Thì Tương lai tiếp diễn (Future Continuous),Dùng để diễn tả một hành động đang diễn ra tại một thời điểm xác định trong tương lai.,S + will + be + V-ing + ...,at this time tomorrow; at 8 PM next Monday; in the future,Điền từ,They ______ the house all day next Sunday.,will be cleaning,will clean,clean,are cleaning,will be cleaning
Future Continuous,Thì Tương lai tiếp diễn (Future Continuous),Dùng để diễn tả một hành động đang diễn ra tại một thời điểm xác định trong tương lai.,S + will + be + V-ing + ...,at this time tomorrow; at 8 PM next Monday; in the future,Điền từ,At 6 PM tomorrow the sun ______ down.,will be going,will go,goes,is going,will be going
Future Continuous,Thì Tương lai tiếp diễn (Future Continuous),Dùng để diễn tả một hành động đang diễn ra tại một thời điểm xác định trong tương lai.,S + will + be + V-ing + ...,at this time tomorrow; at 8 PM next Monday; in the future,Điền từ,We ______ coffee at this time tomorrow.,will be drinking,will drink,drink,are drinking,will be drinking
Future Continuous,Thì Tương lai tiếp diễn (Future Continuous),Dùng để diễn tả một hành động đang diễn ra tại một thời điểm xác định trong tương lai.,S + will + be + V-ing + ...,at this time tomorrow; at 8 PM next Monday; in the future,Điền từ,She ______ her homework at 8 o'clock tonight.,will be doing,will do,does,is doing,will be doing
Future Continuous,Thì Tương lai tiếp diễn (Future Continuous),Dùng để diễn tả một hành động đang diễn ra tại một thời điểm xác định trong tương lai.,S + will + be + V-ing + ...,at this time tomorrow; at 8 PM next Monday; in the future,Điền từ,I ______ to music while I work tomorrow.,will be listening,will listen,listen,am listening,will be listening
Future Continuous,Thì Tương lai tiếp diễn (Future Continuous),Dùng để diễn tả một hành động đang diễn ra tại một thời điểm xác định trong tương lai.,S + will + be + V-ing + ...,at this time tomorrow; at 8 PM next Monday; in the future,Điền từ,The children ______ in the park at 4 PM.,will be running,will run,run,are running,will be running
Future Continuous,Thì Tương lai tiếp diễn (Future Continuous),Dùng để diễn tả một hành động đang diễn ra tại một thời điểm xác định trong tương lai.,S + will + be + V-ing + ...,at this time tomorrow; at 8 PM next Monday; in the future,Điền từ,At this time next week I ______ across the Atlantic.,will be sailing,will sail,sail,am sailing,will be sailing
Future Continuous,Thì Tương lai tiếp diễn (Future Continuous),Dùng để diễn tả một hành động đang diễn ra tại một thời điểm xác định trong tương lai.,S + will + be + V-ing + ...,at this time tomorrow; at 8 PM next Monday; in the future,Điền từ,He ______ English at 9 AM tomorrow.,will be teaching,will teach,teaches,is teaching,will be teaching
Future Continuous,Thì Tương lai tiếp diễn (Future Continuous),Dùng để diễn tả một hành động đang diễn ra tại một thời điểm xác định trong tương lai.,S + will + be + V-ing + ...,at this time tomorrow; at 8 PM next Monday; in the future,Điền từ,They ______ the problem at the meeting tomorrow.,will be discussing,will discuss,discuss,are discussing,will be discussing
Future Continuous,Thì Tương lai tiếp diễn (Future Continuous),Dùng để diễn tả một hành động đang diễn ra tại một thời điểm xác định trong tương lai.,S + will + be + V-ing + ...,at this time tomorrow; at 8 PM next Monday; in the future,Điền từ,At 11 PM tonight I ______ a book.,will be reading,will read,read,am reading,will be reading
Future Continuous,Thì Tương lai tiếp diễn (Future Continuous),Dùng để diễn tả một hành động đang diễn ra tại một thời điểm xác định trong tương lai.,S + will + be + V-ing + ...,at this time tomorrow; at 8 PM next Monday; in the future,Điền từ,We ______ to the radio during the trip tomorrow.,will be listening,will listen,listen,are listening,will be listening
Future Perfect Continuous,Thì Tương lai hoàn thành tiếp diễn (Future Perfect Continuous),Dùng để nhấn mạnh khoảng thời gian của hành động sẽ đang diễn ra và kéo dài liên tục đến một thời điểm trong tương lai.,S + will + have + been + V-ing + ...,by + time; by the time,Điền từ,By next month I ______ here for five years.,will have been living,will live,will be living,live,will have been living
Future Perfect Continuous,Thì Tương lai hoàn thành tiếp diễn (Future Perfect Continuous),Dùng để nhấn mạnh khoảng thời gian của hành động sẽ đang diễn ra và kéo dài liên tục đến một thời điểm trong tương lai.,S + will + have + been + V-ing + ...,by + time; by the time,Điền từ,By 8 PM she ______ for three hours.,will have been studying,will study,will be studying,studies,will have been studying
Future Perfect Continuous,Thì Tương lai hoàn thành tiếp diễn (Future Perfect Continuous),Dùng để nhấn mạnh khoảng thời gian của hành động sẽ đang diễn ra và kéo dài liên tục đến một thời điểm trong tương lai.,S + will + have + been + V-ing + ...,by + time; by the time,Điền từ,By the time you arrive we ______ for a long time.,will have been waiting,will wait,will be waiting,wait,will have been waiting
Future Perfect Continuous,Thì Tương lai hoàn thành tiếp diễn (Future Perfect Continuous),Dùng để nhấn mạnh khoảng thời gian của hành động sẽ đang diễn ra và kéo dài liên tục đến một thời điểm trong tương lai.,S + will + have + been + V-ing + ...,by + time; by the time,Điền từ,By next year they ______ English for ten years.,will have been learning,will learn,learn,are learning,will have been learning
Future Perfect Continuous,Thì Tương lai hoàn thành tiếp diễn (Future Perfect Continuous),Dùng để nhấn mạnh khoảng thời gian của hành động sẽ đang diễn ra và kéo dài liên tục đến một thời điểm trong tương lai.,S + will + have + been + V-ing + ...,by + time; by the time,Điền từ,By tomorrow morning it ______ for 24 hours.,will have been raining,will rain,rains,has rained,will have been raining
Future Perfect Continuous,Thì Tương lai hoàn thành tiếp diễn (Future Perfect Continuous),Dùng để nhấn mạnh khoảng thời gian của hành động sẽ đang diễn ra và kéo dài liên tục đến một thời điểm trong tương lai.,S + will + have + been + V-ing + ...,by + time; by the time,Điền từ,By the end of this year he ______ at this company for a decade.,will have been working,will work,works,is working,will have been working
Future Perfect Continuous,Thì Tương lai hoàn thành tiếp diễn (Future Perfect Continuous),Dùng để nhấn mạnh khoảng thời gian của hành động sẽ đang diễn ra và kéo dài liên tục đến một thời điểm trong tương lai.,S + will + have + been + V-ing + ...,by + time; by the time,Điền từ,By the time the train arrives I ______ here for two hours.,will have been standing,will stand,stand,am standing,will have been standing
Future Perfect Continuous,Thì Tương lai hoàn thành tiếp diễn (Future Perfect Continuous),Dùng để nhấn mạnh khoảng thời gian của hành động sẽ đang diễn ra và kéo dài liên tục đến một thời điểm trong tương lai.,S + will + have + been + V-ing + ...,by + time; by the time,Điền từ,By next summer we ______ the house for six months.,will have been building,will build,build,are building,will have been building
Future Perfect Continuous,Thì Tương lai hoàn thành tiếp diễn (Future Perfect Continuous),Dùng để nhấn mạnh khoảng thời gian của hành động sẽ đang diễn ra và kéo dài liên tục đến một thời điểm trong tương lai.,S + will + have + been + V-ing + ...,by + time; by the time,Điền từ,By 5 o'clock the kids ______ video games for four hours.,will have been playing,will play,play,are playing,will have been playing
Future Perfect Continuous,Thì Tương lai hoàn thành tiếp diễn (Future Perfect Continuous),Dùng để nhấn mạnh khoảng thời gian của hành động sẽ đang diễn ra và kéo dài liên tục đến một thời điểm trong tương lai.,S + will + have + been + V-ing + ...,by + time; by the time,Điền từ,By the time he retires he ______ as a teacher for 30 years.,will have been teaching,will teach,teaches,is teaching,will have been teaching
Future Perfect Continuous,Thì Tương lai hoàn thành tiếp diễn (Future Perfect Continuous),Dùng để nhấn mạnh khoảng thời gian của hành động sẽ đang diễn ra và kéo dài liên tục đến một thời điểm trong tương lai.,S + will + have + been + V-ing + ...,by + time; by the time,Điền từ,By midnight she ______ on the project for twelve hours.,will have been working,will work,works,is working,will have been working
Future Perfect Continuous,Thì Tương lai hoàn thành tiếp diễn (Future Perfect Continuous),Dùng để nhấn mạnh khoảng thời gian của hành động sẽ đang diễn ra và kéo dài liên tục đến một thời điểm trong tương lai.,S + will + have + been + V-ing + ...,by + time; by the time,Điền từ,By next week I ______ this car for exactly one year.,will have been driving,will drive,drive,am driving,will have been driving
Future Perfect Continuous,Thì Tương lai hoàn thành tiếp diễn (Future Perfect Continuous),Dùng để nhấn mạnh khoảng thời gian của hành động sẽ đang diễn ra và kéo dài liên tục đến một thời điểm trong tương lai.,S + will + have + been + V-ing + ...,by + time; by the time,Điền từ,By the time the movie ends we ______ TV for three hours.,will have been watching,will watch,watch,are watching,will have been watching
Future Perfect Continuous,Thì Tương lai hoàn thành tiếp diễn (Future Perfect Continuous),Dùng để nhấn mạnh khoảng thời gian của hành động sẽ đang diễn ra và kéo dài liên tục đến một thời điểm trong tương lai.,S + will + have + been + V-ing + ...,by + time; by the time,Điền từ,By tomorrow evening they ______ for over ten hours.,will have been traveling,will travel,travel,are traveling,will have been traveling
Future Perfect Continuous,Thì Tương lai hoàn thành tiếp diễn (Future Perfect Continuous),Dùng để nhấn mạnh khoảng thời gian của hành động sẽ đang diễn ra và kéo dài liên tục đến một thời điểm trong tương lai.,S + will + have + been + V-ing + ...,by + time; by the time,Điền từ,By the end of the month she ______ for the marathon for a year.,will have been training,will train,trains,is training,will have been training
Future Perfect Continuous,Thì Tương lai hoàn thành tiếp diễn (Future Perfect Continuous),Dùng để nhấn mạnh khoảng thời gian của hành động sẽ đang diễn ra và kéo dài liên tục đến một thời điểm trong tương lai.,S + will + have + been + V-ing + ...,by + time; by the time,Điền từ,By 2025 scientists ______ this disease for twenty years.,will have been researching,will research,research,are researching,will have been researching
Future Perfect Continuous,Thì Tương lai hoàn thành tiếp diễn (Future Perfect Continuous),Dùng để nhấn mạnh khoảng thời gian của hành động sẽ đang diễn ra và kéo dài liên tục đến một thời điểm trong tương lai.,S + will + have + been + V-ing + ...,by + time; by the time,Điền từ,By the time dinner is ready my mother ______ for two hours.,will have been cooking,will cook,cooks,is cooking,will have been cooking
Future Perfect Continuous,Thì Tương lai hoàn thành tiếp diễn (Future Perfect Continuous),Dùng để nhấn mạnh khoảng thời gian của hành động sẽ đang diễn ra và kéo dài liên tục đến một thời điểm trong tương lai.,S + will + have + been + V-ing + ...,by + time; by the time,Điền từ,By next Monday I ______ in this hotel for a week.,will have been staying,will stay,stay,am staying,will have been staying
Future Perfect Continuous,Thì Tương lai hoàn thành tiếp diễn (Future Perfect Continuous),Dùng để nhấn mạnh khoảng thời gian của hành động sẽ đang diễn ra và kéo dài liên tục đến một thời điểm trong tương lai.,S + will + have + been + V-ing + ...,by + time; by the time,Điền từ,By the time she wakes up the baby ______ for four hours.,will have been sleeping,will sleep,sleeps,is sleeping,will have been sleeping
Future Perfect Continuous,Thì Tương lai hoàn thành tiếp diễn (Future Perfect Continuous),Dùng để nhấn mạnh khoảng thời gian của hành động sẽ đang diễn ra và kéo dài liên tục đến một thời điểm trong tương lai.,S + will + have + been + V-ing + ...,by + time; by the time,Điền từ,By the end of the day we ______ for eight hours straight.,will have been driving,will drive,drive,are driving,will have been driving
Future Perfect Continuous,Thì Tương lai hoàn thành tiếp diễn (Future Perfect Continuous),Dùng để nhấn mạnh khoảng thời gian của hành động sẽ đang diễn ra và kéo dài liên tục đến một thời điểm trong tương lai.,S + will + have + been + V-ing + ...,by + time; by the time,Điền từ,By 10 AM I ______ on the computer for three hours.,will have been typing,will type,type,am typing,will have been typing
Future Perfect Continuous,Thì Tương lai hoàn thành tiếp diễn (Future Perfect Continuous),Dùng để nhấn mạnh khoảng thời gian của hành động sẽ đang diễn ra và kéo dài liên tục đến một thời điểm trong tương lai.,S + will + have + been + V-ing + ...,by + time; by the time,Điền từ,By next winter he ______ in Canada for five years.,will have been living,will live,lives,is living,will have been living
Future Perfect Continuous,Thì Tương lai hoàn thành tiếp diễn (Future Perfect Continuous),Dùng để nhấn mạnh khoảng thời gian của hành động sẽ đang diễn ra và kéo dài liên tục đến một thời điểm trong tương lai.,S + will + have + been + V-ing + ...,by + time; by the time,Điền từ,By the time the guests arrive we ______ the house for hours.,will have been cleaning,will clean,clean,are cleaning,will have been cleaning
Future Perfect Continuous,Thì Tương lai hoàn thành tiếp diễn (Future Perfect Continuous),Dùng để nhấn mạnh khoảng thời gian của hành động sẽ đang diễn ra và kéo dài liên tục đến một thời điểm trong tương lai.,S + will + have + been + V-ing + ...,by + time; by the time,Điền từ,By the end of the week they ______ about the problem for days.,will have been arguing,will argue,argue,are arguing,will have been arguing
Future Perfect Continuous,Thì Tương lai hoàn thành tiếp diễn (Future Perfect Continuous),Dùng để nhấn mạnh khoảng thời gian của hành động sẽ đang diễn ra và kéo dài liên tục đến một thời điểm trong tương lai.,S + will + have + been + V-ing + ...,by + time; by the time,Điền từ,By the time you read this I ______ over the Pacific.,will have been flying,will fly,fly,am flying,will have been flying
Future Perfect Continuous,Thì Tương lai hoàn thành tiếp diễn (Future Perfect Continuous),Dùng để nhấn mạnh khoảng thời gian của hành động sẽ đang diễn ra và kéo dài liên tục đến một thời điểm trong tương lai.,S + will + have + been + V-ing + ...,by + time; by the time,Điền từ,By next Friday she ______ the piano for exactly two years.,will have been practicing,will practice,practices,is practicing,will have been practicing
Future Perfect Continuous,Thì Tương lai hoàn thành tiếp diễn (Future Perfect Continuous),Dùng để nhấn mạnh khoảng thời gian của hành động sẽ đang diễn ra và kéo dài liên tục đến một thời điểm trong tương lai.,S + will + have + been + V-ing + ...,by + time; by the time,Điền từ,By the time the match finishes they ______ for 90 minutes.,will have been running,will run,run,are running,will have been running
Future Perfect Continuous,Thì Tương lai hoàn thành tiếp diễn (Future Perfect Continuous),Dùng để nhấn mạnh khoảng thời gian của hành động sẽ đang diễn ra và kéo dài liên tục đến một thời điểm trong tương lai.,S + will + have + been + V-ing + ...,by + time; by the time,Điền từ,By the end of the semester I ______ French for six months.,will have been studying,will study,study,am studying,will have been studying
Future Perfect Continuous,Thì Tương lai hoàn thành tiếp diễn (Future Perfect Continuous),Dùng để nhấn mạnh khoảng thời gian của hành động sẽ đang diễn ra và kéo dài liên tục đến một thời điểm trong tương lai.,S + will + have + been + V-ing + ...,by + time; by the time,Điền từ,By tomorrow he ______ for his lost dog for three days.,will have been searching,will search,searches,is searching,will have been searching
Future Perfect Continuous,Thì Tương lai hoàn thành tiếp diễn (Future Perfect Continuous),Dùng để nhấn mạnh khoảng thời gian của hành động sẽ đang diễn ra và kéo dài liên tục đến một thời điểm trong tương lai.,S + will + have + been + V-ing + ...,by + time; by the time,Điền từ,By the time the boss comes back we ______ on the report for hours.,will have been focusing,will focus,focus,are focusing,will have been focusing
Future Perfect,Thì Tương lai hoàn thành (Future Perfect),Dùng để diễn tả một hành động sẽ hoàn thành trước một thời điểm hoặc một hành động khác trong tương lai.,S + will + have + V3/ed + ...,by + time; by the time; before,Điền từ,By next week I ______ this book.,will have finished,will finish,finish,finished,will have finished
Future Perfect,Thì Tương lai hoàn thành (Future Perfect),Dùng để diễn tả một hành động sẽ hoàn thành trước một thời điểm hoặc một hành động khác trong tương lai.,S + will + have + V3/ed + ...,by + time; by the time; before,Điền từ,By the time you arrive she ______ dinner.,will have cooked,will cook,cooks,is cooking,will have cooked
Future Perfect,Thì Tương lai hoàn thành (Future Perfect),Dùng để diễn tả một hành động sẽ hoàn thành trước một thời điểm hoặc một hành động khác trong tương lai.,S + will + have + V3/ed + ...,by + time; by the time; before,Điền từ,They ______ the project by Friday.,will have completed,completed,will complete,complete,will have completed
Future Perfect,Thì Tương lai hoàn thành (Future Perfect),Dùng để diễn tả một hành động sẽ hoàn thành trước một thời điểm hoặc một hành động khác trong tương lai.,S + will + have + V3/ed + ...,by + time; by the time; before,Điền từ,By 2030 scientists ______ a cure.,will have discovered,will discover,discover,discovered,will have discovered
Future Perfect,Thì Tương lai hoàn thành (Future Perfect),Dùng để diễn tả một hành động sẽ hoàn thành trước một thời điểm hoặc một hành động khác trong tương lai.,S + will + have + V3/ed + ...,by + time; by the time; before,Điền từ,I ______ my homework before my mom comes home.,will have done,will do,do,did,will have done
Future Perfect,Thì Tương lai hoàn thành (Future Perfect),Dùng để diễn tả một hành động sẽ hoàn thành trước một thời điểm hoặc một hành động khác trong tương lai.,S + will + have + V3/ed + ...,by + time; by the time; before,Điền từ,By next month we ______ the new house.,will have built,build,built,will build,will have built
Future Perfect,Thì Tương lai hoàn thành (Future Perfect),Dùng để diễn tả một hành động sẽ hoàn thành trước một thời điểm hoặc một hành động khác trong tương lai.,S + will + have + V3/ed + ...,by + time; by the time; before,Điền từ,He ______ all the money by the end of the month.,will have spent,spend,spends,will spend,will have spent
Future Perfect,Thì Tương lai hoàn thành (Future Perfect),Dùng để diễn tả một hành động sẽ hoàn thành trước một thời điểm hoặc một hành động khác trong tương lai.,S + will + have + V3/ed + ...,by + time; by the time; before,Điền từ,By the time the meeting starts the manager ______.,will have arrived,will arrive,arrives,arrived,will have arrived
Future Perfect,Thì Tương lai hoàn thành (Future Perfect),Dùng để diễn tả một hành động sẽ hoàn thành trước một thời điểm hoặc một hành động khác trong tương lai.,S + will + have + V3/ed + ...,by + time; by the time; before,Điền từ,The rain ______ by tomorrow morning.,will have stopped,will stop,stops,stopped,will have stopped
Future Perfect,Thì Tương lai hoàn thành (Future Perfect),Dùng để diễn tả một hành động sẽ hoàn thành trước một thời điểm hoặc một hành động khác trong tương lai.,S + will + have + V3/ed + ...,by + time; by the time; before,Điền từ,By 9 PM the kids ______ to bed.,will have gone,will go,go,went,will have gone
Future Perfect,Thì Tương lai hoàn thành (Future Perfect),Dùng để diễn tả một hành động sẽ hoàn thành trước một thời điểm hoặc một hành động khác trong tương lai.,S + will + have + V3/ed + ...,by + time; by the time; before,Điền từ,She ______ the report by the deadline.,will have submitted,will submit,submits,submitted,will have submitted
Future Perfect,Thì Tương lai hoàn thành (Future Perfect),Dùng để diễn tả một hành động sẽ hoàn thành trước một thời điểm hoặc một hành động khác trong tương lai.,S + will + have + V3/ed + ...,by + time; by the time; before,Điền từ,By the end of this year I ______ my English course.,will have completed,will complete,completes,completed,will have completed
Future Perfect,Thì Tương lai hoàn thành (Future Perfect),Dùng để diễn tả một hành động sẽ hoàn thành trước một thời điểm hoặc một hành động khác trong tương lai.,S + will + have + V3/ed + ...,by + time; by the time; before,Điền từ,Before you wake up I ______ the house.,will have cleaned,will clean,clean,cleaned,will have cleaned
Future Perfect,Thì Tương lai hoàn thành (Future Perfect),Dùng để diễn tả một hành động sẽ hoàn thành trước một thời điểm hoặc một hành động khác trong tương lai.,S + will + have + V3/ed + ...,by + time; by the time; before,Điền từ,They ______ the bridge by next summer.,will have constructed,will construct,construct,constructed,will have constructed
Future Perfect,Thì Tương lai hoàn thành (Future Perfect),Dùng để diễn tả một hành động sẽ hoàn thành trước một thời điểm hoặc một hành động khác trong tương lai.,S + will + have + V3/ed + ...,by + time; by the time; before,Điền từ,By the time we get to the cinema the movie ______.,will have started,will start,starts,started,will have started
Future Perfect,Thì Tương lai hoàn thành (Future Perfect),Dùng để diễn tả một hành động sẽ hoàn thành trước một thời điểm hoặc một hành động khác trong tương lai.,S + will + have + V3/ed + ...,by + time; by the time; before,Điền từ,I ______ to Paris by the time I am 30.,will have traveled,will travel,travel,traveled,will have traveled
Future Perfect,Thì Tương lai hoàn thành (Future Perfect),Dùng để diễn tả một hành động sẽ hoàn thành trước một thời điểm hoặc một hành động khác trong tương lai.,S + will + have + V3/ed + ...,by + time; by the time; before,Điền từ,She ______ 50 pages by the end of the day.,will have read,will read,reads,read,will have read
Future Perfect,Thì Tương lai hoàn thành (Future Perfect),Dùng để diễn tả một hành động sẽ hoàn thành trước một thời điểm hoặc một hành động khác trong tương lai.,S + will + have + V3/ed + ...,by + time; by the time; before,Điền từ,By next year he ______ from university.,will have graduated,will graduate,graduates,graduated,will have graduated
Future Perfect,Thì Tương lai hoàn thành (Future Perfect),Dùng để diễn tả một hành động sẽ hoàn thành trước một thời điểm hoặc một hành động khác trong tương lai.,S + will + have + V3/ed + ...,by + time; by the time; before,Điền từ,The workers ______ repairing the road by tomorrow.,will have finished,will finish,finish,finished,will have finished
Future Perfect,Thì Tương lai hoàn thành (Future Perfect),Dùng để diễn tả một hành động sẽ hoàn thành trước một thời điểm hoặc một hành động khác trong tương lai.,S + will + have + V3/ed + ...,by + time; by the time; before,Điền từ,By the time you read this I ______ the country.,will have left,will leave,leave,left,will have left
Future Perfect,Thì Tương lai hoàn thành (Future Perfect),Dùng để diễn tả một hành động sẽ hoàn thành trước một thời điểm hoặc một hành động khác trong tương lai.,S + will + have + V3/ed + ...,by + time; by the time; before,Điền từ,We ______ all the food before the guests arrive.,will have prepared,will prepare,prepare,prepared,will have prepared
Future Perfect,Thì Tương lai hoàn thành (Future Perfect),Dùng để diễn tả một hành động sẽ hoàn thành trước một thời điểm hoặc một hành động khác trong tương lai.,S + will + have + V3/ed + ...,by + time; by the time; before,Điền từ,By 5 o'clock he ______ his car.,will have repaired,will repair,repairs,repaired,will have repaired
Future Perfect,Thì Tương lai hoàn thành (Future Perfect),Dùng để diễn tả một hành động sẽ hoàn thành trước một thời điểm hoặc một hành động khác trong tương lai.,S + will + have + V3/ed + ...,by + time; by the time; before,Điền từ,I ______ this puzzle by the time you come back.,will have solved,will solve,solve,solved,will have solved
Future Perfect,Thì Tương lai hoàn thành (Future Perfect),Dùng để diễn tả một hành động sẽ hoàn thành trước một thời điểm hoặc một hành động khác trong tương lai.,S + will + have + V3/ed + ...,by + time; by the time; before,Điền từ,By the end of the week she ______ all her exams.,will have taken,will take,takes,took,will have taken
Future Perfect,Thì Tương lai hoàn thành (Future Perfect),Dùng để diễn tả một hành động sẽ hoàn thành trước một thời điểm hoặc một hành động khác trong tương lai.,S + will + have + V3/ed + ...,by + time; by the time; before,Điền từ,They ______ the new software by next Monday.,will have launched,will launch,launch,launched,will have launched
Future Perfect,Thì Tương lai hoàn thành (Future Perfect),Dùng để diễn tả một hành động sẽ hoàn thành trước một thời điểm hoặc một hành động khác trong tương lai.,S + will + have + V3/ed + ...,by + time; by the time; before,Điền từ,By the time you call I ______ my lunch.,will have eaten,will eat,eat,ate,will have eaten
Future Perfect,Thì Tương lai hoàn thành (Future Perfect),Dùng để diễn tả một hành động sẽ hoàn thành trước một thời điểm hoặc một hành động khác trong tương lai.,S + will + have + V3/ed + ...,by + time; by the time; before,Điền từ,She ______ a lot of experience by the end of the internship.,will have gained,will gain,gains,gained,will have gained
Future Perfect,Thì Tương lai hoàn thành (Future Perfect),Dùng để diễn tả một hành động sẽ hoàn thành trước một thời điểm hoặc một hành động khác trong tương lai.,S + will + have + V3/ed + ...,by + time; by the time; before,Điền từ,By 2025 the company ______ its production.,will have doubled,will double,doubles,doubled,will have doubled
Future Perfect,Thì Tương lai hoàn thành (Future Perfect),Dùng để diễn tả một hành động sẽ hoàn thành trước một thời điểm hoặc một hành động khác trong tương lai.,S + will + have + V3/ed + ...,by + time; by the time; before,Điền từ,He ______ his first novel by next December.,will have written,will write,writes,wrote,will have written
Future Perfect,Thì Tương lai hoàn thành (Future Perfect),Dùng để diễn tả một hành động sẽ hoàn thành trước một thời điểm hoặc một hành động khác trong tương lai.,S + will + have + V3/ed + ...,by + time; by the time; before,Điền từ,Before the flight departs we ______ our bags.,will have packed,will pack,pack,packed,will have packed
Past Simple,Thì Quá khứ đơn (Past Simple),Dùng để diễn tả hành động đã xảy ra và chấm dứt hoàn toàn trong quá khứ.,S + V2/ed + ...,yesterday; last week; ago; in 2010,Điền từ,I ______ to the cinema yesterday.,go,goes,went,am going,went
Past Simple,Thì Quá khứ đơn (Past Simple),Dùng để diễn tả hành động đã xảy ra và chấm dứt hoàn toàn trong quá khứ.,S + V2/ed + ...,yesterday; last week; ago; in 2010,Điền từ,She ______ a new car last week.,buy,bought,buys,is buying,bought
Past Simple,Thì Quá khứ đơn (Past Simple),Dùng để diễn tả hành động đã xảy ra và chấm dứt hoàn toàn trong quá khứ.,S + V2/ed + ...,yesterday; last week; ago; in 2010,Điền từ,They ______ football yesterday afternoon.,play,played,plays,are playing,played
Past Simple,Thì Quá khứ đơn (Past Simple),Dùng để diễn tả hành động đã xảy ra và chấm dứt hoàn toàn trong quá khứ.,S + V2/ed + ...,yesterday; last week; ago; in 2010,Điền từ,We ______ a great movie last night.,see,saw,sees,seeing,saw
Past Simple,Thì Quá khứ đơn (Past Simple),Dùng để diễn tả hành động đã xảy ra và chấm dứt hoàn toàn trong quá khứ.,S + V2/ed + ...,yesterday; last week; ago; in 2010,Điền từ,He ______ to the party last Saturday.,does not come,did not come,not came,is not coming,did not come
Past Simple,Thì Quá khứ đơn (Past Simple),Dùng để diễn tả hành động đã xảy ra và chấm dứt hoàn toàn trong quá khứ.,S + V2/ed + ...,yesterday; last week; ago; in 2010,Điền từ,______ you visit your grandparents last summer?,Do,Are,Did,Were,Did
Past Simple,Thì Quá khứ đơn (Past Simple),Dùng để diễn tả hành động đã xảy ra và chấm dứt hoàn toàn trong quá khứ.,S + V2/ed + ...,yesterday; last week; ago; in 2010,Điền từ,My mother ______ a delicious dinner last night.,cook,cooked,cooks,cooking,cooked
Past Simple,Thì Quá khứ đơn (Past Simple),Dùng để diễn tả hành động đã xảy ra và chấm dứt hoàn toàn trong quá khứ.,S + V2/ed + ...,yesterday; last week; ago; in 2010,Điền từ,I ______ that book a long time ago.,read,reads,reading,am reading,read
Past Simple,Thì Quá khứ đơn (Past Simple),Dùng để diễn tả hành động đã xảy ra và chấm dứt hoàn toàn trong quá khứ.,S + V2/ed + ...,yesterday; last week; ago; in 2010,Điền từ,The students ______ an exam yesterday.,take,takes,took,taking,took
Past Simple,Thì Quá khứ đơn (Past Simple),Dùng để diễn tả hành động đã xảy ra và chấm dứt hoàn toàn trong quá khứ.,S + V2/ed + ...,yesterday; last week; ago; in 2010,Điền từ,He ______ the house at 7 AM this morning.,leave,left,leaves,leaving,left
Past Simple,Thì Quá khứ đơn (Past Simple),Dùng để diễn tả hành động đã xảy ra và chấm dứt hoàn toàn trong quá khứ.,S + V2/ed + ...,yesterday; last week; ago; in 2010,Điền từ,She ______ a letter to her friend yesterday.,write,wrote,writes,writing,wrote
Past Simple,Thì Quá khứ đơn (Past Simple),Dùng để diễn tả hành động đã xảy ra và chấm dứt hoàn toàn trong quá khứ.,S + V2/ed + ...,yesterday; last week; ago; in 2010,Điền từ,We ______ a lot of fun at the beach last weekend.,have,had,has,having,had
Past Simple,Thì Quá khứ đơn (Past Simple),Dùng để diễn tả hành động đã xảy ra và chấm dứt hoàn toàn trong quá khứ.,S + V2/ed + ...,yesterday; last week; ago; in 2010,Điền từ,The train ______ late yesterday.,arrive,arrives,arrived,arriving,arrived
Past Simple,Thì Quá khứ đơn (Past Simple),Dùng để diễn tả hành động đã xảy ra và chấm dứt hoàn toàn trong quá khứ.,S + V2/ed + ...,yesterday; last week; ago; in 2010,Điền từ,I ______ my keys last night.,lose,loses,lost,losing,lost
Past Simple,Thì Quá khứ đơn (Past Simple),Dùng để diễn tả hành động đã xảy ra và chấm dứt hoàn toàn trong quá khứ.,S + V2/ed + ...,yesterday; last week; ago; in 2010,Điền từ,They ______ a wallet on the street yesterday.,find,found,finds,finding,found
Past Simple,Thì Quá khứ đơn (Past Simple),Dùng để diễn tả hành động đã xảy ra và chấm dứt hoàn toàn trong quá khứ.,S + V2/ed + ...,yesterday; last week; ago; in 2010,Điền từ,My brother ______ his leg last winter.,break,broke,breaks,breaking,broke
Past Simple,Thì Quá khứ đơn (Past Simple),Dùng để diễn tả hành động đã xảy ra và chấm dứt hoàn toàn trong quá khứ.,S + V2/ed + ...,yesterday; last week; ago; in 2010,Điền từ,We ______ pizza for dinner last night.,eat,ate,eats,eating,ate
Past Simple,Thì Quá khứ đơn (Past Simple),Dùng để diễn tả hành động đã xảy ra và chấm dứt hoàn toàn trong quá khứ.,S + V2/ed + ...,yesterday; last week; ago; in 2010,Điền từ,She ______ two cups of coffee yesterday.,drink,drank,drinks,drinking,drank
Past Simple,Thì Quá khứ đơn (Past Simple),Dùng để diễn tả hành động đã xảy ra và chấm dứt hoàn toàn trong quá khứ.,S + V2/ed + ...,yesterday; last week; ago; in 2010,Điền từ,The dog ______ loudly last night.,bark,barked,barks,barking,barked
Past Simple,Thì Quá khứ đơn (Past Simple),Dùng để diễn tả hành động đã xảy ra và chấm dứt hoàn toàn trong quá khứ.,S + V2/ed + ...,yesterday; last week; ago; in 2010,Điền từ,I ______ very well last night.,sleep,slept,sleeps,sleeping,slept
Past Simple,Thì Quá khứ đơn (Past Simple),Dùng để diễn tả hành động đã xảy ra và chấm dứt hoàn toàn trong quá khứ.,S + V2/ed + ...,yesterday; last week; ago; in 2010,Điền từ,He ______ English in Japan for two years.,teach,taught,teaches,teaching,taught
Past Simple,Thì Quá khứ đơn (Past Simple),Dùng để diễn tả hành động đã xảy ra và chấm dứt hoàn toàn trong quá khứ.,S + V2/ed + ...,yesterday; last week; ago; in 2010,Điền từ,They ______ a new house last year.,build,built,builds,building,built
Past Simple,Thì Quá khứ đơn (Past Simple),Dùng để diễn tả hành động đã xảy ra và chấm dứt hoàn toàn trong quá khứ.,S + V2/ed + ...,yesterday; last week; ago; in 2010,Điền từ,I ______ him at the park yesterday.,meet,met,meets,meeting,met
Past Simple,Thì Quá khứ đơn (Past Simple),Dùng để diễn tả hành động đã xảy ra và chấm dứt hoàn toàn trong quá khứ.,S + V2/ed + ...,yesterday; last week; ago; in 2010,Điền từ,She ______ a beautiful dress to the party.,wear,wore,wears,wearing,wore
Past Simple,Thì Quá khứ đơn (Past Simple),Dùng để diễn tả hành động đã xảy ra và chấm dứt hoàn toàn trong quá khứ.,S + V2/ed + ...,yesterday; last week; ago; in 2010,Điền từ,We ______ in the river last Sunday.,swim,swam,swims,swimming,swam
Past Simple,Thì Quá khứ đơn (Past Simple),Dùng để diễn tả hành động đã xảy ra và chấm dứt hoàn toàn trong quá khứ.,S + V2/ed + ...,yesterday; last week; ago; in 2010,Điền từ,The bird ______ away when I approached.,fly,flew,flies,flying,flew
Past Simple,Thì Quá khứ đơn (Past Simple),Dùng để diễn tả hành động đã xảy ra và chấm dứt hoàn toàn trong quá khứ.,S + V2/ed + ...,yesterday; last week; ago; in 2010,Điền từ,I ______ to bring my umbrella yesterday.,forget,forgot,forgets,forgetting,forgot
Past Simple,Thì Quá khứ đơn (Past Simple),Dùng để diễn tả hành động đã xảy ra và chấm dứt hoàn toàn trong quá khứ.,S + V2/ed + ...,yesterday; last week; ago; in 2010,Điền từ,He ______ me a nice present for my birthday.,give,gave,gives,giving,gave
Past Simple,Thì Quá khứ đơn (Past Simple),Dùng để diễn tả hành động đã xảy ra và chấm dứt hoàn toàn trong quá khứ.,S + V2/ed + ...,yesterday; last week; ago; in 2010,Điền từ,They ______ to catch the bus this morning.,run,ran,runs,running,ran
Past Simple,Thì Quá khứ đơn (Past Simple),Dùng để diễn tả hành động đã xảy ra và chấm dứt hoàn toàn trong quá khứ.,S + V2/ed + ...,yesterday; last week; ago; in 2010,Điền từ,She ______ beautifully at the concert last night.,sing,sang,sings,singing,sang
Past Continuous,Thì Quá khứ tiếp diễn (Past Continuous),Dùng để diễn tả hành động đang diễn ra tại một thời điểm xác định trong quá khứ hoặc một hành động đang xảy ra thì có hành động khác xen vào.,S + was/were + V-ing + ...,at 8 PM yesterday; at that time; while; when,Điền từ,I ______ TV at 8 PM yesterday.,was watching,were watching,watched,watch,was watching
Past Continuous,Thì Quá khứ tiếp diễn (Past Continuous),Dùng để diễn tả hành động đang diễn ra tại một thời điểm xác định trong quá khứ hoặc một hành động đang xảy ra thì có hành động khác xen vào.,S + was/were + V-ing + ...,at 8 PM yesterday; at that time; while; when,Điền từ,She ______ when the phone rang.,was sleeping,sleeps,slept,is sleeping,was sleeping
Past Continuous,Thì Quá khứ tiếp diễn (Past Continuous),Dùng để diễn tả hành động đang diễn ra tại một thời điểm xác định trong quá khứ hoặc một hành động đang xảy ra thì có hành động khác xen vào.,S + was/were + V-ing + ...,at 8 PM yesterday; at that time; while; when,Điền từ,They ______ football at 4 PM last Sunday.,were playing,was playing,played,play,were playing
Past Continuous,Thì Quá khứ tiếp diễn (Past Continuous),Dùng để diễn tả hành động đang diễn ra tại một thời điểm xác định trong quá khứ hoặc một hành động đang xảy ra thì có hành động khác xen vào.,S + was/were + V-ing + ...,at 8 PM yesterday; at that time; while; when,Điền từ,While I , my brother was playing games.,was studying,studied,am studying,study,was studying
Past Continuous,Thì Quá khứ tiếp diễn (Past Continuous),Dùng để diễn tả hành động đang diễn ra tại một thời điểm xác định trong quá khứ hoặc một hành động đang xảy ra thì có hành động khác xen vào.,S + was/were + V-ing + ...,at 8 PM yesterday; at that time; while; when,Điền từ,He ______ dinner when I arrived.,was having,were having,had,has,was having
Past Continuous,Thì Quá khứ tiếp diễn (Past Continuous),Dùng để diễn tả hành động đang diễn ra tại một thời điểm xác định trong quá khứ hoặc một hành động đang xảy ra thì có hành động khác xen vào.,S + was/were + V-ing + ...,at 8 PM yesterday; at that time; while; when,Điền từ,We ______ to music at that time.,were listening,was listening,listened,listen,were listening
Past Continuous,Thì Quá khứ tiếp diễn (Past Continuous),Dùng để diễn tả hành động đang diễn ra tại một thời điểm xác định trong quá khứ hoặc một hành động đang xảy ra thì có hành động khác xen vào.,S + was/were + V-ing + ...,at 8 PM yesterday; at that time; while; when,Điền từ,What ______ you doing at 9 PM last night?,were,was,did,do,were
Past Continuous,Thì Quá khứ tiếp diễn (Past Continuous),Dùng để diễn tả hành động đang diễn ra tại một thời điểm xác định trong quá khứ hoặc một hành động đang xảy ra thì có hành động khác xen vào.,S + was/were + V-ing + ...,at 8 PM yesterday; at that time; while; when,Điền từ,The sun ______ when we went out.,was shining,is shining,shone,shines,was shining
Past Continuous,Thì Quá khứ tiếp diễn (Past Continuous),Dùng để diễn tả hành động đang diễn ra tại một thời điểm xác định trong quá khứ hoặc một hành động đang xảy ra thì có hành động khác xen vào.,S + was/were + V-ing + ...,at 8 PM yesterday; at that time; while; when,Điền từ,I ______ a book when she came in.,was reading,read,am reading,reads,was reading
Past Continuous,Thì Quá khứ tiếp diễn (Past Continuous),Dùng để diễn tả hành động đang diễn ra tại một thời điểm xác định trong quá khứ hoặc một hành động đang xảy ra thì có hành động khác xen vào.,S + was/were + V-ing + ...,at 8 PM yesterday; at that time; while; when,Điền từ,They ______ about the new project when the boss entered.,were talking,was talking,talked,talk,were talking
Past Continuous,Thì Quá khứ tiếp diễn (Past Continuous),Dùng để diễn tả hành động đang diễn ra tại một thời điểm xác định trong quá khứ hoặc một hành động đang xảy ra thì có hành động khác xen vào.,S + was/were + V-ing + ...,at 8 PM yesterday; at that time; while; when,Điền từ,It ______ heavily when I woke up.,was raining,is raining,rained,rains,was raining
Past Continuous,Thì Quá khứ tiếp diễn (Past Continuous),Dùng để diễn tả hành động đang diễn ra tại một thời điểm xác định trong quá khứ hoặc một hành động đang xảy ra thì có hành động khác xen vào.,S + was/were + V-ing + ...,at 8 PM yesterday; at that time; while; when,Điền từ,While we ______ in the park, it started to rain.,were walking,was walking,walked,walk,were walking
Past Continuous,Thì Quá khứ tiếp diễn (Past Continuous),Dùng để diễn tả hành động đang diễn ra tại một thời điểm xác định trong quá khứ hoặc một hành động đang xảy ra thì có hành động khác xen vào.,S + was/were + V-ing + ...,at 8 PM yesterday; at that time; while; when,Điền từ,She ______ English at 7 AM yesterday.,was learning,were learning,learned,learns,was learning
Past Continuous,Thì Quá khứ tiếp diễn (Past Continuous),Dùng để diễn tả hành động đang diễn ra tại một thời điểm xác định trong quá khứ hoặc một hành động đang xảy ra thì có hành động khác xen vào.,S + was/were + V-ing + ...,at 8 PM yesterday; at that time; while; when,Điền từ,My mother ______ dinner while my father was reading the newspaper.,was cooking,cooked,is cooking,cooks,was cooking
Past Continuous,Thì Quá khứ tiếp diễn (Past Continuous),Dùng để diễn tả hành động đang diễn ra tại một thời điểm xác định trong quá khứ hoặc một hành động đang xảy ra thì có hành động khác xen vào.,S + was/were + V-ing + ...,at 8 PM yesterday; at that time; while; when,Điền từ, he working at 10 PM last night?,Was,Were,Did,Do,Was
Past Continuous,Thì Quá khứ tiếp diễn (Past Continuous),Dùng để diễn tả hành động đang diễn ra tại một thời điểm xác định trong quá khứ hoặc một hành động đang xảy ra thì có hành động khác xen vào.,S + was/were + V-ing + ...,at 8 PM yesterday; at that time; while; when,Điền từ,The kids ______ in the garden when it started to snow.,were playing,was playing,played,play,were playing
Past Continuous,Thì Quá khứ tiếp diễn (Past Continuous),Dùng để diễn tả hành động đang diễn ra tại một thời điểm xác định trong quá khứ hoặc một hành động đang xảy ra thì có hành động khác xen vào.,S + was/were + V-ing + ...,at 8 PM yesterday; at that time; while; when,Điền từ,I ______ for the bus when I saw the accident.,was waiting,waited,am waiting,wait,was waiting
Past Continuous,Thì Quá khứ tiếp diễn (Past Continuous),Dùng để diễn tả hành động đang diễn ra tại một thời điểm xác định trong quá khứ hoặc một hành động đang xảy ra thì có hành động khác xen vào.,S + was/were + V-ing + ...,at 8 PM yesterday; at that time; while; when,Điền từ,She ______ a shower when the lights went out.,was taking,took,is taking,takes,was taking
Past Continuous,Thì Quá khứ tiếp diễn (Past Continuous),Dùng để diễn tả hành động đang diễn ra tại một thời điểm xác định trong quá khứ hoặc một hành động đang xảy ra thì có hành động khác xen vào.,S + was/were + V-ing + ...,at 8 PM yesterday; at that time; while; when,Điền từ,They ______ dinner when someone knocked on the door.,were having,had,are having,have,were having
Past Continuous,Thì Quá khứ tiếp diễn (Past Continuous),Dùng để diễn tả hành động đang diễn ra tại một thời điểm xác định trong quá khứ hoặc một hành động đang xảy ra thì có hành động khác xen vào.,S + was/were + V-ing + ...,at 8 PM yesterday; at that time; while; when,Điền từ,While I was driving, I ______ to the radio.,was listening,listened,listen,am listening,was listening
Past Continuous,Thì Quá khứ tiếp diễn (Past Continuous),Dùng để diễn tả hành động đang diễn ra tại một thời điểm xác định trong quá khứ hoặc một hành động đang xảy ra thì có hành động khác xen vào.,S + was/were + V-ing + ...,at 8 PM yesterday; at that time; while; when,Điền từ,At 8 o'clock yesterday morning, we ______ breakfast.,were eating,was eating,ate,eat,were eating
Past Continuous,Thì Quá khứ tiếp diễn (Past Continuous),Dùng để diễn tả hành động đang diễn ra tại một thời điểm xác định trong quá khứ hoặc một hành động đang xảy ra thì có hành động khác xen vào.,S + was/were + V-ing + ...,at 8 PM yesterday; at that time; while; when,Điền từ,He ______ his homework when his friend called.,was doing,did,is doing,does,was doing
Past Continuous,Thì Quá khứ tiếp diễn (Past Continuous),Dùng để diễn tả hành động đang diễn ra tại một thời điểm xác định trong quá khứ hoặc một hành động đang xảy ra thì có hành động khác xen vào.,S + was/were + V-ing + ...,at 8 PM yesterday; at that time; while; when,Điền từ,The dogs ______ all night long.,were barking,was barking,barked,bark,were barking
Past Continuous,Thì Quá khứ tiếp diễn (Past Continuous),Dùng để diễn tả hành động đang diễn ra tại một thời điểm xác định trong quá khứ hoặc một hành động đang xảy ra thì có hành động khác xen vào.,S + was/were + V-ing + ...,at 8 PM yesterday; at that time; while; when,Điền từ,I ______ about you when you texted me.,was thinking,thought,am thinking,think,was thinking
Past Continuous,Thì Quá khứ tiếp diễn (Past Continuous),Dùng để diễn tả hành động đang diễn ra tại một thời điểm xác định trong quá khứ hoặc một hành động đang xảy ra thì có hành động khác xen vào.,S + was/were + V-ing + ...,at 8 PM yesterday; at that time; while; when,Điền từ,While she ______, she dropped her phone.,was running,ran,is running,runs,was running
Past Continuous,Thì Quá khứ tiếp diễn (Past Continuous),Dùng để diễn tả hành động đang diễn ra tại một thời điểm xác định trong quá khứ hoặc một hành động đang xảy ra thì có hành động khác xen vào.,S + was/were + V-ing + ...,at 8 PM yesterday; at that time; while; when,Điền từ,We ______ a movie when the power went out.,were watching,watched,watch,are watching,were watching
Past Continuous,Thì Quá khứ tiếp diễn (Past Continuous),Dùng để diễn tả hành động đang diễn ra tại một thời điểm xác định trong quá khứ hoặc một hành động đang xảy ra thì có hành động khác xen vào.,S + was/were + V-ing + ...,at 8 PM yesterday; at that time; while; when,Điền từ,He ______ very fast when the police stopped him.,was driving,drove,drives,is driving,was driving
Past Continuous,Thì Quá khứ tiếp diễn (Past Continuous),Dùng để diễn tả hành động đang diễn ra tại một thời điểm xác định trong quá khứ hoặc một hành động đang xảy ra thì có hành động khác xen vào.,S + was/were + V-ing + ...,at 8 PM yesterday; at that time; while; when,Điền từ,What was she doing while you ______?,were working,was working,worked,work,were working
Past Continuous,Thì Quá khứ tiếp diễn (Past Continuous),Dùng để diễn tả hành động đang diễn ra tại một thời điểm xác định trong quá khứ hoặc một hành động đang xảy ra thì có hành động khác xen vào.,S + was/were + V-ing + ...,at 8 PM yesterday; at that time; while; when,Điền từ,I ______ my room at this time yesterday.,was cleaning,cleaned,clean,am cleaning,was cleaning
Past Continuous,Thì Quá khứ tiếp diễn (Past Continuous),Dùng để diễn tả hành động đang diễn ra tại một thời điểm xác định trong quá khứ hoặc một hành động đang xảy ra thì có hành động khác xen vào.,S + was/were + V-ing + ...,at 8 PM yesterday; at that time; while; when,Điền từ,The wind ______ fiercely when the storm hit.,was blowing,blew,is blowing,blows,was blowing
Past Perfect,Thì Quá khứ hoàn thành (Past Perfect),Dùng để diễn tả một hành động xảy ra và hoàn thành trước một hành động khác hoặc một thời điểm khác trong quá khứ.,S + had + V3/ed + ...,before; after; by the time; when; by + thời gian trong quá khứ,Điền từ,When I arrived they ______ already left.,had,have,did,do,had
Past Perfect,Thì Quá khứ hoàn thành (Past Perfect),Dùng để diễn tả một hành động xảy ra và hoàn thành trước một hành động khác hoặc một thời điểm khác trong quá khứ.,S + had + V3/ed + ...,before; after; by the time; when; by + thời gian trong quá khứ,Điền từ,She ______ her homework before she went to bed.,had finished,finished,has finished,finish,had finished
Past Perfect,Thì Quá khứ hoàn thành (Past Perfect),Dùng để diễn tả một hành động xảy ra và hoàn thành trước một hành động khác hoặc một thời điểm khác trong quá khứ.,S + had + V3/ed + ...,before; after; by the time; when; by + thời gian trong quá khứ,Điền từ,By the time the police arrived the thief ______.,had escaped,escaped,escapes,has escaped,had escaped
Past Perfect,Thì Quá khứ hoàn thành (Past Perfect),Dùng để diễn tả một hành động xảy ra và hoàn thành trước một hành động khác hoặc một thời điểm khác trong quá khứ.,S + had + V3/ed + ...,before; after; by the time; when; by + thời gian trong quá khứ,Điền từ,I could not get on the flight because I ______ my passport at home.,had left,left,have left,leave,had left
Past Perfect,Thì Quá khứ hoàn thành (Past Perfect),Dùng để diễn tả một hành động xảy ra và hoàn thành trước một hành động khác hoặc một thời điểm khác trong quá khứ.,S + had + V3/ed + ...,before; after; by the time; when; by + thời gian trong quá khứ,Điền từ,They ______ for ten hours before they reached the camp.,had walked,walked,have walked,walk,had walked
Past Perfect,Thì Quá khứ hoàn thành (Past Perfect),Dùng để diễn tả một hành động xảy ra và hoàn thành trước một hành động khác hoặc một thời điểm khác trong quá khứ.,S + had + V3/ed + ...,before; after; by the time; when; by + thời gian trong quá khứ,Điền từ,She was tired because she ______ hard all day.,had worked,worked,has worked,works,had worked
Past Perfect,Thì Quá khứ hoàn thành (Past Perfect),Dùng để diễn tả một hành động xảy ra và hoàn thành trước một hành động khác hoặc một thời điểm khác trong quá khứ.,S + had + V3/ed + ...,before; after; by the time; when; by + thời gian trong quá khứ,Điền từ,He ______ to Paris before he went there last year.,had never been,never was,has never been,never is,had never been
Past Perfect,Thì Quá khứ hoàn thành (Past Perfect),Dùng để diễn tả một hành động xảy ra và hoàn thành trước một hành động khác hoặc một thời điểm khác trong quá khứ.,S + had + V3/ed + ...,before; after; by the time; when; by + thời gian trong quá khứ,Điền từ,By the time we got to the theater the movie ______.,had started,started,has started,starts,had started
Past Perfect,Thì Quá khứ hoàn thành (Past Perfect),Dùng để diễn tả một hành động xảy ra và hoàn thành trước một hành động khác hoặc một thời điểm khác trong quá khứ.,S + had + V3/ed + ...,before; after; by the time; when; by + thời gian trong quá khứ,Điền từ,I did not recognize him because he ______ his hair.,had cut,cut,has cut,cuts,had cut
Past Perfect,Thì Quá khứ hoàn thành (Past Perfect),Dùng để diễn tả một hành động xảy ra và hoàn thành trước một hành động khác hoặc một thời điểm khác trong quá khứ.,S + had + V3/ed + ...,before; after; by the time; when; by + thời gian trong quá khứ,Điền từ,After they ______ their dinner they went out for a walk.,had eaten,ate,have eaten,eat,had eaten
Past Perfect,Thì Quá khứ hoàn thành (Past Perfect),Dùng để diễn tả một hành động xảy ra và hoàn thành trước một hành động khác hoặc một thời điểm khác trong quá khứ.,S + had + V3/ed + ...,before; after; by the time; when; by + thời gian trong quá khứ,Điền từ,The house was very quiet because everyone ______.,had gone,went,has gone,goes,had gone
Past Perfect,Thì Quá khứ hoàn thành (Past Perfect),Dùng để diễn tả một hành động xảy ra và hoàn thành trước một hành động khác hoặc một thời điểm khác trong quá khứ.,S + had + V3/ed + ...,before; after; by the time; when; by + thời gian trong quá khứ,Điền từ,She ______ the book before she saw the movie.,had read,read,has read,reads,had read
Past Perfect,Thì Quá khứ hoàn thành (Past Perfect),Dùng để diễn tả một hành động xảy ra và hoàn thành trước một hành động khác hoặc một thời điểm khác trong quá khứ.,S + had + V3/ed + ...,before; after; by the time; when; by + thời gian trong quá khứ,Điền từ,He told me he ______ a ghost.,had seen,saw,has seen,sees,had seen
Past Perfect,Thì Quá khứ hoàn thành (Past Perfect),Dùng để diễn tả một hành động xảy ra và hoàn thành trước một hành động khác hoặc một thời điểm khác trong quá khứ.,S + had + V3/ed + ...,before; after; by the time; when; by + thời gian trong quá khứ,Điền từ,I knew the city well because I ______ there several times.,had visited,visited,have visited,visit,had visited
Past Perfect,Thì Quá khứ hoàn thành (Past Perfect),Dùng để diễn tả một hành động xảy ra và hoàn thành trước một hành động khác hoặc một thời điểm khác trong quá khứ.,S + had + V3/ed + ...,before; after; by the time; when; by + thời gian trong quá khứ,Điền từ,By 10 PM last night I ______ all my tasks.,had completed,completed,have completed,complete,had completed
Past Perfect,Thì Quá khứ hoàn thành (Past Perfect),Dùng để diễn tả một hành động xảy ra và hoàn thành trước một hành động khác hoặc một thời điểm khác trong quá khứ.,S + had + V3/ed + ...,before; after; by the time; when; by + thời gian trong quá khứ,Điền từ,The grass was yellow because it ______ all summer.,had not rained,did not rain,has not rained,not rained,had not rained
Past Perfect,Thì Quá khứ hoàn thành (Past Perfect),Dùng để diễn tả một hành động xảy ra và hoàn thành trước một hành động khác hoặc một thời điểm khác trong quá khứ.,S + had + V3/ed + ...,before; after; by the time; when; by + thời gian trong quá khứ,Điền từ,When I got to the station the train ______.,had already left,already left,has already left,already leaves,had already left
Past Perfect,Thì Quá khứ hoàn thành (Past Perfect),Dùng để diễn tả một hành động xảy ra và hoàn thành trước một hành động khác hoặc một thời điểm khác trong quá khứ.,S + had + V3/ed + ...,before; after; by the time; when; by + thời gian trong quá khứ,Điền từ,She felt nervous because she ______ before.,had never flown,never flew,has never flown,never flies,had never flown
Past Perfect,Thì Quá khứ hoàn thành (Past Perfect),Dùng để diễn tả một hành động xảy ra và hoàn thành trước một hành động khác hoặc một thời điểm khác trong quá khứ.,S + had + V3/ed + ...,before; after; by the time; when; by + thời gian trong quá khứ,Điền từ,We ______ the contract before the meeting ended.,had signed,signed,have signed,sign,had signed
Past Perfect,Thì Quá khứ hoàn thành (Past Perfect),Dùng để diễn tả một hành động xảy ra và hoàn thành trước một hành động khác hoặc một thời điểm khác trong quá khứ.,S + had + V3/ed + ...,before; after; by the time; when; by + thời gian trong quá khứ,Điền từ,He asked me if I ______ the news.,had heard,heard,have heard,hear,had heard
Past Perfect,Thì Quá khứ hoàn thành (Past Perfect),Dùng để diễn tả một hành động xảy ra và hoàn thành trước một hành động khác hoặc một thời điểm khác trong quá khứ.,S + had + V3/ed + ...,before; after; by the time; when; by + thời gian trong quá khứ,Điền từ,I bought a new phone because I ______ my old one.,had lost,lost,have lost,lose,had lost
Past Perfect,Thì Quá khứ hoàn thành (Past Perfect),Dùng để diễn tả một hành động xảy ra và hoàn thành trước một hành động khác hoặc một thời điểm khác trong quá khứ.,S + had + V3/ed + ...,before; after; by the time; when; by + thời gian trong quá khứ,Điền từ,By the time I woke up the sun ______.,had risen,rose,has risen,rises,had risen
Past Perfect,Thì Quá khứ hoàn thành (Past Perfect),Dùng để diễn tả một hành động xảy ra và hoàn thành trước một hành động khác hoặc một thời điểm khác trong quá khứ.,S + had + V3/ed + ...,before; after; by the time; when; by + thời gian trong quá khứ,Điền từ,They were shocked when they saw what ______.,had happened,happened,has happened,happens,had happened
Past Perfect,Thì Quá khứ hoàn thành (Past Perfect),Dùng để diễn tả một hành động xảy ra và hoàn thành trước một hành động khác hoặc một thời điểm khác trong quá khứ.,S + had + V3/ed + ...,before; after; by the time; when; by + thời gian trong quá khứ,Điền từ,After he ______ the room he locked the door.,had cleaned,cleaned,has cleaned,cleans,had cleaned
Past Perfect,Thì Quá khứ hoàn thành (Past Perfect),Dùng để diễn tả một hành động xảy ra và hoàn thành trước một hành động khác hoặc một thời điểm khác trong quá khứ.,S + had + V3/ed + ...,before; after; by the time; when; by + thời gian trong quá khứ,Điền từ,She could not buy the dress because she ______ her wallet.,had forgotten,forgot,has forgotten,forgets,had forgotten
Past Perfect,Thì Quá khứ hoàn thành (Past Perfect),Dùng để diễn tả một hành động xảy ra và hoàn thành trước một hành động khác hoặc một thời điểm khác trong quá khứ.,S + had + V3/ed + ...,before; after; by the time; when; by + thời gian trong quá khứ,Điền từ,We were late because we ______ the wrong train.,had taken,took,have taken,take,had taken
Past Perfect,Thì Quá khứ hoàn thành (Past Perfect),Dùng để diễn tả một hành động xảy ra và hoàn thành trước một hành động khác hoặc một thời điểm khác trong quá khứ.,S + had + V3/ed + ...,before; after; by the time; when; by + thời gian trong quá khứ,Điền từ,Before I met her I ______ she was a doctor.,had thought,thought,have thought,think,had thought
Past Perfect,Thì Quá khứ hoàn thành (Past Perfect),Dùng để diễn tả một hành động xảy ra và hoàn thành trước một hành động khác hoặc một thời điểm khác trong quá khứ.,S + had + V3/ed + ...,before; after; by the time; when; by + thời gian trong quá khứ,Điền từ,The room was dirty because nobody ______ it for weeks.,had cleaned,cleaned,has cleaned,cleans,had cleaned
Past Perfect,Thì Quá khứ hoàn thành (Past Perfect),Dùng để diễn tả một hành động xảy ra và hoàn thành trước một hành động khác hoặc một thời điểm khác trong quá khứ.,S + had + V3/ed + ...,before; after; by the time; when; by + thời gian trong quá khứ,Điền từ,He was very angry because he ______ for hours.,had waited,waited,has waited,waits,had waited
Past Perfect,Thì Quá khứ hoàn thành (Past Perfect),Dùng để diễn tả một hành động xảy ra và hoàn thành trước một hành động khác hoặc một thời điểm khác trong quá khứ.,S + had + V3/ed + ...,before; after; by the time; when; by + thời gian trong quá khứ,Điền từ,By the time the firemen arrived the fire ______ the building.,had destroyed,destroyed,has destroyed,destroys,had destroyed
Past Perfect Continuous,Thì Quá khứ hoàn thành tiếp diễn (Past Perfect Continuous),Dùng để nhấn mạnh khoảng thời gian của một hành động đã và đang diễn ra trong quá khứ và kết thúc trước một hành động hoặc thời điểm khác trong quá khứ.,S + had + been + V-ing + ...,for; since; how long; before; until then,Điền từ,They ______ for over an hour before the bus arrived.,had been waiting,had waited,were waiting,wait,had been waiting
Past Perfect Continuous,Thì Quá khứ hoàn thành tiếp diễn (Past Perfect Continuous),Dùng để nhấn mạnh khoảng thời gian của một hành động đã và đang diễn ra trong quá khứ và kết thúc trước một hành động hoặc thời điểm khác trong quá khứ.,S + had + been + V-ing + ...,for; since; how long; before; until then,Điền từ,She was out of breath because she ______.,had been running,had run,was running,runs,had been running
Past Perfect Continuous,Thì Quá khứ hoàn thành tiếp diễn (Past Perfect Continuous),Dùng để nhấn mạnh khoảng thời gian của một hành động đã và đang diễn ra trong quá khứ và kết thúc trước một hành động hoặc thời điểm khác trong quá khứ.,S + had + been + V-ing + ...,for; since; how long; before; until then,Điền từ,How long ______ before it started to rain?,had you been playing,have you been playing,were you playing,did you play,had you been playing
Past Perfect Continuous,Thì Quá khứ hoàn thành tiếp diễn (Past Perfect Continuous),Dùng để nhấn mạnh khoảng thời gian của một hành động đã và đang diễn ra trong quá khứ và kết thúc trước một hành động hoặc thời điểm khác trong quá khứ.,S + had + been + V-ing + ...,for; since; how long; before; until then,Điền từ,He ______ English for three years before he moved to London.,had been studying,had studied,was studying,studies,had been studying
Past Perfect Continuous,Thì Quá khứ hoàn thành tiếp diễn (Past Perfect Continuous),Dùng để nhấn mạnh khoảng thời gian của một hành động đã và đang diễn ra trong quá khứ và kết thúc trước một hành động hoặc thời điểm khác trong quá khứ.,S + had + been + V-ing + ...,for; since; how long; before; until then,Điền từ,I ______ to open the jar for 10 minutes before my dad helped me.,had been trying,had tried,was trying,try,had been trying
Past Perfect Continuous,Thì Quá khứ hoàn thành tiếp diễn (Past Perfect Continuous),Dùng để nhấn mạnh khoảng thời gian của một hành động đã và đang diễn ra trong quá khứ và kết thúc trước một hành động hoặc thời điểm khác trong quá khứ.,S + had + been + V-ing + ...,for; since; how long; before; until then,Điền từ,We ______ along the road when we saw the accident.,had been driving,had driven,were driving,drive,had been driving
Past Perfect Continuous,Thì Quá khứ hoàn thành tiếp diễn (Past Perfect Continuous),Dùng để nhấn mạnh khoảng thời gian của một hành động đã và đang diễn ra trong quá khứ và kết thúc trước một hành động hoặc thời điểm khác trong quá khứ.,S + had + been + V-ing + ...,for; since; how long; before; until then,Điền từ,The kids ______ in the garden for two hours before their mother called them.,had been playing,had played,were playing,play,had been playing
Past Perfect Continuous,Thì Quá khứ hoàn thành tiếp diễn (Past Perfect Continuous),Dùng để nhấn mạnh khoảng thời gian của một hành động đã và đang diễn ra trong quá khứ và kết thúc trước một hành động hoặc thời điểm khác trong quá khứ.,S + had + been + V-ing + ...,for; since; how long; before; until then,Điền từ,It ______ heavily for hours before the streets flooded.,had been raining,had rained,was raining,rains,had been raining
Past Perfect Continuous,Thì Quá khứ hoàn thành tiếp diễn (Past Perfect Continuous),Dùng để nhấn mạnh khoảng thời gian của một hành động đã và đang diễn ra trong quá khứ và kết thúc trước một hành động hoặc thời điểm khác trong quá khứ.,S + had + been + V-ing + ...,for; since; how long; before; until then,Điền từ,She ______ about the problem all day before she found the answer.,had been thinking,had thought,was thinking,thinks,had been thinking
Past Perfect Continuous,Thì Quá khứ hoàn thành tiếp diễn (Past Perfect Continuous),Dùng để nhấn mạnh khoảng thời gian của một hành động đã và đang diễn ra trong quá khứ và kết thúc trước một hành động hoặc thời điểm khác trong quá khứ.,S + had + been + V-ing + ...,for; since; how long; before; until then,Điền từ,They ______ the issue for a long time when they finally reached an agreement.,had been discussing,had discussed,were discussing,discuss,had been discussing
Past Perfect Continuous,Thì Quá khứ hoàn thành tiếp diễn (Past Perfect Continuous),Dùng để nhấn mạnh khoảng thời gian của một hành động đã và đang diễn ra trong quá khứ và kết thúc trước một hành động hoặc thời điểm khác trong quá khứ.,S + had + been + V-ing + ...,for; since; how long; before; until then,Điền từ,He was covered in paint because he ______ the living room.,had been painting,had painted,was painting,paints,had been painting
Past Perfect Continuous,Thì Quá khứ hoàn thành tiếp diễn (Past Perfect Continuous),Dùng để nhấn mạnh khoảng thời gian của một hành động đã và đang diễn ra trong quá khứ và kết thúc trước một hành động hoặc thời điểm khác trong quá khứ.,S + had + been + V-ing + ...,for; since; how long; before; until then,Điền từ,I ______ for my keys for half an hour before I found them in my pocket.,had been looking,had looked,was looking,look,had been looking
Past Perfect Continuous,Thì Quá khứ hoàn thành tiếp diễn (Past Perfect Continuous),Dùng để nhấn mạnh khoảng thời gian của một hành động đã và đang diễn ra trong quá khứ và kết thúc trước một hành động hoặc thời điểm khác trong quá khứ.,S + had + been + V-ing + ...,for; since; how long; before; until then,Điền từ,The dog ______ loudly for hours before the neighbors complained.,had been barking,had barked,was barking,barks,had been barking
Past Perfect Continuous,Thì Quá khứ hoàn thành tiếp diễn (Past Perfect Continuous),Dùng để nhấn mạnh khoảng thời gian của một hành động đã và đang diễn ra trong quá khứ và kết thúc trước một hành động hoặc thời điểm khác trong quá khứ.,S + had + been + V-ing + ...,for; since; how long; before; until then,Điền từ,My eyes were aching because I ______ on the computer since morning.,had been working,had worked,was working,work,had been working
Past Perfect Continuous,Thì Quá khứ hoàn thành tiếp diễn (Past Perfect Continuous),Dùng để nhấn mạnh khoảng thời gian của một hành động đã và đang diễn ra trong quá khứ và kết thúc trước một hành động hoặc thời điểm khác trong quá khứ.,S + had + been + V-ing + ...,for; since; how long; before; until then,Điền từ,She ______ on the phone for 40 minutes when the battery died.,had been talking,had talked,was talking,talks,had been talking
Past Perfect Continuous,Thì Quá khứ hoàn thành tiếp diễn (Past Perfect Continuous),Dùng để nhấn mạnh khoảng thời gian của một hành động đã và đang diễn ra trong quá khứ và kết thúc trước một hành động hoặc thời điểm khác trong quá khứ.,S + had + been + V-ing + ...,for; since; how long; before; until then,Điền từ,We ______ to the radio for a while when the news was announced.,had been listening,had listened,were listening,listen,had been listening
Past Perfect Continuous,Thì Quá khứ hoàn thành tiếp diễn (Past Perfect Continuous),Dùng để nhấn mạnh khoảng thời gian của một hành động đã và đang diễn ra trong quá khứ và kết thúc trước một hành động hoặc thời điểm khác trong quá khứ.,S + had + been + V-ing + ...,for; since; how long; before; until then,Điền từ,How long ______ for the company before you were promoted?,had you been working,have you been working,were you working,did you work,had you been working
Past Perfect Continuous,Thì Quá khứ hoàn thành tiếp diễn (Past Perfect Continuous),Dùng để nhấn mạnh khoảng thời gian của một hành động đã và đang diễn ra trong quá khứ và kết thúc trước một hành động hoặc thời điểm khác trong quá khứ.,S + had + been + V-ing + ...,for; since; how long; before; until then,Điền từ,He ______ Spanish for months before he traveled to Madrid.,had been learning,had learned,was learning,learns,had been learning
Past Perfect Continuous,Thì Quá khứ hoàn thành tiếp diễn (Past Perfect Continuous),Dùng để nhấn mạnh khoảng thời gian của một hành động đã và đang diễn ra trong quá khứ và kết thúc trước một hành động hoặc thời điểm khác trong quá khứ.,S + had + been + V-ing + ...,for; since; how long; before; until then,Điền từ,They ______ to fix the car all morning before they called a mechanic.,had been trying,had tried,were trying,try,had been trying
Past Perfect Continuous,Thì Quá khứ hoàn thành tiếp diễn (Past Perfect Continuous),Dùng để nhấn mạnh khoảng thời gian của một hành động đã và đang diễn ra trong quá khứ và kết thúc trước một hành động hoặc thời điểm khác trong quá khứ.,S + had + been + V-ing + ...,for; since; how long; before; until then,Điền từ,I ______ poorly for weeks before I finally went to the doctor.,had been sleeping,had slept,was sleeping,sleeps,had been sleeping
Past Perfect Continuous,Thì Quá khứ hoàn thành tiếp diễn (Past Perfect Continuous),Dùng để nhấn mạnh khoảng thời gian của một hành động đã và đang diễn ra trong quá khứ và kết thúc trước một hành động hoặc thời điểm khác trong quá khứ.,S + had + been + V-ing + ...,for; since; how long; before; until then,Điền từ,She ______ forward to the trip for months before it was canceled.,had been looking,had looked,was looking,looks,had been looking
Past Perfect Continuous,Thì Quá khứ hoàn thành tiếp diễn (Past Perfect Continuous),Dùng để nhấn mạnh khoảng thời gian của một hành động đã và đang diễn ra trong quá khứ và kết thúc trước một hành động hoặc thời điểm khác trong quá khứ.,S + had + been + V-ing + ...,for; since; how long; before; until then,Điền từ,The chef ______ all afternoon before the restaurant opened.,had been cooking,had cooked,was cooking,cooks,had been cooking
Past Perfect Continuous,Thì Quá khứ hoàn thành tiếp diễn (Past Perfect Continuous),Dùng để nhấn mạnh khoảng thời gian của một hành động đã và đang diễn ra trong quá khứ và kết thúc trước một hành động hoặc thời điểm khác trong quá khứ.,S + had + been + V-ing + ...,for; since; how long; before; until then,Điền từ,We ______ for miles before we realized we were lost.,had been walking,had walked,were walking,walk,had been walking
Past Perfect Continuous,Thì Quá khứ hoàn thành tiếp diễn (Past Perfect Continuous),Dùng để nhấn mạnh khoảng thời gian của một hành động đã và đang diễn ra trong quá khứ và kết thúc trước một hành động hoặc thời điểm khác trong quá khứ.,S + had + been + V-ing + ...,for; since; how long; before; until then,Điền từ,He ______ TV for hours when the power went out.,had been watching,had watched,was watching,watches,had been watching
Past Perfect Continuous,Thì Quá khứ hoàn thành tiếp diễn (Past Perfect Continuous),Dùng để nhấn mạnh khoảng thời gian của một hành động đã và đang diễn ra trong quá khứ và kết thúc trước một hành động hoặc thời điểm khác trong quá khứ.,S + had + been + V-ing + ...,for; since; how long; before; until then,Điền từ,I was exhausted because I ______ the house all morning.,had been cleaning,had cleaned,was cleaning,clean,had been cleaning
Past Perfect Continuous,Thì Quá khứ hoàn thành tiếp diễn (Past Perfect Continuous),Dùng để nhấn mạnh khoảng thời gian của một hành động đã và đang diễn ra trong quá khứ và kết thúc trước một hành động hoặc thời điểm khác trong quá khứ.,S + had + been + V-ing + ...,for; since; how long; before; until then,Điền từ,They ______ for the exam for weeks before they took it.,had been preparing,had prepared,were preparing,prepare,had been preparing
Past Perfect Continuous,Thì Quá khứ hoàn thành tiếp diễn (Past Perfect Continuous),Dùng để nhấn mạnh khoảng thời gian của một hành động đã và đang diễn ra trong quá khứ và kết thúc trước một hành động hoặc thời điểm khác trong quá khứ.,S + had + been + V-ing + ...,for; since; how long; before; until then,Điền từ,She ______ the piano for two hours before the concert started.,had been practicing,had practiced,was practicing,practices,had been practicing
Past Perfect Continuous,Thì Quá khứ hoàn thành tiếp diễn (Past Perfect Continuous),Dùng để nhấn mạnh khoảng thời gian của một hành động đã và đang diễn ra trong quá khứ và kết thúc trước một hành động hoặc thời điểm khác trong quá khứ.,S + had + been + V-ing + ...,for; since; how long; before; until then,Điền từ,The baby ______ for a long time before he finally fell asleep.,had been crying,had cried,was crying,cries,had been crying
Past Perfect Continuous,Thì Quá khứ hoàn thành tiếp diễn (Past Perfect Continuous),Dùng để nhấn mạnh khoảng thời gian của một hành động đã và đang diễn ra trong quá khứ và kết thúc trước một hành động hoặc thời điểm khác trong quá khứ.,S + had + been + V-ing + ...,for; since; how long; before; until then,Điền từ,We ______ the house for months before we bought it.,had been renting,had rented,were renting,rent,had been renting
Past Perfect Continuous,Thì Quá khứ hoàn thành tiếp diễn (Past Perfect Continuous),Dùng để nhấn mạnh khoảng thời gian của một hành động đã và đang diễn ra trong quá khứ và kết thúc trước một hành động hoặc thời điểm khác trong quá khứ.,S + had + been + V-ing + ...,for; since; how long; before; until then,Điền từ,He ______ the same car for ten years before he bought a new one.,had been driving,had driven,was driving,drives,had been driving
