Word,Definition,Vietnamese Translation,Example Sentence,Part of Speech,Related Forms,Synonyms,Antonyms,Collocations
abandon,Cease to support or look after (someone); desert,bỏ rơi,She decided to abandon her plans.,verb,"abandons, abandoning, abandoned","desert, leave","support, keep","abandon a plan, abandon a child"
abandoned,Having been deserted or left,bị bỏ rơi,The house was abandoned.,adjective,none,"deserted, forsaken","inhabited, populated","abandoned house, abandoned car"
ability,Possession of the means or skill to do something,khả năng,She has the ability to learn languages quickly.,noun,abilities,"talent, skill","inability, incapacity","intellectual ability, physical ability"
able,"Having the power, skill, means, or opportunity to do something",có thể,She is able to solve the problem.,adjective,"abler, ablest","capable, competent","unable, incapable","able to, able-bodied"
about,On the subject of; concerning,Về,They talked about the project.,preposition,none,"regarding, concerning",none,"about a topic, about 5 o'clock"
above,At a higher level or layer,bên trên,The birds flew above the trees.,"preposition, adverb","above-mentioned, above-named","over, higher than","below, under","above average, above all"
abroad,In or to a foreign country or countries,ở nước ngoài,She studied abroad for a year.,adverb,none,"overseas, internationally","domestically, locally","study abroad, travel abroad"
absence,The state of being away from a place or person,sự vắng mặt,Her absence was noticed.,noun,absences,"nonattendance, nonexistence","presence, attendance","leave of absence, in the absence of"
absent,"Not present in a place, at an occasion, or as part of something",vắng mặt,He was absent from the meeting.,adjective,absently,"missing, away","present, available","absent from school, absent-minded"
absolute,Not qualified or diminished in any way; total,tuyệt đối,There is absolute silence in the room.,adjective,absolutely,"complete, total","partial, relative","absolute truth, absolute power"
absolutely,"With no qualification, restriction, or limitation; totally",tuyệt đối,She is absolutely certain.,adverb,"absolute, absolutism","completely, totally","partially, incompletely","absolutely right, absolutely certain"
absorb,"Take in or soak up (energy, or a liquid or other substance) by chemical or physical action",hấp thụ,The sponge absorbs water.,verb,"absorbs, absorbing, absorbed","soak up, take in","release, exude","absorb water, absorb information"
abuse,Use (something) to bad effect or for a bad purpose; misuse,lạm dụng,He was accused of abuse.,"noun, verb","abuses, abusing, abused","misuse, mistreat","use properly, care","substance abuse, abuse of power"
academic,Relating to education and scholarship,học thuật,She received academic awards.,"adjective, noun","academia, academically","educational, scholarly","nonacademic, unscholarly","academic year, academic achievement"
accent,"A distinctive mode of pronunciation of a language, especially one associated with a particular nation, locality, or social class",giọng,He spoke with a British accent.,"noun, verb","accents, accenting, accented","pronunciation, intonation",none,"British accent, strong accent"
accept,Consent to receive or undertake (something offered),chấp nhận,She accepted the job offer.,verb,"accepts, accepting, accepted","agree, receive","reject, refuse","accept an offer, accept responsibility"
acceptable,Able to be agreed on; suitable,chấp nhận được,The proposal is acceptable.,adjective,"acceptably, acceptability","satisfactory, suitable","unacceptable, unsuitable","socially acceptable, acceptable behavior"
access,A means of approaching or entering a place,truy cập,She has access to the library.,"noun, verb","accesses, accessing, accessed","entry, admittance","exit, egress","internet access, access to information"
accident,"An unfortunate incident that happens unexpectedly and unintentionally, typically resulting in damage or injury",tai nạn,She was injured in a car accident.,noun,"accidents, accidental","mishap, misfortune","intentional, deliberate","traffic accident, car accident"
accidental,"Happening by chance, unintentionally, or unexpectedly",tình cờ,It was an accidental discovery.,"adjective, noun",accidentally,"unintentional, chance","intentional, deliberate","accidental damage, accidental discovery"
accidentally,By chance; in a way that was not planned or intended,vô tình,She accidentally spilled the milk.,adverb,"accident, accidental","unintentionally, by chance","deliberately, intentionally","accidentally discovered, accidentally spilled"
accommodation,"A room, group of rooms, or building in which someone may live or stay",chỗ ở,She found accommodation at a hotel.,noun,accommodations,"lodging, housing",homelessness,"student accommodation, temporary accommodation"
accompany,Go somewhere with (someone) as a companion or escort,đi cùng,She will accompany him on the trip.,verb,"accompanies, accompanying, accompanied","escort, chaperone","desert, abandon","accompany on a trip, accompany to the event"
according to,As stated by or in,theo,"According to the report, it will rain tomorrow.",preposition,accord,"as per, in agreement with","disagreeing, contrary to","according to plan, according to the law"
account,A report or description of an event or experience,tài khoản,She gave an account of the event.,"noun, verb","accounts, accounting, accounted","report, description","ignorance, neglect","bank account, user account"
account for,To be the explanation or cause of something,chiếm,His injury accounts for his absence.,verb,"accounts for, accounting for, accounted for","explain, justify","misaccount, misexplain","account for expenses, account for the delay"
accurate,Correct in all details; exact,chính xác,She provided an accurate report.,adjective,"accuracy, accurately","correct, precise","inaccurate, incorrect","accurate information, accurate measurement"
accurately,In a way that is correct in all details; exactly,chính xác,The data was accurately recorded.,adverb,accurate,"exactly, precisely","inaccurately, imprecisely","recorded accurately, measured accurately"
accuse,Charge (someone) with an offense or crime,buộc tội,He was accused of theft.,verb,"accuses, accusing, accused","charge, indict","absolve, exonerate","accuse of a crime, accuse falsely"
achieve,"Successfully reach (a desired objective or result) by effort, skill, or courage",đạt được,She achieved her goal.,verb,"achieves, achieving, achieved","succeed, accomplish","fail, forfeit","achieve success, achieve a goal"
achievement,"A thing done successfully, typically by effort, courage, or skill",thành tích,She celebrated her achievement.,noun,achievements,"accomplishment, success","failure, defeat","great achievement, remarkable achievement"
acid,"A chemical substance that neutralizes alkalis, dissolves some metals, and turns litmus red; typically, a corrosive or sour-tasting liquid of this kind",axit,The acid burned his skin.,"noun, adjective","acids, acidic","chemical, corrosive","alkaline, base","acid rain, stomach acid"
acknowledge,Accept or admit the existence or truth of,thừa nhận,She acknowledged the problem.,verb,"acknowledges, acknowledging, acknowledged","admit, accept","deny, reject","acknowledge a problem, acknowledge an error"
a couple,Two people or things of the same sort considered together,một cặp vợ chồng,They are a happy couple.,noun,couples,"pair, duo","individual, single","a couple of friends, a couple of hours"
acquire,Buy or obtain (an asset or object) for oneself,giành được,She acquired new skills.,verb,"acquires, acquiring, acquired","obtain, get","lose, forfeit","acquire knowledge, acquire skills"
across,"From one side to the other of (a place, area, etc.)",sang,She walked across the street.,"preposition, adverb",none,"over, through",none,"walk across, travel across"
act,Take action; do something,hành động,She decided to act.,"verb, noun","acts, acting, acted","perform, do","cease, stop","act quickly, act on"
action,"The fact or process of doing something, typically to achieve an aim",hoạt động,She took action to improve her grades.,noun,actions,"deed, operation","inaction, inactivity","take action, action plan"
active,Engaging or ready to engage in physically energetic pursuits,tích cực,She is an active member of the community.,adjective,"actively, activity","energetic, lively","inactive, lazy","active lifestyle, active role"
actively,In an active manner; energetically,tích cực,She is actively involved in the project.,adverb,active,"energetically, vigorously","inactively, lazily","actively participate, actively engage"
activity,The condition in which things are happening or being done,hoạt động ,She enjoys outdoor activities.,noun,activities,"action, pursuit","inactivity, idleness","recreational activity, physical activity"
actor,"A person whose profession is acting on the stage, in movies, or on television",diễn viên,He is a famous actor.,noun,actors,"performer, thespian",none,"leading actor, supporting actor"
actress,A female actor,nữ diễn viên,She won an award for best actress.,noun,actresses,female actor,male actor,"leading actress, supporting actress"
actual,Existing in fact; real,thật sự,This is the actual cost.,adjective,actually,"real, factual","fake, false","actual cost, actual fact"
actually,As the truth or facts of a situation; really,Thực ra,She actually likes the idea.,adverb,actual,"really, truly","supposedly, seemingly","actually happened, actually true"
ad,An advertisement,quảng cáo,She saw an ad in the newspaper.,noun,ads,"advertisement, commercial",none,"place an ad, run an ad"
adapt,Make (something) suitable for a new use or purpose; modify,thích nghi,She adapted the recipe for her diet.,verb,"adapts, adapting, adapted","modify, adjust","neglect, reject","adapt to change, adapt the recipe"
add,"Join (something) to something else so as to increase the size, number, or amount",thêm vào,She added sugar to the tea.,verb,"adds, adding, added","append, attach","subtract, remove","add sugar, add up"
addition,The action or process of adding something to something else,phép cộng,"In addition to the main course, there were desserts.",noun,additions,"insertion, inclusion","subtraction, removal","in addition, addition to"
additional,"Added, extra, or supplementary to what is already present or available",thêm vào,She requested additional information.,adjective,additionally,"extra, supplementary","basic, primary","additional resources, additional cost"
address,The particulars of the place where someone lives or an organization is situated,Địa chỉ,She wrote her address on the form.,"noun, verb","addresses, addressing, addressed","location, place",none,"home address, email address"
add up,To calculate the total of two or more numbers or amounts,cộng lại,She added up the total cost.,phrasal verb,"adds up, adding up, added up","total, sum","subtract, take away","add up the bill, add up the scores"
add up to,To result in a total amount,thêm vào,The expenses add up to a large sum.,phrasal verb,"adds up to, adding up to, added up to","amount to, come to","reduce, decrease","add up to a total, add up to a large amount"
adequate,Satisfactory or acceptable in quality or quantity,đủ,She has adequate resources.,adjective,adequately,"sufficient, satisfactory","inadequate, insufficient","adequate resources, adequate preparation"
adequately,In a satisfactory way,đầy đủ,The task was adequately completed.,adverb,adequate,"sufficiently, suitably","insufficiently, poorly","adequately prepared, adequately equipped"
adjust,"Alter or move (something) slightly in order to achieve the desired fit, appearance, or result",điều chỉnh,She adjusted the mirror.,verb,"adjusts, adjusting, adjusted","modify, adapt","ignore, neglect","adjust the settings, adjust the position"
admiration,Respect and warm approval,sự ngưỡng mộ,She felt admiration for the artist.,noun,admirations,"esteem, respect","disapproval, contempt","deep admiration, great admiration"
admire,"Regard (an object, quality, or person) with respect or warm approval",ngưỡng mộ,She admires her teacher.,verb,"admires, admiring, admired","respect, appreciate","despise, scorn","admire greatly, admire deeply"
admit,"Confess to be true or to be the case, typically with reluctance",thừa nhận,She admitted her mistake.,verb,"admits, admitting, admitted","confess, acknowledge","deny, reject","admit a mistake, admit to guilt"
adopt,Legally take (another's child) and bring it up as one's own,nhận nuôi,They adopted a child.,verb,"adopts, adopting, adopted","take in, foster","abandon, reject",none
adult,A person who is fully grown or developed,người lớn,She is an adult.,"noun, adjective",adults,"grown-up, mature","child, juvenile","young adult, responsible adult"
advance,"Move forward, typically in a purposeful way",nâng cao,They advanced towards the goal.,"verb, noun, adjective","advances, advancing, advanced","progress, proceed","retreat, withdraw","advance in career, advance forward"
advanced,Far on or ahead in development or progress,trình độ cao,She is in an advanced class.,adjective,advance,"sophisticated, developed","basic, simple","advanced technology, advanced level"
advantage,A condition or circumstance that puts one in a favorable or superior position,lợi thế,She has an advantage in the competition.,"noun, verb","advantages, advantaging, advantaged","benefit, edge","disadvantage, drawback","competitive advantage, strategic advantage"
adventure,"An unusual and exciting, typically hazardous, experience or activity",cuộc phiêu lưu,They went on an adventure.,"noun, verb","adventures, adventuring, adventured","escapade, journey","routine, safety","adventure travel, adventure story"
advert,"A notice or announcement in a public medium promoting a product, service, or event",quảng cáo,She saw an advert for a new car.,"noun, verb",adverts,"announcement, notice",none,"place an advert, see an advert"
advertise,"Describe or draw attention to (a product, service, or event) in a public medium to promote sales or attendance",quảng cáo,They advertised the event on TV.,verb,"advertises, advertising, advertised","promote, publicize","hide, conceal","advertise a product, advertise widely"
advertisement,"A notice or announcement in a public medium promoting a product, service, or event",quảng cáo,The advertisement was very effective.,noun,advertisements,"ad, advert",none,"effective advertisement, newspaper advertisement"
advertising,The activity or profession of producing advertisements for commercial products or services,quảng cáo,She works in advertising.,noun,advertisings,"marketing, promotion",none,"digital advertising, advertising campaign"
advice,Guidance or recommendations offered with regard to prudent future action,khuyên bảo,She gave good advice.,noun,advices,"guidance, counsel","misguidance, misinformation","seek advice, give advice"
advise,Offer suggestions about the best course of action to someone,khuyên nhủ,She advised him to rest.,verb,"advises, advising, advised","recommend, counsel","misadvise, misguide","advise on, advise against"
affair,An event or sequence of events of a specified kind or that has previously been referred to,chuyện tình,It was a private affair.,noun,affairs,"event, incident",none,"family affair, love affair"
affect,Have an effect on; make a difference to,ảnh hưởng,The weather affects my mood.,verb,"affects, affecting, affected","influence, impact",none,"affect significantly, affect deeply"
affection,A gentle feeling of fondness or liking,sự yêu mến,She has deep affection for her pet.,noun,affections,"fondness, love","hatred, dislike","show affection, deep affection"
afford,Have enough money to pay for,đủ khả năng,They can't afford a new car.,verb,"affords, affording, afforded","manage, bear","forbid, deny","can't afford, afford the cost"
afraid,Feeling fear or anxiety; frightened,sợ,She is afraid of spiders.,adjective,afraidly,"scared, fearful","brave, fearless","afraid of the dark, afraid to go"
after,In the time following (an event or another period of time),sau đó,We can discuss this after lunch.,"preposition, conjunction, adverb",afters,"following, subsequent","before, prior","after a while, after the event"
afternoon,The time from noon or lunchtime to evening,buổi chiều,They met in the afternoon.,noun,afternoons,"lunchtime, midday","morning, night","in the afternoon, late afternoon"
afterwards,At a later or future time,sau đó,"She went shopping and afterwards, she relaxed.",adverb,afterwards,"later, subsequently","before, earlier","soon afterwards, shortly afterwards"
again,Another time; once more,lại,She sang the song again.,adverb,again,"repeatedly, once more","never, once","try again, once again"
against,In opposition to,chống lại,She stood against the wall.,preposition,none,"opposed to, contrary to","for, supporting","against the law, fight against"
age,The length of time that a person has lived or a thing has existed,tuổi,She is 30 years of age.,noun,ages,"years, duration","youth, infancy","childhood age, age group"
aged,Having lived for a specified length of time; old,già,The aged man walked slowly.,adjective,"age, aging","elderly, old","young, youthful","aged care, aged 10"
agency,A business or organization providing a particular service,hãng,She works at an advertising agency.,noun,agencies,"office, bureau","individual, freelancer","travel agency, government agency"
agent,A person who acts on behalf of another person or group,đại lý,He is a secret agent.,noun,agents,"representative, operative","principal, client","real estate agent, secret agent"
aggressive,Ready or likely to attack or confront; characterized by or resulting from aggression,hung dữ,He was aggressive during the argument.,adjective,aggressively,"hostile, belligerent","passive, peaceful","aggressive behavior, aggressive strategy"
ago,Before the present; earlier,trước kia,It happened a long time ago.,adverb,none,"previously, earlier","later, future","years ago, long ago"
agree,Have the same opinion about something; concur,đồng ý,I agree with your opinion.,verb,"agrees, agreeing, agreed","concur, assent","disagree, differ","agree on, agree with"
agreement,A negotiated and typically legally binding arrangement between parties,hiệp định,They signed the agreement.,noun,agreements,"contract, deal","disagreement, dispute","come to an agreement, sign an agreement"
ahead,In or toward the front; in advance,phía trước,She looked ahead and saw the finish line.,adverb,ahead,"forward, in front","behind, back","look ahead, plan ahead"
aid,"Help, typically of a practical nature",sự giúp đỡ,They provided aid to the refugees.,"noun, verb","aids, aiding, aided","assistance, help","hindrance, obstruction","financial aid, humanitarian aid"
aim,Point or direct (a weapon or camera) at a target,mục tiêu,He aimed at the target.,"verb, noun","aims, aiming, aimed","target, goal","neglect, ignore","aim high, aim at"
air,"The invisible gaseous substance surrounding the earth, a mixture mainly of oxygen and nitrogen",không khí,The air is fresh in the mountains.,noun,airs,"atmosphere, breeze",none,"fresh air, air quality"
aircraft,A vehicle that is able to fly by gaining support from the air,phi cơ,The aircraft took off smoothly.,noun,aircrafts,"plane, jet",none,"military aircraft, passenger aircraft"
airport,"A complex of runways and buildings for the takeoff, landing, and maintenance of civil aircraft",sân bay,She waited at the airport.,noun,airports,"airfield, aerodrome",none,"international airport, busy airport"
alarm,An anxious awareness of danger,báo thức,She felt a sense of alarm.,"noun, verb","alarms, alarming, alarmed","warning, alert","calm, composure","set off the alarm, raise the alarm"
alarmed,Experiencing a sudden sense of danger,báo động,He was alarmed by the news.,adjective,alarmed,"frightened, scared","unconcerned, calm","feel alarmed, become alarmed"
alarming,Worrying or disturbing,đáng báo động,The situation is alarming.,adjective,alarmingly,"disturbing, frightening","reassuring, comforting","alarming rate, alarming situation"
alcohol,"A colorless volatile flammable liquid which is the intoxicating constituent of wine, beer, spirits, and other drinks",rượu bia,He doesn't drink alcohol.,noun,alcohols,"ethanol, drink",none,"consume alcohol, alcohol consumption"
alcoholic,Containing or relating to alcoholic liquor,rượu,He is an alcoholic.,"adjective, noun",alcoholics,"inebriate, lush",non-alcoholic,"alcoholic drinks, alcoholic beverages"
alive,"Living, not dead",còn sống,The patient is still alive.,adjective,alive,"living, breathing","dead, lifeless","stay alive, keep alive"
all,Used to refer to the whole quantity or extent of a particular group or thing,tất cả,All the students passed the exam.,"determiner, pronoun, adverb",allness,"every, entire","none, nothing","all of, at all"
allied,Joined by or relating to members of an alliance,liên minh,The allied forces launched an attack.,adjective,allies,"united, affiliated","enemy, adversary","allied forces, allied nations"
allow,Give (someone) permission to do something,cho phép,She allowed him to leave.,verb,"allows, allowing, allowed","permit, let","forbid, prevent","allow time, allow access"
allow for,Take into consideration when making plans or calculations,cho phép,We need to allow for delays.,phrasal verb,"allows for, allowing for, allowed for","consider, account for","ignore, disregard","allow for traffic, allow for error"
all right,Satisfactory but not especially good,được rồi,The food was all right.,"adverb, adjective",all rightness,"okay, fine","bad, poor","all right now, feel all right"
ally,A state formally cooperating with another for a military or other purpose,đồng minh,The country is an ally of the US.,noun,allies,"partner, supporter","enemy, opponent","military ally, key ally"
almost,Very nearly but not exactly or entirely,hầu hết,She almost missed the bus.,adverb,almost,"nearly, about","exactly, completely","almost done, almost finished"
alone,Having no one else present; on one's own,một mình,He lives alone.,"adjective, adverb",aloneness,"solitary, single","together, accompanied","live alone, feel alone"
along,Moving in a constant direction on (a path or any more or less horizontal surface),dọc theo,They walked along the beach.,"preposition, adverb",along,"beside, alongside",none,"walk along, travel along"
alongside,Close to the side of; next to,bên cạnh,The boat was docked alongside the pier.,"preposition, adverb",alongside,"next to, beside","away from, far from","work alongside, stand alongside"
aloud,Audibly; not silently or in a whisper,lớn tiếng,She read the letter aloud.,adverb,aloud,"audibly, loudly","silently, quietly","read aloud, laugh aloud"
alphabet,A set of letters or symbols in a fixed order used for writing a language,bảng chữ cái,The English alphabet has 26 letters.,noun,alphabets,"letters, characters",none,"Latin alphabet, Greek alphabet"
alphabetical,Arranged in the order of the letters of the alphabet,theo bảng chữ cái,The books are in alphabetical order.,adjective,alphabetically,none,none,"alphabetical list, alphabetical order"
alphabetically,In alphabetical order,theo thứ tự bảng chữ cái,The files are sorted alphabetically.,adverb,alphabetical,none,none,"sorted alphabetically, arranged alphabetically"
already,Before or by now or the time in question,đã,She has already finished her homework.,adverb,already,"by now, before","not yet, never","already done, already known"
also,In addition; too,Mà còn,She is talented and also very hardworking.,adverb,also,"too, as well","neither, nor","also known as, and also"
alter,Change or cause to change in character or composition,thay đổi,He altered his appearance.,verb,"alters, altering, altered","change, modify","keep, maintain","alter the plan, alter the dress"
alternative,Available as another possibility or choice,thay thế,There is an alternative route.,"noun, adjective",alternatives,"option, choice",none,"alternative option, alternative solution"
alternatively,As another option or possibility,cách khác,You could alternatively use a different tool.,adverb,alternative,"optionally, otherwise",none,"use alternatively, consider alternatively"
although,In spite of the fact that; even though,mặc dù,"Although it was raining, we went for a walk.",conjunction,although,"though, even though",none,"although difficult, although true"
altogether,Completely; totally,toàn bộ,She stopped seeing him altogether.,adverb,altogether,"completely, entirely","partially, incompletely","altogether different, altogether gone"
always,At all times; on all occasions,luôn luôn,She always arrives on time.,adverb,always,"constantly, forever","never, sometimes","always happy, always ready"
a.m.,Before noon,là.,The meeting is at 10 a.m.,abbreviation,a.m.,"morning, ante meridiem","p.m., afternoon","10 a.m., early a.m."
amaze,Surprise (someone) greatly; fill with astonishment,ngạc nhiên,The performance amazed everyone.,verb,"amazes, amazing, amazed","astonish, astound","bore, disinterest","amaze people, never cease to amaze"
amazed,Greatly surprised; astonished,ngạc nhiên,She was amazed by the news.,adjective,amazedly,"astonished, astounded","indifferent, unsurprised","amazed at, amazed by"
amazing,Causing great surprise or wonder; astonishing,tuyệt vời,The view is amazing.,adjective,amazingly,"astonishing, astounding","ordinary, unremarkable","amazing experience, amazing talent"
ambition,A strong desire to do or achieve something,tham vọng ,His ambition is to become a doctor.,noun,ambitions,"aspiration, goal","indifference, laziness","career ambition, lifelong ambition"
ambulance,A vehicle specially equipped for taking sick or injured people to and from the hospital,xe cứu thương,The ambulance arrived quickly.,noun,ambulances,"emergency vehicle, medical vehicle",none,"call an ambulance, need an ambulance"
among,Situated more or less centrally in relation to (several other things),giữa,There was a big tree among the houses.,preposition,amongst,"amid, amidst","outside, separate","among friends, among the best"
amount,A quantity of something,số lượng,The amount of water needed is 2 liters.,noun,amounts,"quantity, sum",none,"large amount, small amount"
amount to,To total; to result in a final amount,số tiền lên tới,The total cost amounts to $100.,phrasal verb,"amounts to, amounting to, amounted to","total, come to",none,"amount to nothing, amount to a lot"
amuse,Cause (someone) to find something funny; entertain,thích thú,The clown amused the children.,verb,"amuses, amusing, amused","entertain, delight","bore, tire","amuse the crowd, amuse greatly"
amused,Finding something funny or entertaining,thích thú,She was amused by his jokes.,adjective,amusedly,"entertained, delighted","bored, uninterested","be amused, look amused"
amusing,Causing laughter or providing entertainment,vui,The movie was very amusing.,adjective,amusingly,"funny, entertaining","boring, dull","amusing story, amusing incident"
analyse,Examine methodically and in detail the constitution or structure of (something),phân tích,They analyzed the data.,verb,"analyzes, analyzing, analyzed","examine, study","ignore, overlook","analyse data, analyse thoroughly"
analysis,Detailed examination of the elements or structure of something,Phân tích,The analysis revealed some interesting facts.,noun,analyses,"examination, study",none,"detailed analysis, in-depth analysis"
ancient,Belonging to the very distant past and no longer in existence,cổ đại,They found ancient artifacts.,adjective,anciently,"old, historic","modern, new","ancient history, ancient ruins"
and,"Used to connect words of the same part of speech, clauses, or sentences",Và,She likes tea and coffee.,conjunction,and,"plus, together with",none,"and so on, and then"
anger,"A strong feeling of annoyance, displeasure, or hostility",sự tức giận,He couldn't control his anger.,noun,"angers, angering, angered","rage, fury","calm, peace","feel anger, express anger"
angle,The space (usually measured in degrees) between two intersecting lines or surfaces at or close to the point where they meet,góc,The angles of the triangle add up to 180 degrees.,noun,angles,"inclination, slant",none,"acute angle, right angle"
angrily,In a manner resulting from or betraying anger,giận dữ,She shouted angrily.,adverb,angry,"furiously, irritably","calmly, gently","speak angrily, react angrily"
angry,"Feeling or showing strong annoyance, displeasure, or hostility",tức giận,He was angry about the delay.,adjective,"angrier, angriest","mad, furious","calm, happy","angry with, angry about"
animal,"A living organism that feeds on organic matter, typically having specialized sense organs and nervous system and able to respond rapidly to stimuli",động vật,The zoo has many animals.,noun,animals,"creature, beast",none,"wild animal, domestic animal"
ankle,The joint connecting the foot with the leg,mắt cá chân,She twisted her ankle.,noun,ankles,"joint, hinge",none,"sprain an ankle, ankle injury"
anniversary,The date on which an event took place in a previous year,dịp kỉ niệm,Today is their wedding anniversary.,noun,anniversaries,"celebration, commemoration",none,"celebrate anniversary, anniversary gift"
announce,"Make a public and typically formal declaration about a fact, occurrence, or intention",thông báo,They announced their engagement.,verb,"announces, announcing, announced","declare, proclaim","conceal, hide","announce officially, announce plans"
annoy,Make (someone) a little angry; irritate,làm phiền,His comments annoyed her.,verb,"annoys, annoying, annoyed","irritate, vex","delight, please","annoy greatly, annoy slightly"
annoyed,Slightly angry; irritated,khó chịu,She was annoyed by the noise.,adjective,annoyingly,"irritated, vexed","pleased, content","feel annoyed, look annoyed"
annoying,Causing irritation or annoyance,khó chịu,The loud music was annoying.,adjective,annoyingly,"irritating, vexing","pleasing, delightful","annoying habit, annoying person"
annual,Occurring once every year,hàng năm,The annual meeting is in July.,adjective,annuals,"yearly, per annum",none,"annual report, annual income"
annually,Once a year; every year,hàng năm,The event is held annually.,adverb,annually,"yearly, each year",none,"celebrated annually, review annually"
another,Used to refer to an additional person or thing of the same type as one already mentioned or known,khác,She needs another pen.,"determiner, pronoun",another,"additional, one more","same, identical","another one, another example"
answer,"A thing said, written, or done to deal with or as a reaction to a question, statement, or situation",trả lời,She gave the right answer.,"noun, verb","answers, answering, answered","reply, respond","question, query","correct answer, answer quickly"
anti-,Opposed to; against,chống,This is an anti-war protest.,prefix,"antiwar, anticlimax","against, opposing",pro-,"anti-inflammatory, anti-aging"
anticipate,Regard as probable; expect or predict,đoán trước,They anticipate a lot of rain.,verb,"anticipates, anticipating, anticipated","expect, foresee",none,"eagerly anticipate, anticipate problems"
anxiety,"A feeling of worry, nervousness, or unease about something with an uncertain outcome",sự lo lắng,He felt a surge of anxiety.,noun,anxieties,"worry, concern","calm, confidence","general anxiety, cause anxiety"
anxious,"Experiencing worry, unease, or nervousness",lo lắng,She was anxious about the test.,adjective,anxiously,"worried, uneasy","calm, relaxed","anxious about, anxious for"
anxiously,In a manner resulting from or revealing anxiety,lo lắng,They waited anxiously for news.,adverb,anxiously,"nervously, worriedly","calmly, confidently","wait anxiously, look anxiously"
any,"Used to refer to one or some of a thing or number of things, no matter how much or many",bất kì,Is there any milk left?,"determiner, pronoun, adverb","anyway, anyhow","some, any",none,"any time, any day"
anybody,Any person; anyone,bất cứ ai,Anybody can join the club.,pronoun,anybody,"anyone, everyone","nobody, no one","anybody else, anybody interested"
anyone,Any person; anybody,bất cứ ai ,Does anyone know the answer?,pronoun,anyone,"anybody, everyone","nobody, no one","anyone else, anyone who"
anything,"Used to refer to a thing, no matter what",bất cứ điều gì,She will do anything for her children.,pronoun,anything,"something, whatever","nothing, none","do anything, anything else"
anyway,Used to confirm or support a point or idea just mentioned,Dẫu sao thì,"It's cold outside, but I'm going anyway.",adverb,anyway,"nonetheless, nevertheless",none,"anyway, I think, but anyway"
anywhere,In or to any place,bất cứ nơi nào,You can find this product anywhere.,adverb,anywhere,"everywhere, wherever",nowhere,"find anywhere, go anywhere"
apart,To one side; at a distance from the main body,riêng biệt,He stood apart from the group.,"adverb, adjective",apartness,"separately, aside","together, joined","stand apart, set apart"
apart from,Except for; other than,ngoài,"Apart from the weather, the trip was great.",preposition,apart from,"except, besides","including, with","apart from that, apart from this"
apartment,"A set of rooms forming an individual residence, typically on one floor and within a larger building",căn hộ,She lives in an apartment downtown.,noun,apartments,"flat, condo","house, villa","luxury apartment, rent an apartment"
apologize,Express regret for something that one has done wrong,xin lỗi,I apologize for the mistake.,verb,"apologizes, apologizing, apologized","say sorry, express regret",none,"apologize for, apologize to"
apparent,Clearly visible or understood; obvious,rõ ràng,It was apparent that she was upset.,adjective,apparently,"obvious, evident","hidden, unclear","become apparent, make apparent"
apparently,As far as one knows or can see,rõ ràng,"Apparently, it is going to rain today.",adverb,apparent,"seemingly, evidently",none,"apparently true, apparently due"
appeal,"Make a serious or urgent request, typically to the public",bắt mắt,They made an appeal for donations.,"noun, verb","appeals, appealing, appealed","plea, request",none,"appeal to, appeal for"
appear,Come into sight; become visible or noticeable,xuất hiện,She appeared out of nowhere.,verb,"appears, appearing, appeared","show, emerge","disappear, vanish","appear suddenly, appear on"
appearance,The way that someone or something looks,vẻ bề ngoài,He takes pride in his appearance.,noun,appearances,"look, aspect","disappearance, absence","physical appearance, appearance change"
apple,"The round fruit of a tree of the rose family, which typically has thin green or red skin and crisp flesh",quả táo,She ate an apple for lunch.,noun,apples,fruit,none,"apple tree, apple pie"
application,A formal request to an authority for something,ứng dụng,He filled out an application for the job.,noun,applications,"request, petition",none,"job application, application form"
apply,Make a formal application or request,áp dụng,You need to apply for the position.,verb,"applies, applying, applied","petition, request",none,"apply for, apply to"
appoint,Assign a job or role to (someone),bổ nhiệm,She was appointed as the new manager.,verb,"appoints, appointing, appointed","assign, designate","dismiss, remove","appoint a manager, appoint a date"
appointment,An arrangement to meet someone at a particular time and place,cuộc hẹn,I have an appointment with the doctor.,noun,appointments,"meeting, date","cancellation, refusal","doctor's appointment, set an appointment"
appreciate,Recognize the full worth of,đánh giá,I appreciate your help.,verb,"appreciates, appreciating, appreciated","value, respect","disregard, ignore","greatly appreciate, appreciate fully"
approach,Come near or nearer to (someone or something) in distance,tiếp cận,She approached the door slowly.,"verb, noun","approaches, approaching, approached","move towards, come near","retreat, withdraw","cautiously approach, approach the subject"
appropriate,Suitable or proper in the circumstances,phù hợp,That outfit is appropriate for the occasion.,adjective,appropriately,"suitable, proper","inappropriate, unsuitable","appropriate behavior, appropriate response"
approval,The action of officially agreeing to something or accepting something as satisfactory,sự chấp thuận,The project has received approval.,noun,approvals,"acceptance, consent","disapproval, rejection","gain approval, seek approval"
approve,Officially agree to or accept as satisfactory,chấp thuận,Do you approve of this plan?,verb,"approves, approving, approved","accept, agree","reject, disapprove","approve the plan, approve of"
approving,Showing or feeling approval of someone or something,phê duyệt,He gave an approving nod.,adjective,approvingly,"supportive, favorable",disapproving,"approving glance, approvingly"
approximate,"Close to the actual, but not completely accurate or exact",xấp xỉ,The approximate cost is $100.,adjective,"approximates, approximating, approximated","near, close","exact, precise","approximate value, approximate time"
approximately,"Used to show that something is almost, but not completely, accurate or exact",khoảng,There were approximately 50 people at the event.,adverb,approximate,"roughly, about","exactly, precisely","approximately equal, approximately similar"
April,"The fourth month of the year, in the northern hemisphere usually considered the second month of spring",Tháng tư,Her birthday is in April.,noun,Aprils,none,none,"April showers, April Fool's Day"
area,"A region or part of a town, a country, or the world",khu vực,They live in a rural area.,noun,areas,"region, zone",none,"urban area, area code"
argue,"Give reasons or cite evidence in support of an idea, action, or theory, typically with the aim of persuading others to share one's view",tranh cãi,They argued about the best solution.,verb,"argues, arguing, argued","dispute, debate","agree, concur","argue about, argue with"
argument,"An exchange of diverging or opposite views, typically a heated or angry one",lý lẽ,They had an argument about politics.,noun,arguments,"dispute, quarrel","agreement, harmony","heated argument, strong argument"
arise,Emerge; become apparent,phát sinh,Problems may arise if you don't follow the rules.,verb,"arises, arising, arose","emerge, occur","settle, resolve","arise naturally, arise unexpectedly"
arm,Each of the two upper limbs of the human body from the shoulder to the hand,cánh tay,He injured his arm.,noun,arms,limb,none,"broken arm, left arm"
armed,Equipped with or carrying weapons,vũ trang,The guards were armed.,adjective,armed,weaponized,unarmed,"armed forces, armed conflict"
arms,Weapons and ammunition,cánh tay,The soldiers carried arms.,noun,arms,"weapons, munitions",none,"bear arms, lay down arms"
army,An organized military force equipped for fighting on land,quân đội,He joined the army.,noun,armies,"military, troops",none,"army base, army officer"
around,Located or situated on every side,xung quanh,She looked around the room.,"adverb, preposition",around,"about, approximately",none,"look around, travel around"
arrange,"Put (things) in a neat, attractive, or required order",sắp xếp,She arranged the flowers in a vase.,verb,"arranges, arranging, arranged","organize, sort","disorganize, disrupt","arrange a meeting, arrange flowers"
arrangement,"The action, process, or result of arranging or being arranged",sắp xếp,The arrangement of the furniture was perfect.,noun,arrangements,"order, organization","disorder, confusion","seating arrangement, financial arrangement"
arrest,Seize (someone) by legal authority and take into custody,bắt giữ,The police arrested the suspect.,verb,"arrests, arresting, arrested","detain, capture","release, free","make an arrest, arrest warrant"
arrival,The action or process of arriving,đến,Her arrival was delayed.,noun,arrivals,"coming, approach","departure, leaving","late arrival, early arrival"
arrive,Reach a place at the end of a journey or a stage in a journey,đến,We arrived at the hotel.,verb,"arrives, arriving, arrived","reach, get to","leave, depart","arrive on time, arrive late"
arrive at,To reach a particular place,đến,They arrived at the station.,phrasal verb,"arrives at, arriving at, arrived at","reach, get to","leave, depart","arrive at a decision, arrive at a conclusion"
arrow,"A weapon consisting of a thin, straight stick with a sharp point, designed to be shot from a bow",mũi tên,He shot an arrow.,noun,arrows,"shaft, dart",none,"shoot an arrow, bow and arrow"
art,"The expression or application of human creative skill and imagination, typically in a visual form such as painting or sculpture",nghệ thuật,She studied art in college.,noun,arts,"craft, creativity",none,"modern art, art gallery"
article,"A particular item or object, typically one of a specified type",bài báo,He wrote an article for the magazine.,noun,articles,"item, object",none,"news article, research article"
artificial,"Made or produced by human beings rather than occurring naturally, typically as a copy of something natural",nhân tạo,This drink contains artificial flavors.,adjective,artificially,"synthetic, fake","natural, real","artificial intelligence, artificial light"
artificially,By means of human intervention rather than naturally,một cách giả tạo,The flowers are artificially grown.,adverb,artificial,unnaturally,naturally,"artificially colored, artificially flavored"
artist,A person who creates art,nghệ sĩ,He is a famous artist.,noun,artists,"creator, painter",none,"professional artist, artist community"
artistic,Having or revealing natural creative skill,nghệ thuật,She has great artistic talent.,adjective,artistically,"creative, imaginative","unartistic, uncreative","artistic expression, artistic skills"
artistically,In a way that relates to art or artists,về mặt nghệ thuật,The room was decorated artistically.,adverb,artistic,"creatively, aesthetically",unartistically,"artistically inclined, artistically gifted"
as,Used to indicate that something happens during the time when something else is taking place,BẰNG,He watched her as she left.,"conjunction, preposition",as,"while, during",none,"as she walked, as it happened"
ashamed,"Embarrassed or guilty because of one's actions, characteristics, or associations",xấu hổ,He felt ashamed of his behavior.,adjective,ashamedly,"embarrassed, guilty","proud, unashamed","feel ashamed, be ashamed"
aside,To one side; out of the way,sang một bên,He stepped aside to let her pass.,"adverb, noun",aside,"away, to the side","center, middle","step aside, put aside"
aside from,Except for; apart from,ngoài ra,"Aside from the cost, the project is feasible.",preposition,aside from,"except, apart from","including, with","aside from that, aside from this"
ask,Say something in order to obtain an answer or some information,hỏi,She asked a question.,verb,"asks, asking, asked","inquire, question","answer, reply","ask for, ask about"
asleep,In a state of sleep,ngủ,He was sound asleep.,adjective,asleep,"sleeping, dormant","awake, alert","fall asleep, be asleep"
aspect,A particular part or feature of something,diện mạo,The financial aspect of the deal is crucial.,noun,aspects,"feature, facet","whole, entirety","important aspect, different aspect"
assist,Give help or support to,hỗ trợ,She assisted the elderly woman.,verb,"assists, assisting, assisted","help, support","hinder, obstruct","assist with, assist in"
assistance,The action of helping someone with a job or task,hỗ trợ,They offered assistance to the victims.,noun,assistances,"aid, help","hindrance, obstruction","seek assistance, provide assistance"
assistant,A person who ranks below a senior person,trợ lý,She works as an assistant to the manager.,noun,assistants,"aide, helper","boss, superior","personal assistant, executive assistant"
associate,Connect (someone or something) with something else in one's mind,kết hợp,He associated himself with the campaign.,"verb, noun","associates, associating, associated","connect, link","separate, dissociate","associate with, closely associate"
associated,Connected with something else,có liên quan,She is associated with the project.,adjective,associatedly,"connected, related","unrelated, separate","associated with, associated company"
association,A group of people organized for a joint purpose,sự kết hợp,The association meets every month.,noun,associations,"organization, group","disassociation, separation","professional association, community association"
assume,"Suppose to be the case, without proof",cho rằng,I assume he is coming.,verb,"assumes, assuming, assumed","presume, suppose","doubt, question","assume responsibility, assume control"
assure,Tell someone something positively to dispel any doubts,đảm bảo,She assured him of her support.,verb,"assures, assuring, assured","reassure, convince","doubt, dissuade","assure success, assure support"
at,Expressing location or arrival in a particular place or position,Tại,She is at the library.,preposition,at,"in, on",away from,"at home, at work"
atmosphere,The envelope of gases surrounding the earth or another planet,bầu không khí,The atmosphere was tense.,noun,atmospheres,"air, ambiance",vacuum,"thick atmosphere, friendly atmosphere"
atom,The basic unit of a chemical element,nguyên tử,The atom is the basic unit of matter.,noun,atoms,particle,none,"split atom, atom bomb"
attach,Fasten; join,gắn,Please attach the file to the email.,verb,"attaches, attaching, attached","affix, join","detach, remove","attach importance, attach a file"
attached,"Joined, fastened, or connected to something",đính kèm,The document is attached to the email.,adjective,attachedly,"connected, linked","detached, separated","attached file, emotionally attached"
attack,Take aggressive action against (a place or enemy forces) with weapons or armed force,tấn công,The soldiers attacked the fort.,"verb, noun","attacks, attacking, attacked","assault, strike","defend, protect","attack the enemy, attack plan"
attempt,"Make an effort to achieve or complete (something, typically a difficult task or action)",nỗ lực,She attempted to lift the box.,"verb, noun","attempts, attempting, attempted","try, endeavor","give up, quit","make an attempt, first attempt"
attempted,Tried to do (something),đã cố gắng,He attempted the test.,adjective,attempts,tried,succeeded,"attempted murder, attempted robbery"
attend,"Be present at (an event, meeting, or function)",tham gia,She attended the meeting.,verb,"attends, attending, attended","participate, join","miss, avoid","attend regularly, attend class"
attend to,Deal with,tham dự,She attended to her duties.,phrasal verb,"attends to, attending to, attended to","care for, deal with","ignore, neglect","attend to matters, attend to needs"
attention,Notice taken of someone or something,chú ý,He paid attention to the details.,noun,attentions,"notice, awareness","inattention, disregard","pay attention, attract attention"
attitude,A settled way of thinking or feeling about someone or something,thái độ,She has a positive attitude.,noun,attitudes,"view, outlook","disinterest, indifference","positive attitude, change attitude"
attorney,A person appointed to act for another in business or legal matters,luật sư,She consulted her attorney.,noun,attorneys,"lawyer, counsel","client, defendant","defense attorney, district attorney"
attract,"Cause to come to a place or participate in a venture by offering something of interest, favorable conditions, or opportunities",thu hút,The festival attracts many visitors.,verb,"attracts, attracting, attracted","draw, allure","repel, deter","attract attention, attract customers"
attraction,"The action or power of evoking interest, pleasure, or liking for someone or something",sự thu hút,The main attraction at the fair was the rollercoaster.,noun,attractions,"appeal, allure","repulsion, repulsiveness","tourist attraction, main attraction"
attractive,Pleasing or appealing to the senses,hấp dẫn,She is an attractive person.,adjective,attractively,"appealing, charming","unattractive, repellent","attractive offer, attractive design"
audience,The assembled spectators or listeners at a public event,khán giả,The audience applauded.,noun,audiences,"spectators, viewers",none,"target audience, audience participation"
August,The eighth month of the year,Tháng tám,The festival is in August.,noun,Augusts,none,none,"early August, mid-August"
aunt,The sister of one's father or mother or the wife of one's uncle,dì,She visited her aunt.,noun,aunts,none,none,"maternal aunt, paternal aunt"
author,"A writer of a book, article, or report",tác giả,He is the author of several books.,noun,authors,"writer, creator",none,"best-selling author, famous author"
authority,"The power or right to give orders, make decisions, and enforce obedience",thẩm quyền,She has the authority to make decisions.,noun,authorities,"control, command","powerlessness, weakness","legal authority, local authority"
automatic,Working by itself with little or no direct human control,tự động,The doors are automatic.,adjective,automatically,"self-operating, mechanized","manual, non-automatic","automatic transmission, automatic response"
automatically,Without conscious thought or intention,tự động,The device shuts off automatically.,adverb,automatic,"involuntarily, instinctively","deliberately, intentionally","work automatically, happen automatically"
autumn,"The season between summer and winter, when leaves fall from trees",mùa thu,Autumn is my favorite season.,noun,autumns,fall,spring,"autumn leaves, autumn season"
available,Able to be used or obtained; at someone's disposal,có sẵn,The book is available in the library.,adjective,availability,"accessible, obtainable","unavailable, scarce","make available, available resources"
average,A number expressing the central or typical value in a set of data,trung bình,The average temperature in July is high.,"noun, adjective","averages, averaging, averaged","mean, median","extreme, exceptional","average cost, average person"
avoid,Keep away from or stop oneself from doing (something),tránh xa,He tried to avoid the obstacle.,verb,"avoids, avoiding, avoided","evade, dodge","confront, face","avoid conflict, avoid danger"
awake,Not asleep,thức giấc,She was awake all night.,adjective,"awakes, awaking, awoke","alert, conscious","asleep, unconscious","stay awake, wide awake"
award,"Give or order the giving of (something) as an official payment, compensation, or prize to (someone)",phần thưởng,She won an award for her work.,"noun, verb","awards, awarding, awarded","prize, reward","penalty, punishment","win an award, award ceremony"
aware,Having knowledge or perception of a situation or fact,nhận thức,He is aware of the risks.,adjective,awareness,"conscious, mindful","unaware, ignorant","well aware, fully aware"
away,"To or at a distance from a particular place, person, or thing",xa,She walked away from the crowd.,"adverb, adjective",aways,"distant, apart","near, close","walk away, move away"
awful,Very bad or unpleasant,tồi tệ,The weather was awful.,adjective,awfulness,"terrible, dreadful","pleasant, nice","awful experience, awful smell"
awfully,Very; extremely,khủng khiếp,I'm awfully sorry.,adverb,awfully,"extremely, very","slightly, a little","awfully good, awfully nice"
awkward,Causing difficulty; hard to deal with,vụng về,The situation was very awkward.,adjective,awkwardness,"clumsy, uncomfortable","graceful, smooth","awkward silence, awkward moment"
awkwardly,In an awkward manner,vụng về,He moved awkwardly in the small space.,adverb,awkward,"clumsily, uncomfortably","gracefully, smoothly","smile awkwardly, awkwardly position"
baby,"A very young child, especially one newly or recently born",Đứa bé,The baby is sleeping.,noun,babies,"infant, newborn","adult, grown-up","baby boy, baby girl"
back,The rear surface of the human body from the shoulders to the hips,mặt sau,He lay on his back.,"noun, adjective, adverb, verb","backs, backing, backed","spine, rear","front, forward","lie back, step back"
background,The part of a scene (or picture) that lies behind objects in the foreground,lý lịch,She has a background in finance.,noun,backgrounds,"setting, context","foreground, foreground","educational background, cultural background"
back up,To support or help,hỗ trợ,I will back up your decision.,phrasal verb,"backs up, backing up, backed up","support, assist","oppose, hinder","back up the files, back up your argument"
backward,Directed behind or to the rear,lạc hậu,He took a step backward.,"adjective, adverb",backwardness,"reverse, rearward","forward, ahead","move backward, step backward"
backwards,In the opposite direction from the one that you are facing or opposite to the usual direction,ngược lại,She walked backwards.,adverb,backwardness,"in reverse, rearward","forward, ahead","walk backwards, look backwards"
bacteria,"Microscopic living organisms, usually one-celled, that can be found everywhere",vi khuẩn,Bacteria can cause infections.,noun,bacterial,"germs, microbes",none,"harmful bacteria, bacterial infection"
bad,Of poor quality or a low standard,xấu,The weather was bad.,adjective,badness,"poor, substandard","good, excellent","bad weather, bad experience"
badly,"In an unsatisfactory, inadequate, or unsuccessful way",tệ quá,She performed badly on the test.,adverb,badness,"poorly, inadequately","well, successfully","perform badly, behave badly"
bad-tempered,Easily annoyed or made angry,xấu tính,He is bad-tempered in the mornings.,adjective,bad-temperedly,"grumpy, irritable","cheerful, good-natured","become bad-tempered, bad-tempered person"
bag,"A container made of flexible material with an opening at the top, used for carrying things",cái túi,She packed her bag.,"noun, verb","bags, bagging, bagged","sack, pouch",none,"plastic bag, shopping bag"
baggage,Personal belongings packed in suitcases for traveling; luggage,hành lý,They checked their baggage.,noun,baggage,"luggage, suitcases",none,"hand baggage, excess baggage"
bake,"Cook (food) by dry heat without direct exposure to a flame, typically in an oven",nướng,She baked a cake.,"verb, noun","bakes, baking, baked","roast, cook",none,"bake bread, bake in the oven"
balance,An even distribution of weight enabling someone or something to remain upright and steady,THĂNG BẰNG,He lost his balance and fell.,"noun, verb","balances, balancing, balanced","stability, equilibrium","imbalance, instability","maintain balance, lose balance"
ball,"A solid or hollow spherical or egg-shaped object that is kicked, thrown, or hit in a game",quả bóng,They played ball in the park.,noun,"balls, balling, balled","sphere, orb",none,"throw the ball, soccer ball"
ban,Officially or legally prohibit (something),lệnh cấm,The city banned smoking in public places.,"verb, noun","bans, banning, banned","prohibit, forbid","allow, permit","impose a ban, lift a ban"
band,"A flat, thin strip or loop of material put around something, typically to hold it together or to decorate it",ban nhạc,She wore a hair band.,"noun, verb","bands, banding, banded","strip, ribbon",none,"rubber band, music band"
bandage,A strip of material used to bind a wound or to protect an injured part of the body,băng bó,He wrapped a bandage around his arm.,"noun, verb","bandages, bandaging, bandaged","dressing, compress",none,"apply a bandage, remove a bandage"
bank,The land alongside or sloping down to a river or lake,ngân hàng,They sat on the river bank.,"noun, verb","banks, banking, banked","shore, edge",none,"river bank, bank account"
bar,"A long rigid piece of wood, metal, or similar material, typically used as an obstruction, fastening, or weapon",thanh,The windows were protected with iron bars.,"noun, verb","bars, barring, barred","rod, barrier",none,"iron bar, chocolate bar"
bargain,An agreement between two or more parties as to what each party will do for the other,mặc cả,They struck a bargain to sell the house.,"noun, verb","bargains, bargaining, bargained","deal, agreement",rip-off,"strike a bargain, good bargain"
barrier,A fence or other obstacle that prevents movement or access,rào cản,The crowd was stopped by a barrier.,noun,barriers,"obstacle, hurdle","access, entry","break down a barrier, barrier to entry"
base,"The lowest part or edge of something, especially the part on which it rests or is supported",căn cứ,The lamp has a heavy base.,"noun, verb","bases, basing, based","foundation, bottom","top, peak","solid base, base of operations"
based,Having a specified foundation or basis,dựa trên,The story is based on real events.,adjective,basedly,"founded, established",unfounded,"based on true events, based on research"
base on,Use as a point from which (something) can develop,căn cứ vào,The movie is based on a true story.,phrasal verb,"bases on, basing on, based on","ground on, build on",none,"base on a true story, base on evidence"
basic,Forming an essential foundation or starting point; fundamental,nền tảng,The basic principles of math are taught in school.,adjective,basically,"fundamental, essential","advanced, complex","basic principles, basic needs"
basically,In the most essential respects; fundamentally,về cơ bản,"Basically, they are the same.",adverb,basic,"essentially, fundamentally",superficially,"basically the same, basically true"
basis,"The underlying support or foundation for an idea, argument, or process",cơ sở,The basis of their argument was weak.,noun,bases,"foundation, base",none,"solid basis, basis for negotiation"
bath,"A large container for water, used for immersing and washing the body",bồn tắm,She took a bath to relax.,"noun, verb","baths, bathing, bathed","bathtub, wash",shower,"take a bath, hot bath"
bathroom,A room containing a toilet and sink and typically also a bathtub or shower,phòng tắm,The house has two bathrooms.,noun,bathrooms,"restroom, lavatory",none,"clean the bathroom, bathroom sink"
battery,"A container consisting of one or more cells, in which chemical energy is converted into electricity and used as a source of power",ắc quy,The remote control needs new batteries.,noun,batteries,"cell, power source",none,"rechargeable battery, dead battery"
battle,A sustained fight between large organized armed forces,trận đánh,The battle lasted for days.,"noun, verb","battles, battling, battled","combat, fight","peace, truce","epic battle, battle scene"
bay,A broad inlet of the sea where the land curves inward,vịnh,We sailed into the bay.,noun,bays,"inlet, cove","cape, promontory","bay area, bay window"
be,Exist,là,"To be or not to be, that is the question.",verb,"being, been","exist, live","cease, stop","be happy, be careful"
beach,"A pebbly or sandy shore, especially by the sea between high- and low-water marks",bãi biển,They walked along the beach.,noun,beaches,"shore, seaside",none,"sandy beach, beach resort"
beak,"The horny projecting jaw of birds, typically pointed and curved",mỏ,The bird has a sharp beak.,noun,beaks,"bill, snout",none,"sharp beak, long beak"
bear,Endure (an ordeal or difficulty),con gấu,He couldn't bear the pain.,verb,"bears, bearing, bore","endure, tolerate","surrender, avoid","bear the weight, bear responsibility"
beard,A growth of hair on the chin and lower cheeks of a man's face,râu ,He decided to grow a beard.,"noun, verb","beards, bearding, bearded","facial hair, whiskers",none,"grow a beard, shave a beard"
beat,"Strike (a person or an animal) repeatedly and violently so as to hurt or injure them, typically with the fists or a blunt implement",tiết tấu,He beat the drum loudly.,"verb, noun","beats, beating, beaten","strike, hit","caress, soothe","beat the drum, beat the odds"
beat up,To attack and hit someone repeatedly,đánh đập,They beat him up in the alley.,phrasal verb,"beats up, beating up, beaten up","assault, attack","comfort, soothe","beat up badly, beat up on"
beautiful,Pleasing the senses or mind aesthetically,xinh đẹp,She is a beautiful woman.,adjective,beautifully,"gorgeous, lovely","ugly, unattractive","beautiful landscape, beautiful voice"
beautifully,In a way that pleases the senses or mind aesthetically,đẹp đẽ,The garden is beautifully designed.,adverb,beautiful,"elegantly, gracefully","ugly, unattractively","beautifully decorated, beautifully written"
beauty,"A combination of qualities, such as shape, color, or form, that pleases the aesthetic senses, especially the sight",sắc đẹp,She is admired for her beauty.,noun,beauties,"attractiveness, loveliness","ugliness, unattractiveness","inner beauty, beauty salon"
because,For the reason that; since,bởi vì,I stayed home because it was raining.,conjunction,because,"since, as",despite,"because of that, because I said so"
because of,Due to; as a result of,bởi vì,The game was canceled because of the rain.,preposition,because of,"due to, owing to",none,"because of this, because of you"
become,Begin to be,trở nên,She became a doctor.,verb,"becomes, becoming, became","grow into, develop",none,"become rich, become famous"
bed,"A piece of furniture for sleep or rest, typically a framework with a mattress",giường,He lay down on the bed.,noun,"beds, bedding, bedded","sleeping place, cot",none,"go to bed, make the bed"
bedroom,A room furnished with a bed and intended primarily for sleeping,phòng ngủ,The bedroom is upstairs.,noun,bedrooms,"sleeping room, chamber",none,"master bedroom, spare bedroom"
beef,"The flesh of a cow, bull, or ox, used as food",thịt bò,They had beef for dinner.,noun,beefs,"meat, steak",none,"beef stew, roast beef"
beer,An alcoholic drink made from yeast-fermented malt flavored with hops,bia,He drank a bottle of beer.,noun,beers,"ale, brew",none,"cold beer, beer bottle"
before,"During the period of time preceding (a particular event, date, or time)",trước,She left before dawn.,"preposition, conjunction, adverb",before,"prior to, in advance of","after, following","before dinner, before you go"
begin,Start; perform or undergo the first part of (an action or activity),bắt đầu,The show will begin shortly.,verb,"begins, beginning, began","start, commence","end, finish","begin to, begin with"
beginning,The point in time or space at which something starts,sự khởi đầu,The beginning of the book is interesting.,noun,beginnings,"start, onset","end, conclusion","new beginning, fresh beginning"
behalf,"In the interests of a person, group, or principle",thay mặt,He spoke on behalf of the team.,noun,behalves,"for, representing",none,"on behalf of, in behalf of"
behave,"Act or conduct oneself in a specified way, especially toward others",ứng xử,They were told to behave properly.,verb,"behaves, behaving, behaved","act, conduct oneself","misbehave, misconduct","behave well, behave badly"
behavior,"The way in which one acts or conducts oneself, especially toward others",hành vi,His behavior is unacceptable.,noun,behaviors,"conduct, actions",misconduct,"acceptable behavior, human behavior"
behind,"At or to the far side of (something), typically so as to be hidden by it",phía sau,She hid behind the curtain.,"preposition, adverb",behind,"at the back of, beyond","in front of, ahead of","hide behind, stand behind"
be left over,To remain after the rest has been used or dealt with,bị bỏ lại,There was some food left over after the party.,phrasal verb,"be left over, being left over, was left over","remain, stay",none,"what is left over, food left over"
belief,An acceptance that a statement is true or that something exists,sự tin tưởng,Her belief in justice is strong.,noun,beliefs,"faith, conviction","disbelief, doubt","strong belief, belief system"
believe,Accept (something) as true; feel sure of the truth of,tin tưởng,I believe in you.,verb,"believes, believing, believed","trust, accept","doubt, disbelieve","believe strongly, believe firmly"
believe in,Have faith in the truth or existence of,tin vào,She believes in fairies.,phrasal verb,"believes in, believing in, believed in","have faith in, trust",disbelieve,"believe in God, believe in yourself"
bell,A device that makes a ringing sound and is used to give a signal or warning,chuông,The school bell rang.,noun,bells,"chime, buzzer",none,"ring the bell, school bell"
belong,Be the property of,thuộc về,The book belongs to me.,verb,"belongs, belonging, belonged",be owned by,none,"truly belong, really belong"
belong to,Be the property of (someone),thuộc về,This land belongs to the government.,phrasal verb,"belongs to, belonging to, belonged to",be possessed by,none,"belong to me, belong to us"
below,At a lower level or layer than,dưới,The temperature is below freezing.,"preposition, adverb",below,"under, beneath","above, over","below average, below the surface"
belt,A strip of leather or other material worn around the waist to support or hold in clothes or to carry weapons,thắt lưng,He wore a leather belt.,noun,"belts, belting, belted","girdle, sash",none,"leather belt, safety belt"
bend,Shape or force (something straight) into a curve or angle,uốn cong,She bent the wire into a circle.,"verb, noun","bends, bending, bent","curve, flex","straighten, unbend","bend over, bend down"
beneath,"Extending or directly underneath, typically with close contact",bên dưới,The ground beneath our feet,"preposition, adverb",beneath,"under, underneath","above, over","beneath the surface, beneath the ground"
benefit,An advantage or profit gained from something,lợi ích,The new plan will benefit everyone.,"noun, verb","benefits, benefiting, benefited","advantage, gain","disadvantage, harm","benefit greatly, benefit from"
bent,Sharply curved or having an angle,uốn cong,The metal rod was bent.,"adjective, noun",bentness,"curved, angled","straight, unbent","bent out of shape, bent over"
beside,At the side of; next to,bên cạnh,She sat beside him.,preposition,beside,"next to, alongside",away from,"stand beside, sit beside"
best,"Of the most excellent, effective, or desirable type or quality",tốt nhất,This is the best cake I've ever had.,"adjective, adverb, noun",bests,"finest, greatest","worst, poorest","best friend, best quality"
bet,Risk (a sum of money or valued item) against someone else's on the basis of the outcome of an unpredictable event such as a race or game,cá cược,He bet $50 on the game.,"verb, noun","bets, betting, betted","wager, gamble",none,"place a bet, win a bet"
better,Of a more excellent or effective type or quality,tốt hơn,She is a better cook than I am.,"adjective, adverb, noun",betters,"superior, improved","worse, inferior","get better, feel better"
betting,The act of risking a sum of money on the outcome of an event,cá cược,Betting on horse races is popular.,noun,bettings,"gambling, wagering",none,"sports betting, betting odds"
between,"At, into, or across the space separating (two objects or regions)",giữa,The ball rolled between the chairs.,preposition,between,"in the middle of, among","outside, beyond","between the lines, between the two"
beyond,At or to the further side of,vượt ra,The road extends beyond the horizon.,preposition,beyond,"past, further than","within, inside","beyond belief, beyond recognition"
bicycle,"A vehicle composed of two wheels held in a frame one behind the other, propelled by pedals and steered with handlebars attached to the front wheel",xe đạp,He rides his bicycle to school.,"noun, verb",bicycles,"bike, cycle",none,"ride a bicycle, bicycle lane"
bid 1,"Offer (a certain price) for something, especially at an auction",giá thầu 1,He bid $200 for the painting.,"verb, noun","bids, bidding, bidded","offer, tender","withdraw, retract","place a bid, winning bid"
big,"Of considerable size, extent, or intensity",to lớn,They live in a big house.,adjective,"bigger, biggest","large, huge","small, tiny","big problem, big deal"
bike,A bicycle or motorcycle,xe đạp,He rides his bike to work.,"noun, verb","bikes, biking, biked","bicycle, motorcycle",none,"ride a bike, bike ride"
bill,A printed or written statement of the money owed for goods or services,hóa đơn,She paid the electricity bill.,noun,"bills, billing, billed","invoice, statement",none,"pay the bill, bill payment"
billion,"The number equivalent to the product of a thousand and a million; 1,000,000,000",tỷ,The company is worth over a billion dollars.,"noun, number",billions,none,none,"billion dollars, billion times"
bin,A container for storing or holding items,cái thùng,Please put the trash in the bin.,"noun, verb","bins, binning, binned","container, receptacle",none,"trash bin, recycling bin"
biology,The study of living organisms,sinh vật học,She is studying biology.,noun,biological,"life science, natural science",none,"study biology, biology class"
bird,"A warm-blooded egg-laying vertebrate distinguished by feathers, wings, and a beak",chim,The bird sang a beautiful song.,noun,birds,"avian, fowl",none,"rare bird, bird species"
birth,The emergence of a baby or other young from the body of its mother,sinh,The birth of their child was a joyful event.,noun,births,"nativity, delivery","death, demise","birth certificate, birth rate"
birthday,The anniversary of the day on which a person was born,sinh nhật,Her birthday is next week.,noun,birthdays,"anniversary, natal day",none,"happy birthday, birthday party"
biscuit,"A small baked unleavened cake, typically crisp, flat, and sweet",bánh quy,She ate a chocolate biscuit.,noun,biscuits,"cookie, cracker",none,"chocolate biscuit, biscuit tin"
bit,"A small piece, part, or quantity of something",chút,He gave me a bit of his sandwich.,noun,bits,"piece, fragment","whole, lot","a little bit, bit by bit"
bite,Use the teeth to cut into something,cắn,He bit into the apple.,"verb, noun","bites, biting, bitten","chew, nip",none,"bite into, take a bite"
bitter,"Having a sharp, pungent taste or smell; not sweet",vị đắng,The coffee had a bitter taste.,adjective,bitterness,"sharp, sour","sweet, mild","bitter taste, bitter experience"
bitterly,"In an angry, hurt, or resentful manner",cay đắng,She complained bitterly about the cold weather.,adverb,bitter,"resentfully, angrily","pleasantly, happily","bitterly cold, bitterly disappointed"
black,Of the very darkest color owing to the absence of or complete absorption of light,đen,He wore a black suit.,"adjective, noun","blacker, blackest","dark, ebony","white, light","black and white, pitch black"
blade,"The flat cutting edge of a knife, saw, or other tool or weapon",lưỡi dao,The blade of the knife was sharp.,noun,blades,"edge, knife edge",handle,"sharp blade, knife blade"
blame,Assign responsibility for a fault or wrong,đổ tội,He blamed her for the mistake.,"verb, noun","blames, blaming, blamed","fault, accuse","praise, commend","take the blame, put the blame"
blank,Not marked or decorated; plain,trống,The screen was blank.,"adjective, noun","blanks, blanking, blanked","empty, clear","full, complete","blank page, blank stare"
blind,Unable to see,mù,He was born blind.,"adjective, verb","blinds, blinding, blinded","sightless, visionless",sighted,"blind spot, born blind"
block,"A large solid piece of hard material, especially rock, stone, or wood",khối,They moved the large block of stone.,"noun, verb","blocks, blocking, blocked","chunk, hunk",none,"building block, block of flats"
blonde,Fair or pale yellow in color,tóc vàng,She has blonde hair.,"adjective, noun","blonder, blondest","fair-haired, light-haired","brunette, dark-haired","blonde hair, blonde highlights"
blood,The red liquid that circulates in the arteries and veins of humans and other vertebrate animals,máu,He donated blood.,"noun, verb","bloods, blooding, blooded","lifeblood, plasma",none,"donate blood, blood test"
blow,A strong wind,thổi,The blow of the wind was strong.,"verb, noun","blows, blowing, blown","gust, breeze","calm, stillness","strong blow, blow of the wind"
blow out,Extinguish (a flame) by blowing on it,thổi tắt,She blew out the candles.,phrasal verb,"blows out, blowing out, blown out","extinguish, put out","ignite, light","blow out candles, blow out a flame"
blow up,Cause to explode,nổ tung,They planned to blow up the bridge.,phrasal verb,"blows up, blowing up, blown up","explode, detonate","defuse, dismantle","blow up a balloon, blow up a building"
blue,Of a color intermediate between green and violet,màu xanh da trời,She wore a blue dress.,"adjective, noun","bluer, bluest","azure, cerulean",none,"blue sky, blue eyes"
board,"A long, thin, flat piece of wood or other hard material",Cái bảng,He cut a piece of board.,"noun, verb","boards, boarding, boarded","plank, slab",none,"wooden board, surf board"
boat,A small vessel for traveling over water,thuyền,They sailed on a boat.,"noun, verb","boats, boating, boated","vessel, ship",none,"sail a boat, fishing boat"
body,The physical structure of a person or an animal,thân hình,He has a muscular body.,"noun, verb",bodies,"figure, frame",none,"body language, body weight"
boil,Heat (a liquid) to the temperature at which it bubbles and turns to vapor,đun sôi,She boiled the water.,"verb, noun","boils, boiling, boiled","simmer, bubble",none,"boil water, boil an egg"
bomb,"A container filled with explosive, incendiary material, smoke, gas, or other destructive substance, designed to explode on impact or when detonated by a time mechanism or remote-control device",bom,The bomb exploded.,"noun, verb","bombs, bombing, bombed","explosive, missile",none,"drop a bomb, bomb attack"
bone,"Any of the pieces of hard, whitish tissue making up the skeleton in humans and other vertebrates",xương,He broke a bone in his leg.,"noun, verb","bones, boning, boned","skeletal structure, ossein",none,"break a bone, bone structure"
book,"A set of written, printed, or blank pages fastened together along one side and encased between protective covers",sách,She read a book.,"noun, verb","books, booking, booked","volume, tome",none,"read a book, write a book"
boot,"A sturdy item of footwear covering the foot, the ankle, and sometimes the lower leg",khởi động,He wore boots in the snow.,"noun, verb","boots, booting, booted","footwear, shoe",none,"put on boots, hiking boots"
border,"A line separating two political or geographical areas, especially countries",ranh giới,The border between the countries is heavily guarded.,"noun, verb","borders, bordering, bordered","boundary, frontier","center, interior","cross the border, border control"
bore,Make (someone) feel weary and uninterested by tedious talk or dullness,khoan,He bored everyone with his stories.,"verb, noun","bores, boring, bored","weary, tire","interest, entertain","bore someone to death, bore easily"
bored,Feeling weary and impatient because one is unoccupied or lacks interest in one's current activity,chán,She felt bored during the lecture.,adjective,boredom,"disinterested, uninterested","engaged, interested","get bored, look bored"
boring,Not interesting; tedious,nhạt nhẽo,The movie was boring.,adjective,boringness,"dull, monotonous","interesting, exciting","boring lecture, boring movie"
born,Brought into life by the process of birth,sinh,She was born in July.,adjective,born,none,none,"born on, born in"
borrow,Take and use (something belonging to someone else) with the intention of returning it,vay mượn,He borrowed a book from the library.,verb,"borrows, borrowing, borrowed","take, use","lend, return","borrow money, borrow a book"
boss,A person who is in charge of a worker or organization,ông chủ,He is the boss of the company.,"noun, verb","bosses, bossing, bossed","manager, supervisor","employee, worker","boss around, new boss"
both,"Used to refer to two people or things, regarded and identified together",cả hai,Both cats are black.,"determiner, pronoun",both,"the two, each",neither,"both of them, both sides"
bother,Take the trouble to do something,làm phiền,Don't bother to call him.,"verb, noun","bothers, bothering, bothered","trouble, hassle","ignore, neglect","bother with, don't bother"
bottle,"A container, typically made of glass or plastic and with a narrow neck, used for storing drinks or other liquids",cái chai,She drank a bottle of water.,"noun, verb","bottles, bottling, bottled","flask, jar",none,"empty bottle, glass bottle"
bottom,The lowest point or part of something,đáy,The ball is at the bottom of the hill.,"noun, adjective",bottoms,"base, foot","top, peak","bottom line, at the bottom"
bound,Going or ready to go toward a specified place,ràng buộc,The train is bound for Paris.,adjective,bound,"headed, destined",unbound,"east bound, home bound"
bowl,"A round, deep dish or basin used for food or liquid",cái bát,She served the soup in a bowl.,"noun, verb","bowls, bowling, bowled","dish, container",none,"soup bowl, mixing bowl"
box,"A container with a flat base and sides, typically square or rectangular and having a lid",hộp,He put the tools in a box.,"noun, verb","boxes, boxing, boxed","crate, case",none,"cardboard box, wooden box"
boy,A male child or youth,con trai,The boy is playing outside.,noun,boys,"lad, youngster","girl, girl child","young boy, little boy"
boyfriend,A regular male companion with whom one has a romantic or sexual relationship,bạn trai,She met her boyfriend at the cafe.,noun,boyfriends,"partner, lover",none,"new boyfriend, ex-boyfriend"
brain,"An organ of soft nervous tissue contained in the skull of vertebrates, functioning as the coordinating center of sensation and intellectual and nervous activity",não,The human brain is very complex.,"noun, verb",brains,"mind, intellect",none,"brain surgery, brain function"
branch,A part of a tree that grows out from the trunk or from a bough,chi nhánh,He climbed a tree and sat on a branch.,"noun, verb","branches, branching, branched","limb, bough","trunk, root","tree branch, branch office"
brand,A type of product manufactured by a particular company under a particular name,thương hiệu,This is a popular brand of shoes.,"noun, verb","brands, branding, branded","label, trademark","generic, no-name","brand new, famous brand"
brave,Ready to face and endure danger or pain; showing courage,can đảm,The brave soldier received a medal.,"adjective, verb, noun","bravely, braveness","courageous, fearless","cowardly, fearful","brave enough, brave soldier"
bread,"Food made of flour, water, and yeast mixed together and baked",bánh mỳ,She bought a loaf of bread.,noun,breads,"loaf, baguette",none,"slice of bread, loaf of bread"
break,"Separate or cause to separate into pieces as a result of a blow, shock, or strain",phá vỡ,She accidentally broke the vase.,"verb, noun","breaks, breaking, broke","shatter, smash","repair, fix","break a leg, break free"
break down,Stop functioning,phá vỡ,The car broke down on the highway.,phrasal verb,"breaks down, breaking down, broke down","fail, malfunction","function, work","break down completely, sudden break down"
breakfast,"A meal eaten in the morning, the first of the day",bữa sáng,They had eggs for breakfast.,"noun, verb","breakfasts, breakfasting, breakfasted","morning meal, brunch","dinner, supper","healthy breakfast, breakfast cereal"
break in,Enter a building by force,đột nhập,Thieves broke in and stole the jewels.,phrasal verb,"breaks in, breaking in, broke in","burglarize, intrude","exit, leave","break in through, break in by force"
break into,"Enter or open (a place, vehicle, or container) forcibly, especially for the purpose of theft",đột nhập,Someone tried to break into my car.,phrasal verb,"breaks into, breaking into, broke into","force entry, penetrate","exit, leave","break into a house, break into a car"
break off,Separate or cause to separate abruptly,chia tay,They broke off their engagement.,phrasal verb,"breaks off, breaking off, broke off","detach, sever","attach, join","break off a piece, break off suddenly"
break out,Start suddenly,thoát ra,A fire broke out in the kitchen.,phrasal verb,"breaks out, breaking out, broke out","begin, erupt","end, cease","break out in a rash, break out laughing"
break up,End a relationship,chia tay,They decided to break up after five years together.,phrasal verb,"breaks up, breaking up, broke up","separate, split","unite, reconcile","break up the fight, break up the meeting"
breast,"Either of the two soft, protruding organs on the upper front of a woman's body that secrete milk after childbirth",nhũ hoa,She felt a pain in her left breast.,"noun, verb",breasts,"bosom, mammary gland",none,"breast cancer, breast feed"
breath,The air taken into or expelled from the lungs,hơi thở,She took a deep breath.,noun,breaths,"inhale, exhalation",none,"deep breath, take a breath"
breathe,"Take air into the lungs and then expel it, especially as a regular physiological process",thở,He had to breathe heavily after running.,verb,"breathes, breathing, breathed","inhale, respire","suffocate, choke","breathe deeply, breathe easily"
breathe in,Inhale air,hít vào,She breathed in the fresh air.,phrasal verb,"breathes in, breathing in, breathed in","inhale, draw in",none,"breathe in deeply, breathe in slowly"
breathe out,Exhale air,thở ra,He breathed out slowly.,phrasal verb,"breathes out, breathing out, breathed out","exhale, expel",none,"breathe out slowly, breathe out deeply"
breathing,The process of taking air into and expelling it from the lungs,thở,Breathing exercises can help reduce stress.,"noun, verb",breathings,"respiration, ventilation",suffocation,"heavy breathing, breathing technique"
breed,"Cause (an animal) to produce offspring, typically in a controlled and organized way",giống,They breed horses on their farm.,"verb, noun","breeds, breeding, bred","raise, nurture",none,"breed dogs, breed cattle"
brick,"A small rectangular block typically made of fired or sun-dried clay, used in building",gạch,They used red bricks for the house.,"noun, verb","bricks, bricking, bricked","block, stone",none,"brick wall, brick house"
bridge,"A structure carrying a road, path, railroad, or canal across a river, ravine, road, railroad, or other obstacle",cầu,They walked across the bridge.,"noun, verb","bridges, bridging, bridged","span, overpass",none,"cross the bridge, build a bridge"
brief,Of short duration,ngắn gọn,He gave a brief summary of the report.,"adjective, noun, verb","briefs, briefing, briefed","short, concise","long, extended","brief moment, brief discussion"
briefly,For a short time; fleetingly,ngắn gọn,She spoke briefly about the topic.,adverb,brief,"shortly, quickly",lengthily,"explain briefly, mentioned briefly"
bright,Giving out or reflecting a lot of light; shining,sáng,The sun is very bright today.,adjective,"brighter, brightest","shining, luminous","dim, dull","bright light, bright color"
brightly,In a way that gives out or reflects much light,rực rỡ,The stars shone brightly.,adverb,brightly,"vividly, clearly","dimly, dully","shine brightly, brightly lit"
brilliant,Exceptionally clever or talented,xuất sắc,She gave a brilliant performance.,"adjective, noun",brilliantly,"exceptional, outstanding","dull, ordinary","brilliant idea, brilliant mind"
bring,Take or go with (someone or something) to a place,mang đến ,Can you bring me a glass of water?,"verb, noun","brings, bringing, brought","carry, deliver","take away, remove","bring to, bring along"
bring back,Return (something) to its former condition,mang về,The smell of the cookies brought back memories of my childhood.,phrasal verb,"brings back, bringing back, brought back","recall, restore",take away,"bring back memories, bring back to life"
bring down,Make (someone or something) fall or collapse,hạ xuống,The scandal brought down the government.,phrasal verb,"brings down, bringing down, brought down","defeat, topple","raise, lift","bring down the house, bring down prices"
bring forward,Change the date or time of an event so that it happens earlier,đưa ra phía trước,They decided to bring the meeting forward to Monday.,phrasal verb,"brings forward, bringing forward, brought forward","advance, predate","postpone, delay","bring forward a proposal, bring forward evidence"
bring out,Make (something) more visible or prominent,mang ra ngoài,The new dress really brings out the color of your eyes.,phrasal verb,"brings out, bringing out, brought out","highlight, reveal","hide, conceal","bring out the best, bring out a product"
bring up,Raise (a child),nuôi dưỡng,They brought up three children.,phrasal verb,"brings up, bringing up, brought up","raise, nurture","neglect, ignore","bring up a topic, bring up a child"
broad,Having an ample distance from side to side; wide,rộng rãi,The road is very broad.,"adjective, noun, adverb","broader, broadest","wide, extensive","narrow, limited","broad shoulders, broad agreement"
broadcast,Transmit (a program or some information) by radio or television,phát tin,The news was broadcast at 7 PM.,"verb, noun","broadcasts, broadcasting, broadcasted","transmit, air",receive,"broadcast live, broadcast news"
broadly,In general and with the exception of minor details,một cách rộng rãi,"Broadly speaking, the plan is a good one.",adverb,broad,"generally, mostly",narrowly,"broadly speaking, broadly defined"
broken,Having been fractured or damaged and no longer in one piece or in working order,vỡ,He has a broken leg.,adjective,"breaks, breaking, broke","damaged, fractured","intact, whole","broken heart, broken bone"
brother,A man or boy in relation to other sons and daughters of his parents,anh trai,He has two older brothers.,"noun, verb",brothers,sibling,sister,"older brother, younger brother"
brown,"Of a color produced by mixing red, yellow, and blue, as of dark wood or rich soil",màu nâu,She has brown eyes.,"adjective, noun, verb","browner, brownest","tan, chestnut",none,"brown hair, brown shoes"
brush,"An implement with a handle and a block of bristles, hair, or wire, used for cleaning, smoothing, or painting",chải,She used a brush to paint the wall.,"noun, verb","brushes, brushing, brushed","sweep, paintbrush",none,"paint brush, hair brush"
bubble,A thin sphere of liquid enclosing air or another gas,bong bóng,The soap bubbles floated in the air.,"noun, verb","bubbles, bubbling, bubbled","globule, bead",none,"blow a bubble, soap bubble"
budget,An estimate of income and expenditure for a set period of time,ngân sách,We need to stick to the budget.,"noun, verb","budgets, budgeting, budgeted","financial plan, estimate",none,"annual budget, budget plan"
build,Construct (something) by putting parts or material together,xây dựng,They are planning to build a new house.,"verb, noun","builds, building, built","construct, create","demolish, destroy","build a house, build a career"
building,"A structure with a roof and walls, such as a house, school, or factory",xây dựng,The new building is almost complete.,"noun, verb",buildings,"structure, edifice",none,"tall building, office building"
build up,Increase or cause to increase,xây dựng lên,Traffic begins to build up around 5 PM.,phrasal verb,"builds up, building up, built up","accumulate, increase","decrease, diminish","build up a reputation, build up strength"
bullet,"A projectile for firing from a rifle, revolver, or other small firearm, typically cylindrical and pointed, and sometimes containing an explosive",viên đạn,He found a bullet on the ground.,"noun, verb",bullets,"shot, projectile",none,"silver bullet, bullet wound"
bunch,"A number of things, typically of the same kind, growing or fastened together",bó,She picked a bunch of flowers.,"noun, verb","bunches, bunching, bunched","group, cluster",individual,"bunch of grapes, bunch of keys"
burn,Consume by fire,đốt cháy,The fire burned all night.,"verb, noun","burns, burning, burned","ignite, flame","extinguish, quench","burn a candle, burn bright"
burn down,Destroy by fire,đốt cháy,The old house burned down last year.,phrasal verb,"burns down, burning down, burned down","incinerate, torch",none,"burn down completely, burn down the house"
burnt,Consumed by fire,bị cháy,The toast is burnt.,adjective,burns,"scorched, charred",unburnt,"burnt toast, burnt food"
burst,"Break open or apart suddenly and violently, especially as a result of an impact or internal pressure",nổ tung,The balloon burst.,"verb, noun","bursts, bursting, burst","explode, rupture",none,"burst into flames, burst of energy"
burst into,Suddenly begin to produce or do (something),xông vào,She burst into tears.,phrasal verb,"bursts into, bursting into, burst into","break into, start",none,"burst into laughter, burst into applause"
burst out,Suddenly start to say something loudly,bùng nổ,He burst out laughing.,phrasal verb,"bursts out, bursting out, burst out","shout out, cry out",none,"burst out crying, burst out singing"
bury,Put or hide underground,chôn,They buried the treasure.,"verb, noun","buries, burying, buried","entomb, hide","unbury, exhume","bury a bone, bury the past"
bus,A large motor vehicle carrying passengers by road,xe buýt,We took the bus to school.,"noun, verb","buses, busing, bused","coach, transport","car, bike","catch the bus, bus stop"
bush,A shrub or clump of shrubs with stems of moderate length,bụi cây,They hid behind a bush.,"noun, verb",bushes,"shrub, plant","tree, grass","hide in the bush, thick bush"
business,"A person's regular occupation, profession, or trade",việc kinh doanh,She runs her own business.,"noun, verb",businesses,"work, trade","leisure, idleness","small business, business plan"
businessman,"A man who works in commerce, especially at an executive level",doanh nhân,He is a successful businessman.,noun,businessmen,"entrepreneur, executive",none,"successful businessman, young businessman"
busy,Having a great deal to do,bận,She is always busy with work.,"adjective, verb","busies, busying, busied","occupied, engaged","idle, inactive","busy day, busy schedule"
but,Used to introduce something contrasting with what has already been mentioned,Nhưng,"I want to go, but I can't.","conjunction, preposition",buts,"however, yet",and,"but still, but then"
butter,A pale yellow edible fatty substance made by churning cream and used as a spread or in cooking,bơ,She spread butter on her toast.,"noun, verb","butters, buttering, buttered","margarine, spread",none,"melted butter, butter knife"
button,"A small disc or knob sewn onto a garment, either to fasten it by being pushed through a slit made for the purpose or for decoration",cái nút,He sewed a button on his shirt.,"noun, verb","buttons, buttoning, buttoned","fastener, stud",none,"press the button, button up"
buy,Obtain in exchange for payment,mua,She bought a new car.,"verb, noun","buys, buying, bought","purchase, acquire","sell, return","buy a house, buy online"
buyer,A person who makes a purchase,người mua,The buyer was satisfied with the purchase.,noun,buyers,"purchaser, shopper","seller, vendor","first-time buyer, potential buyer"
by,Identifying the agent performing an action,qua,The book was written by him.,"preposition, adverb",bys,"through, via",none,"by hand, by chance"
bye,Short for goodbye,tạm biệt,She waved bye to her friend.,interjection,byes,"goodbye, farewell","hello, hi","say bye, wave bye"
cabinet,A cupboard with drawers or shelves for storing or displaying articles,tủ,The cabinet is full of dishes.,"noun, verb",cabinets,"cupboard, closet",none,"kitchen cabinet, file cabinet"
cable,"A thick rope of wire or hemp used for construction, mooring ships, and towing vehicles",cáp,The cable snapped under the tension.,"noun, verb","cables, cabling, cabled","rope, wire",none,"electric cable, coaxial cable"
cake,"An item of soft, sweet food made from a mixture of flour, shortening, eggs, sugar, and other ingredients, baked and often decorated",bánh ngọt,She baked a chocolate cake.,"noun, verb","cakes, caking, caked","dessert, pastry",none,"birthday cake, wedding cake"
calculate,Determine (the amount or number of something) mathematically,tính toán,He calculated the total cost.,"verb, noun","calculates, calculating, calculated","compute, figure","estimate, guess","calculate the cost, calculate the value"
calculation,A mathematical determination of the size or number of something,tính toán,He did a quick calculation in his head.,noun,calculations,"computation, reckoning","estimate, guess","quick calculation, make a calculation"
call,Cry out (a word or words),gọi ,She called out for help.,"verb, noun","calls, calling, called","shout, yell","whisper, murmur","call for help, call a friend"
call back,Return a phone call,gọi lại,I'll call back later.,phrasal verb,"calls back, calling back, called back","return a call, ring back","ignore, neglect","call back later, call back tomorrow"
called,Given a name,gọi điện,The child is called Alex.,"verb, noun, adjective",calls,"named, known as",unnamed,"be called, name called"
call for,Publicly ask for or demand,gọi cho,They called for immediate action.,phrasal verb,"calls for, calling for, called for","demand, request","ignore, neglect","call for a change, call for help"
call off,Cancel,gọi tắt,The meeting was called off.,phrasal verb,"calls off, calling off, called off","cancel, annul","continue, proceed","call off a meeting, call off the trip"
call up,Bring something to mind,gọi lên,The sound called up memories of her childhood.,phrasal verb,"calls up, calling up, called up","recall, remember","forget, dismiss","call up a memory, call up details"
calm,"Not showing or feeling nervousness, anger, or other strong emotions",điềm tĩnh,He remained calm under pressure.,"adjective, noun, verb","calmer, calmest","peaceful, serene","agitated, nervous","calm sea, calm voice"
calm down,Make someone or something less agitated,bình tĩnh,She tried to calm down the child.,phrasal verb,"calms down, calming down, calmed down","soothe, pacify","agitate, upset","calm down quickly, try to calm down"
calmly,In a quiet and relaxed manner,bình tĩnh,She spoke calmly despite the chaos.,adverb,calm,"quietly, serenely","loudly, nervously","speak calmly, react calmly"
camera,"A device for recording visual images in the form of photographs, film, or video signals",máy ảnh,She took a photo with her camera.,noun,cameras,"photographic device, video recorder",none,"digital camera, security camera"
camp,A place where people live temporarily in tents or other temporary structures,trại,They set up camp by the river.,"noun, verb","camps, camping, camped","encampment, site",permanent residence,"summer camp, camp out"
campaign,An organized effort to win or achieve something,chiến dịch,The campaign for the new product was successful.,"noun, verb","campaigns, campaigning, campaigned","effort, drive",none,"marketing campaign, political campaign"
camping,The activity of spending a holiday living in a tent,cắm trại,We enjoyed camping in the mountains.,noun,camps,"outdoor living, tenting",none,"go camping, camping trip"
can 1,Be able to,có thể 1,I can swim.,verb,"cans, canning, canned","be capable of, be able to","cannot, unable","can do, can be"
can 2,A metal container for food or drink,lon 2,He drank a can of soda.,"noun, verb","cancels, canceling, canceled","tin, container",none,"can of beans, can of soup"
cancel,Decide or announce that (a planned event) will not take place,Hủy bỏ,The event was canceled due to rain.,"verb, noun","cancels, canceling, canceled","call off, annul","continue, proceed","cancel a meeting, cancel the trip"
cancer,A disease caused by an uncontrolled division of abnormal cells in a part of the body,bệnh ung thư,She was diagnosed with cancer.,"noun, verb",cancers,"malignancy, tumor",none,"breast cancer, cancer treatment"
candidate,A person who applies for a job or is nominated for election,ứng viên,He is a candidate for the position.,noun,candidates,"applicant, nominee",none,"presidential candidate, job candidate"
candy,"A sweet food made with sugar or syrup combined with fruit, chocolate, or nuts",kẹo,She gave me a piece of candy.,noun,candies,"sweet, confectionery",none,"piece of candy, candy store"
cannot,Be unable to,không thể,I cannot swim.,verb,can't,"can't, unable","can, able","cannot do, cannot be"
cap,"A soft, flat hat without a brim and typically with a peak",mũ lưỡi trai,He wore a baseball cap.,"noun, verb","caps, capping, capped","hat, headgear",none,"wear a cap, cap off"
capable,"Having the ability, fitness, or quality necessary to do or achieve a specified thing",có khả năng,She is capable of great things.,adjective,capably,"competent, able","incapable, unfit","capable of doing, capable of handling"
capacity,The maximum amount that something can contain,dung tích,The hall was filled to capacity.,noun,capacities,"volume, capability",none,"seating capacity, storage capacity"
capital,The city or town that functions as the seat of government and administrative centre of a country or region,thủ đô,Paris is the capital of France.,"noun, adjective",capitals,"headquarters, metropolis",none,"capital city, capital investment"
captain,The person in command of a ship,đội trưởng,The captain of the ship gave orders.,"noun, verb",captains,"commander, leader",none,"ship captain, team captain"
capture,Take into one's possession or control by force,chiếm lấy,They managed to capture the thief.,"verb, noun","captures, capturing, captured","seize, catch","release, free","capture the moment, capture attention"
car,"A road vehicle, typically with four wheels, powered by an internal combustion engine and able to carry a small number of people",xe hơi,She drives a red car.,"noun, verb",cars,"automobile, vehicle",none,"drive a car, car accident"
card,"A piece of thick, stiff paper or thin pasteboard, in particular one used for writing or printing on",thẻ,He gave me a birthday card.,"noun, verb",cards,"note, postcard",none,"birthday card, credit card"
cardboard,"A material made from pulped wood or other fibrous substances, used for making boxes and other items",bìa cứng,The box is made of cardboard.,"noun, adjective",cardboards,"paperboard, carton",none,"cardboard box, cardboard cutout"
care,"The provision of what is necessary for the health, welfare, maintenance, and protection of someone or something",quan tâm,He needs care.,"noun, verb","cares, caring, cared","attention, custody","neglect, disregard","take care, health care"
career,An occupation undertaken for a significant period of a person's life and with opportunities for progress,sự nghiệp,She has a successful career in medicine.,"noun, verb","careers, careering, careered","profession, occupation","job, unemployment","career path, career opportunity"
care for,Look after and provide for the needs of,chăm sóc cho,She cares for her elderly parents.,phrasal verb,"cares for, caring for, cared for","look after, attend to","neglect, ignore","care for someone, care for something"
careful,"Making sure of avoiding potential danger, mishap, or harm; cautious",cẩn thận,Be careful while driving.,"adjective, noun",carefulness,"cautious, attentive","careless, negligent","be careful, careful handling"
carefully,In a way that deliberately avoids harm or errors; cautiously,cẩn thận,She carefully packed the fragile items.,adverb,careful,"cautiously, attentively","carelessly, recklessly","drive carefully, handle carefully"
careless,Not giving sufficient attention or thought to avoiding harm or errors,bất cẩn,His careless behavior caused the accident.,adjective,carelessness,"negligent, inattentive","careful, attentive","careless mistake, careless attitude"
carelessly,In a careless or casual manner,bất cẩn,He carelessly threw his clothes on the floor.,adverb,careless,"negligently, recklessly","carefully, attentively","drive carelessly, throw carelessly"
carpet,"A floor or stair covering made from thick woven fabric, typically shaped to fit a particular room",thảm,The carpet in the living room is new.,"noun, verb","carpets, carpeting, carpeted","rug, mat",none,"vacuum the carpet, carpet cleaning"
carrot,A tapering orange-colored root eaten as a vegetable,cà rốt,She added carrots to the soup.,"noun, verb",carrots,root vegetable,none,"chop carrots, eat carrots"
carry,Support and move (someone or something) from one place to another,mang,He carried the box to the car.,"verb, noun","carries, carrying, carried","transport, convey","drop, leave","carry out, carry on"
carry on,Continue an activity or task,tiếp tục,He decided to carry on with his studies.,phrasal verb,"carries on, carrying on, carried on","continue, proceed","stop, cease","carry on working, carry on regardless"
carry out,Perform or complete a task,tiến hành,They carried out the plan successfully.,phrasal verb,"carries out, carrying out, carried out","execute, implement","abandon, leave","carry out an order, carry out research"
case,An instance of a particular situation; an example of something occurring,trường hợp,It was a case of mistaken identity.,"noun, verb",cases,"instance, occurrence",none,"criminal case, in case of"
cash,Money in coins or notes,tiền mặt,He paid in cash.,"noun, verb","cashes, cashing, cashed","currency, money","credit, card","cash payment, cash register"
cast,Throw (something) forcefully,dàn diễn viên,She cast the net into the sea.,"verb, noun","casts, casting, casted","throw, fling",none,"cast a spell, cast a vote"
castle,"A large building, typically of the medieval period, fortified against attack with thick walls, battlements, towers, and often a moat",lâu đài ,The castle was built in the 15th century.,"noun, verb",castles,"fortress, stronghold",none,"medieval castle, castle walls"
cat,"A small domesticated carnivorous mammal with soft fur, a short snout, and retractable claws",con mèo,The cat is sleeping on the couch.,"noun, verb",cats,"feline, kitty","dog, hound","pet cat, stray cat"
catch,"Intercept and hold (something which has been thrown, propelled, or dropped)",nắm lấy,He managed to catch the ball.,"verb, noun","catches, catching, caught","grab, seize","release, drop","catch a ball, catch a bus"
catch up,Reach someone or something that is ahead of you,bắt kịp,She had to run to catch up with him.,phrasal verb,"catches up, catching up, caught up","overtake, reach","fall behind, lag","catch up with friends, catch up on work"
category,A class or division of people or things regarded as having particular shared characteristics,loại,The items were sorted into different categories.,noun,categories,"class, group",none,"main category, sub category"
cause,"A person or thing that gives rise to an action, phenomenon, or condition",gây ra,The heavy rain caused flooding.,"verb, noun","causes, causing, caused","reason, source","result, effect","cause trouble, cause of death"
CD,"A small plastic disc on which music or other digital information is stored, and from which the information can be read using reflected laser light",đĩa CD,I bought a new music CD.,noun,CDs,compact disc,none,"music CD, CD player"
cease,Bring or come to an end,ngưng,The hostilities had ceased.,"verb, noun","ceases, ceasing, ceased","halt, stop","begin, start","ceasefire, cease operations"
ceiling,The upper interior surface of a room or other similar compartment,trần nhà,The ceiling was painted white.,"noun, verb",ceilings,"roof, overhead",floor,"high ceiling, ceiling fan"
celebrate,Acknowledge (a significant or happy day or event) with a social gathering or enjoyable activity,kỉ niệm,We will celebrate her birthday tomorrow.,verb,"celebrates, celebrating, celebrated","commemorate, observe","ignore, disregard","celebrate a birthday, celebrate an anniversary"
celebration,"The action of marking one's pleasure at an important event or occasion by engaging in enjoyable, typically social, activity",lễ ăn mừng,The celebration lasted all night.,noun,celebrations,"festivity, party",none,"grand celebration, celebration event"
cell,"The smallest structural and functional unit of an organism, typically microscopic and consisting of cytoplasm and a nucleus enclosed in a membrane",tế bào,A cell is the basic building block of life.,"noun, verb",cells,"unit, structure",organism,"nerve cell, cell division"
cell phone,A portable telephone that uses wireless technology to send and receive phone signals,điện thoại di động,She called me on her cell phone.,noun,cell phones,"mobile phone, smartphone",landline,"use a cell phone, cell phone signal"
cent,"A monetary unit equal to one hundredth of a dollar, euro, or other decimal currency unit",xu,The candy costs fifty cents.,"noun, verb",cents,penny,dollar,"one cent, fifty cents"
centimetre,"A metric unit of length, equal to one hundredth of a meter",centimét,The length of the table is 150 centimetres.,noun,centimetres,cm,meter,"ten centimetres, two centimetres"
central,"Of, at, or forming the center",trung tâm,The central part of the city is very busy.,"adjective, noun",centrally,"middle, main","peripheral, outer","central area, central location"
centre,"The middle point of a circle or sphere, equidistant from every point on the circumference or surface",trung tâm,The fountain is in the centre of the square.,"noun, verb","centres, centring, centred","middle, hub","edge, periphery","city centre, centre point"
century,A period of one hundred years,thế kỷ,The museum was built a century ago.,noun,centuries,"centennial, hundred years",none,"21st century, last century"
ceremony,"A formal religious or public occasion, typically one celebrating a particular event or anniversary",lễ,The graduation ceremony was held last week.,noun,ceremonies,"rite, observance",informality,"wedding ceremony, official ceremony"
certain,Able to be firmly relied on to happen or be the case,chắc chắn,I am certain of his innocence.,adjective,"certainer, certainest","sure, confident","uncertain, unsure","certain fact, certain about"
certainly,Undoubtedly; definitely; surely,chắc chắn ,I will certainly be there.,adverb,certain,"undoubtedly, surely","doubtfully, uncertainly","certainly true, certainly know"
certificate,An official document attesting a certain fact,giấy chứng nhận,He received a certificate of completion.,"noun, verb",certificates,"diploma, document",none,"birth certificate, graduation certificate"
chain,"A series of linked metal rings used for fastening or securing something, or for pulling loads",xích,She wore a gold chain around her neck.,"noun, verb","chains, chaining, chained","link, cord",none,"metal chain, supply chain"
chair,"A separate seat for one person, typically with a back and four legs",cái ghế,He sat on the chair.,"noun, verb","chairs, chairing, chaired","seat, stool",none,"sit on the chair, wooden chair"
chairman,"The permanent or long-term president of a committee, company, or other organization",chủ tịch,The chairman opened the meeting.,noun,chairmen,"leader, president",member,"board chairman, vice chairman"
chairwoman,"The permanent or long-term female president of a committee, company, or other organization",nữ chủ tịch,The chairwoman of the board gave a speech.,noun,chairwomen,"president, leader",member,"chairwoman of the board, new chairwoman"
challenge,A call to someone to participate in a competitive situation or fight to decide who is superior in terms of ability or strength,thử thách,She accepted the challenge to compete in the marathon.,"noun, verb","challenges, challenging, challenged","contest, competition","acceptance, agreement","face a challenge, challenge yourself"
chamber,A large room used for formal or public events,buồng,The meeting was held in the council chamber.,"noun, verb",chambers,"hall, room",none,"council chamber, gas chamber"
chance,A possibility of something happening,cơ hội,There is a chance of rain tomorrow.,"noun, verb","chances, chancing, chanced","possibility, opportunity","certainty, improbability","good chance, take a chance"
change,Make or become different,thay đổi,He decided to change his career.,"verb, noun","changes, changing, changed","alter, modify","keep, retain","change the rules, change your mind"
change round,To move something into a different position,thay đổi vòng,They changed round the furniture in the room.,phrasal verb,"changes round, changing round, changed round","rearrange, move",none,"change round completely, change round quickly"
channel,"A length of water wider than a strait, joining two larger areas of water, especially two seas",kênh,The English Channel separates England from France.,"noun, verb","channels, channeling, channeled","waterway, course",none,"TV channel, channel of water"
chapter,"A main division of a book, typically with a number or title",chương,I finished the first chapter of the book.,"noun, verb",chapters,"section, part",none,"first chapter, final chapter"
character,The mental and moral qualities distinctive to an individual,tính cách,She has a strong character.,"noun, verb",characters,"personality, disposition",none,"main character, strong character"
characteristic,"A feature or quality belonging typically to a person, place, or thing and serving to identify them",đặc trưng,Patience is a characteristic of a good teacher.,"noun, adjective",characteristics,"trait, feature",none,"unique characteristic, important characteristic"
charge,Demand (an amount) as a price from someone for a service rendered or goods supplied,thù lao,He charged me $50 for the repair.,"verb, noun","charges, charging, charged","bill, cost","pay, compensate","charge a fee, charge a price"
charity,An organization set up to provide help and raise money for those in need,tổ chức từ thiện,She donated to a local charity.,"noun, verb",charities,"nonprofit, aid organization",profit organization,"local charity, charity event"
chart,"A sheet of information in the form of a table, graph, or diagram",biểu đồ,The sales chart shows an increase in revenue.,"noun, verb","charts, charting, charted","graph, diagram",none,"sales chart, flow chart"
chase,Pursue in order to catch or catch up with,đuổi,The dog chased the cat.,"verb, noun","chases, chasing, chased","pursue, follow","flee, escape","chase after, chase down"
chase away,Drive away by or as if by chasing,đuổi đi,They chased away the intruders.,phrasal verb,"chases away, chasing away, chased away","drive off, scare away","welcome, invite","chase away the birds, chase away the fears"
chat,Talk in a friendly and informal way,trò chuyện,They chatted about their plans for the weekend.,"verb, noun","chats, chatting, chatted","talk, converse","ignore, silence","chat online, chat with friends"
cheap,Low in price; worth more than its cost,rẻ,She bought a cheap dress.,adjective,"cheaper, cheapest","inexpensive, low-cost","expensive, costly","cheap price, cheap goods"
cheaply,Inexpensive or cheaply made,rẻ tiền,The toy was cheaply made.,adverb,cheap,"inexpensively, economically","expensively, richly","produced cheaply, available cheaply"
cheat,Act dishonestly or unfairly in order to gain an advantage,gian lận,He cheated on the test.,"verb, noun","cheats, cheating, cheated","deceive, trick","be honest, play fair","cheat on a test, cheat in a game"
cheat of,To deprive someone of something valuable by cheating,lừa đảo,He cheated her of her money.,phrasal verb,"cheats of, cheating of, cheated of","defraud, swindle",none,"cheat someone of money, cheat someone of property"
check,"Examine (something) in order to determine its accuracy, quality, or condition, or to detect the presence of something",kiểm tra,She checked the report for errors.,"verb, noun","checks, checking, checked","inspect, verify","ignore, neglect","check the details, check for errors"
check in,Register one's arrival at a hotel,đăng ký vào,We checked in at the hotel at 3 PM.,phrasal verb,"checks in, checking in, checked in","register, sign in",check out,"check in at the hotel, check in online"
check into,Investigate,kiểm tra,The police will check into the incident.,phrasal verb,"checks into, checking into, checked into","investigate, look into","ignore, overlook","check into the matter, check into the problem"
check on,"Make sure that someone or something is safe, is in a satisfactory state, or is doing what it should be doing",kiểm tra,I will check on the children.,phrasal verb,"checks on, checking on, checked on","monitor, examine","ignore, neglect","check on the kids, check on progress"
check out,Settle one's hotel bill before leaving,kiểm tra,We checked out of the hotel early in the morning.,phrasal verb,"checks out, checking out, checked out","settle up, pay",check in,"check out of the hotel, check out the library book"
check over,Examine (something) thoroughly,kiểm tra lại,He checked over the documents before signing them.,phrasal verb,"checks over, checking over, checked over","review, scrutinize","ignore, overlook","check over the work, check over the essay"
check up on,Make sure someone is doing what they should be doing,kiểm tra,The manager checks up on the staff regularly.,phrasal verb,"checks up on, checking up on, checked up on","monitor, supervise","ignore, neglect","check up on employees, check up on progress"
cheek,Either side of the face below the eye,má,He kissed her on the cheek.,"noun, verb",cheeks,"face, jowl",none,"rosy cheeks, pinch a cheek"
cheerful,Noticeably happy and optimistic,vui vẻ,She is always cheerful in the morning.,adjective,cheerfully,"happy, optimistic","sad, gloomy","cheerful mood, cheerful smile"
cheerfully,In a happy and optimistic way,vui vẻ,He cheerfully greeted everyone at the party.,adverb,cheerful,"happily, optimistically","sadly, gloomily","cheerfully greeted, cheerfully answered"
cheese,A food made from the pressed curds of milk,phô mai,He added some cheese to the sandwich.,"noun, verb",cheeses,"dairy product, curd",none,"cheese slice, cheese grater"
chemical,"A distinct compound or substance, especially one which has been artificially prepared or purified",hóa chất,They tested the water for chemicals.,"noun, adjective",chemicals,"compound, substance","natural, organic","chemical reaction, chemical substance"
chemist,A person engaged in chemical research or experiments,nhà hóa học,She wants to be a chemist.,noun,chemists,"pharmacist, scientist",none,"research chemist, industrial chemist"
chemistry,The branch of science that deals with the identification of the substances of which matter is composed,hoá học,He is studying chemistry.,noun,chemistries,"science, biochemistry",none,"organic chemistry, chemistry lab"
cheque,A written order directing a bank to pay money,kiểm tra,She wrote a cheque for the rent.,"noun, verb",cheques,"draft, check",none,"write a cheque, cash a cheque"
chest,The front surface of a person's or animal's body between the neck and the abdomen,ngực,He felt a pain in his chest.,"noun, verb",chests,"thorax, trunk","back, spine","chest pain, chest infection"
chew,"Bite and work (food) in the mouth with the teeth, especially to make it easier to swallow",nhai,He chewed the steak thoroughly.,"verb, noun","chews, chewing, chewed","masticate, munch",none,"chew gum, chew food"
chicken,A domestic fowl kept for its eggs or meat,thịt gà,They keep chickens in their backyard.,"noun, verb",chickens,"poultry, hen",none,"fried chicken, chicken soup"
chief,A leader or ruler of a people or clan,người đứng đầu,The chief addressed the tribe.,"noun, adjective",chiefs,"leader, head","follower, subordinate","chief executive, tribal chief"
child,A young human being below the age of puberty or below the legal age of majority,đứa trẻ,The child is playing in the yard.,"noun, verb",children,"kid, youngster","adult, grown-up","child care, child protection"
chin,"The protruding part of the face below the mouth, formed by the apex of the lower jaw",cái cằm,He stroked his chin thoughtfully.,"noun, verb",chins,"jaw, jowl",none,"stroke chin, chin up"
chip,"A small piece of food removed in the process of chopping, cutting, or breaking a larger piece",chip,She ate a chocolate chip cookie.,"noun, verb","chips, chipping, chipped","fragment, piece",whole,"chocolate chip, wood chip"
chocolate,A food preparation in the form of a paste or solid block made from roasted and ground cacao seeds,sôcôla,She loves dark chocolate.,"noun, verb",chocolates,"cocoa, confection",none,"dark chocolate, milk chocolate"
choice,An act of selecting or making a decision when faced with two or more possibilities,sự lựa chọn,You have a choice between coffee or tea.,"noun, adjective",choices,"option, selection",none,"make a choice, difficult choice"
choose,Pick out (someone or something) as being the best or most appropriate of two or more alternatives,chọn,Choose the one you like best.,"verb, noun","chooses, choosing, chose","select, pick","refuse, reject","choose carefully, choose wisely"
chop,Cut (something) into small pieces with repeated sharp blows using an ax or knife,chặt,He chopped the vegetables for the stew.,"verb, noun","chops, chopping, chopped","cut, slice","assemble, combine","chop finely, chop roughly"
chop down,Cut down (a tree or similar plant) by cutting through its trunk with blows from an ax or similar tool,chặt xuống,They chopped down the old tree.,phrasal verb,"chops down, chopping down, chopped down","fell, hack","plant, grow","chop down a tree, chop down the plant"
chop off,Remove something by cutting,chặt đứt,He chopped off a branch.,phrasal verb,"chops off, chopping off, chopped off","cut off, sever","attach, join","chop off the limb, chop off the branch"
church,A building used for public Christian worship,nhà thờ,They go to church every Sunday.,"noun, verb",churches,"cathedral, chapel",none,"church service, church bell"
cigarette,A thin cylinder of finely cut tobacco rolled in paper for smoking,thuốc lá,He lit a cigarette.,"noun, verb",cigarettes,"smoke, fag",none,"light a cigarette, cigarette smoke"
cinema,A theater where films are shown,rạp chiếu phim,They went to the cinema to watch a movie.,noun,cinemas,"movie theater, film house",none,"go to the cinema, cinema hall"
circle,A round plane figure whose boundary (the circumference) consists of points equidistant from a fixed center,vòng tròn,He drew a circle on the paper.,"noun, verb","circles, circling, circled","ring, round",none,"draw a circle, circle of friends"
circumstance,A fact or condition connected with or relevant to an event or action,hoàn cảnh,The circumstances of the accident are still unclear.,noun,circumstances,"situation, condition",none,"under the circumstances, difficult circumstances"
citizen,"A legally recognized subject or national of a state or commonwealth, either native or naturalized",công dân,She is a citizen of the United States.,"noun, verb",citizens,"national, subject","foreigner, alien","citizen of a country, proud citizen"
city,A large town,thành phố,They live in a large city.,"noun, adjective",cities,"metropolis, town","village, rural area","big city, city life"
civil,"Relating to ordinary citizens and their concerns, as distinct from military or ecclesiastical matters",dân sự,They discussed civil rights issues.,"adjective, noun",civilly,"non-military, civilian","military, ecclesiastical","civil rights, civil law"
claim,"State or assert that something is the case, typically without providing evidence or proof",khẳng định,She claimed to have seen the missing person.,"verb, noun","claims, claiming, claimed","assert, declare","deny, disclaim","claim responsibility, claim innocence"
clap,"Strike the palms of (one's hands) together repeatedly, typically in order to applaud",vỗ tay,The audience clapped loudly.,"verb, noun","claps, clapping, clapped","applaud, cheer","boo, jeer","clap hands, clap loudly"
class,"A set or category of things having some property or attribute in common and differentiated from others by kind, type, or quality",lớp học,He is in the top class of his grade.,"noun, verb","classes, classing, classed","category, group","individual, singular","class of students, social class"
classic,Judged over a period of time to be of the highest quality and outstanding of its kind,cổ điển,That book is a classic.,"adjective, noun",classics,"masterpiece, exemplary","ordinary, modern","classic novel, classic example"
classroom,A room in which a class of students is taught,lớp học,The classroom was full of students.,noun,classrooms,"schoolroom, lecture room",none,"classroom activities, classroom environment"
clean,"Free from dirt, marks, or stains",lau dọn,She cleaned the kitchen.,"adjective, verb","cleans, cleaning, cleaned","spotless, tidy","dirty, stained","clean the house, clean clothes"
clean up,Make neat and tidy by removing rubbish or unwanted items,dọn dẹp,They cleaned up after the party.,phrasal verb,"cleans up, cleaning up, cleaned up","tidy up, clean","mess up, clutter","clean up the mess, clean up quickly"
clear,"Easy to perceive, understand, or interpret",thông thoáng,The instructions were clear.,"adjective, verb, noun","clears, clearing, cleared","obvious, unmistakable","confusing, ambiguous","clear sky, clear instructions"
clearly,"In a way that is easy to see, hear, or understand",rõ ràng,She spoke clearly into the microphone.,adverb,"clearer, clearest","plainly, distinctly","unclearly, vaguely","speak clearly, see clearly"
clerk,"A person employed in an office or bank to keep records, accounts, and undertake other routine administrative duties",nhân viên văn phòng,He works as a clerk at the bank.,"noun, verb",clerks,"office worker, administrator",none,"office clerk, sales clerk"
clever,"Quick to understand, learn, and devise or apply ideas; intelligent",thông minh,She is very clever and always has good ideas.,"adjective, noun","cleverer, cleverest","intelligent, smart","dull, foolish","clever idea, clever solution"
click,Press a button or switch on a computer mouse or other device,bấm vào,He clicked the mouse to open the file.,"verb, noun","clicks, clicking, clicked","press, hit",none,"double click, right click"
client,A person or organization using the services of a lawyer or other professional person or company,khách hàng,The lawyer met with her client.,noun,clients,"customer, patron","provider, professional","potential client, loyal client"
climate,The weather conditions prevailing in an area in general or over a long period,khí hậu,The climate in this region is very dry.,"noun, verb",climates,"weather, weather conditions",none,"tropical climate, changing climate"
climb,"Go or come up (a slope, incline, or staircase), especially by using the feet and sometimes the hands; ascend",leo,They climbed the mountain.,"verb, noun","climbs, climbing, climbed","ascend, scale","descend, fall","climb a mountain, climb stairs"
climbing,The sport or activity of ascending mountains or cliffs,leo núi,He enjoys rock climbing.,"noun, adjective",climbing,"mountaineering, rock climbing",none,"climbing gear, climbing wall"
clock,"A mechanical or electrical device for measuring time, typically by hands on a round dial or by displayed digits",cái đồng hồ,The clock on the wall showed 3 PM.,"noun, verb",clocks,"timepiece, timer",none,"alarm clock, wall clock"
close 1,Move so as to cover an opening,đóng 1,She closed the door.,"verb, noun","closes, closing, closed","shut, seal","open, uncover","close the window, close the book"
close 2,Near in space or time,đóng 2,The store is close to my house.,"adjective, verb, noun","closer, closest","near, nearby","far, distant","close friend, close proximity"
closed,Not open,đóng cửa,The shop is closed on Sundays.,adjective,closed,"shut, locked",open,"closed door, closed shop"
closely,With little or no space or time in between,chặt chẽ,She followed closely behind him.,adverb,"closer, closest","nearly, almost",distantly,"closely related, closely monitor"
closet,"A cupboard or wardrobe, especially one tall enough to walk into",buồng nhỏ,She hung her coat in the closet.,"noun, verb",closets,"wardrobe, cupboard",none,"walk-in closet, clothes closet"
cloth,"Woven or felted fabric made from wool, cotton, or a similar fiber",vải,The cloth was soft and smooth.,noun,cloths,"fabric, textile",none,"cotton cloth, piece of cloth"
clothes,Items worn to cover the body,quần áo,She bought new clothes.,"noun, verb",clothes,"apparel, attire",none,"winter clothes, new clothes"
clothing,Items worn to cover the body,quần áo,Winter clothing is now on sale.,"noun, verb",clothings,"attire, garments",nakedness,"winter clothing, clothing store"
cloud,"A visible mass of condensed watery vapor floating in the atmosphere, typically high above the ground",đám mây,The sky was full of dark clouds.,"noun, verb","clouds, clouding, clouded","vapor, mist",clear sky,"rain cloud, cloud formation"
club,An association dedicated to a particular interest or activity,câu lạc bộ,He joined the chess club.,"noun, verb","clubs, clubbing, clubbed","society, group",none,"sports club, join a club"
coal,A combustible black or dark brown rock consisting chiefly of carbonized plant matter,than đá,Coal is used as a fuel.,"noun, adjective",coals,"charcoal, fossil fuel",none,"coal mine, coal industry"
coast,The part of the land adjoining or near the sea,bờ biển,They walked along the coast.,"noun, verb","coasts, coasting, coasted","shore, coastline",inland,"west coast, east coast"
coat,"An outer garment worn outdoors, typically having sleeves and fastening down the front",áo choàng,She wore a warm coat.,"noun, verb","coats, coating, coated","jacket, overcoat",none,"winter coat, fur coat"
code,"A system of words, letters, figures, or symbols used to represent others, especially for the purposes of secrecy",mã số,They cracked the secret code.,"noun, verb","codes, coding, coded","cipher, cryptogram",none,"morse code, secret code"
coffee,A hot drink made from the roasted and ground seeds (coffee beans) of a tropical shrub,cà phê,She drank a cup of coffee.,"noun, verb",coffees,"brew, java",none,"cup of coffee, coffee shop"
coin,"A flat, typically round piece of metal with an official stamp, used as money",đồng xu,He put a coin into the vending machine.,"noun, verb","coins, coining, coined","currency, cash","bill, note","gold coin, coin collection"
cold,"Of or at a low or relatively low temperature, especially when compared with the temperature of the human body",lạnh lẽo,The water is cold.,"adjective, noun",colds,"chilly, cool","hot, warm","cold weather, cold drink"
coldly,In an unfriendly way; without emotion,lạnh lùng,She spoke coldly to him.,adverb,"colder, coldest","unemotionally, indifferently","warmly, kindly","speak coldly, treat coldly"
collapse,Fall down or in; give way,sụp đổ,The building collapsed after the earthquake.,"verb, noun","collapses, collapsing, collapsed","crumble, fall","stand, rise","building collapse, sudden collapse"
colleague,A person with whom one works in a profession or business,đồng nghiệp,She met with a colleague after work.,noun,colleagues,"coworker, associate","rival, enemy","trusted colleague, senior colleague"
collect,"Bring or gather together (things, typically when scattered or widespread)",sưu tầm,They collected donations for the charity.,"verb, noun","collects, collecting, collected","gather, assemble","disperse, scatter","collect data, collect stamps"
collection,The action or process of collecting someone or something,bộ sưu tập,He has a collection of vintage cars.,noun,collections,"gathering, compilation","dispersal, separation","art collection, collection of books"
college,"An educational institution or establishment, in particular one providing higher education or specialized professional or vocational training",trường cao đẳng,She attended a prestigious college.,"noun, verb",colleges,"university, institute",none,"community college, college student"
colour,The property possessed by an object of producing different sensations on the eye as a result of the way it reflects or emits light,màu sắc,Her favorite colour is blue.,"noun, verb","colours, colouring, coloured","hue, shade",none,"bright colour, favourite colour"
coloured,"Having a colour or colours, especially as opposed to being black, white, or neutral",màu,She wore a brightly coloured dress.,adjective,coloured,"tinted, painted","colorless, neutral","brightly coloured, highly coloured"
column,"An upright pillar, typically cylindrical, supporting an arch or other structure or standing alone as a monument",cột,The column supports the roof.,"noun, verb",columns,"pillar, post",none,"marble column, ancient column"
combination,A joining or merging of different parts or qualities in which the component elements are individually distinct,sự kết hợp,The combination of flavors in the dish was perfect.,noun,combinations,"mix, blend","separation, division","perfect combination, unusual combination"
combine,Join or merge to form a single unit or substance,kết hợp,We combined our resources to finish the project.,"verb, noun","combines, combining, combined","merge, unite","separate, divide","combine efforts, combine ingredients"
come,Move or travel toward or into a place thought of as near or familiar to the speaker,đến,She will come to the party.,"verb, noun","comes, coming, came","arrive, approach","go, leave","come here, come back"
come across,Meet or find by chance,đi ngang qua,I came across an old friend yesterday.,phrasal verb,"comes across, coming across, came across","encounter, stumble upon","miss, overlook","come across something, come across someone"
comedy,"Professional entertainment consisting of jokes and satirical sketches, intended to make an audience laugh",hài kịch,We watched a comedy show.,"noun, verb",comedies,"humor, farce","tragedy, drama","stand-up comedy, comedy show"
come from,Originate from a place,đến từ,She comes from France.,phrasal verb,"comes from, coming from, came from","originate, derive",none,"come from a city, come from a country"
come in,Enter,đi vào,"Come in, the door is open.",phrasal verb,"comes in, coming in, came in","enter, go in","exit, leave","come in quietly, come in quickly"
come off,Happen as a result,đi ra,The project came off successfully.,phrasal verb,"comes off, coming off, came off","result, transpire","fail, go wrong","come off as planned, come off well"
come on,Start to arrive or happen,Thôi nào,"Come on, we are going to be late.",phrasal verb,"comes on, coming on, came on","begin, start","stop, finish","come on time, come on stage"
come out,Become known or be revealed,đi ra ngoài,The truth will come out eventually.,phrasal verb,"comes out, coming out, came out","emerge, be revealed","be hidden, stay hidden","come out of hiding, come out clean"
come round,Recover consciousness,đi vòng quanh,He came round after fainting.,phrasal verb,"comes round, coming round, came round","regain consciousness, wake up","pass out, lose consciousness","come round soon, come round quickly"
come to,Regain consciousness,đến,He came to after fainting.,phrasal verb,"comes to, coming to, came to","regain consciousness, wake up","pass out, lose consciousness","come to realize, come to understand"
come up,Move towards someone,đi lên,He came up to her and introduced himself.,phrasal verb,"comes up, coming up, came up","approach, advance","retreat, withdraw","come up with a solution, come up soon"
come up to,Reach a particular level or amount,đến với,The water came up to my knees.,phrasal verb,"comes up to, coming up to, came up to","reach, get to","fall short, fail","come up to the mark, come up to expectations"
comfort,A state of physical ease and freedom from pain or constraint,an ủi,He felt a sense of comfort.,"noun, verb","comforts, comforting, comforted","ease, consolation","discomfort, pain","sense of comfort, comfort food"
comfortable,Providing physical ease and relaxation,thoải mái,She sat in a comfortable chair.,adjective,comfortably,"cozy, relaxed","uncomfortable, uneasy","comfortable chair, comfortable life"
comfortably,In a comfortable manner,thoải mái,He was comfortably seated.,adverb,comfortables,"easily, snugly","uncomfortably, uneasily","comfortably sit, comfortably sleep"
command,Give an authoritative order,yêu cầu,The officer commanded the troops.,"verb, noun","commands, commanding, commanded","order, direct","obey, follow","command attention, command the troops"
comment,A verbal or written remark expressing an opinion or reaction,bình luận,She made a comment about the film.,"noun, verb","comments, commenting, commented","remark, statement","silence, ignore","make a comment, comment on"
commercial,Making or intended to make a profit,thuộc về thương mại,They made a commercial decision.,"adjective, noun",commercials,"profit-making, trade","noncommercial, nonprofit","commercial success, commercial break"
commission,"An instruction, command, or duty given to a person or group of people",nhiệm vụ,He received a commission to paint a portrait.,"noun, verb","commissions, commissioning, commissioned","task, duty",none,"commission work, art commission"
commit,"Carry out or perpetrate (a mistake, crime, or immoral act)",làm,He committed a crime.,"verb, noun","commits, committing, committed","perform, perpetrate","abstain, desist","commit a mistake, commit to memory"
commitment,"The state or quality of being dedicated to a cause, activity, etc.",sự cam kết,Her commitment to the cause is admirable.,noun,commitments,"dedication, devotion","indifference, neglect","strong commitment, personal commitment"
committee,A group of people appointed for a specific function by a larger group and typically consisting of members of that group,ủy ban,The committee meets once a month.,noun,committees,"board, panel","individual, person","advisory committee, planning committee"
common,"Occurring, found, or done often; prevalent",chung,It's common to see deer in this area.,"adjective, noun","commoner, commonest","usual, typical","rare, uncommon","common practice, common sense"
commonly,Very often; frequently,thông thường,This plant is commonly found in gardens.,adverb,common,"generally, often","rarely, seldom","commonly used, commonly known"
communicate,"Share or exchange information, news, or ideas",giao tiếp,They communicate regularly via email.,"verb, noun","communicates, communicating, communicated","converse, convey","miscommunicate, confuse","communicate clearly, communicate effectively"
communication,The imparting or exchanging of information or news,giao tiếp,Effective communication is key to success.,noun,communications,"conversation, dialogue","miscommunication, silence","effective communication, communication skills"
community,A group of people living in the same place or having a particular characteristic in common,cộng đồng,The community came together to clean the park.,"noun, adjective",communities,"society, group","individual, person","community service, community center"
company,A commercial business,công ty,She works for a large company.,"noun, verb",companies,"business, corporation",none,"international company, successful company"
compare,"Estimate, measure, or note the similarity or dissimilarity between",so sánh,The report compares the results of the two studies.,"verb, noun","compares, comparing, compared","contrast, evaluate",none,"compare prices, compare notes"
comparison,The act or instance of comparing,so sánh,A comparison of the two books shows several similarities.,noun,comparisons,"contrast, evaluation",none,"make a comparison, comparison between"
compete,Strive to gain or win something by defeating or establishing superiority over others,hoàn thành,They compete against each other in sports.,"verb, noun","competes, competing, competed","contend, vie","cooperate, assist","compete in a race, compete with others"
competition,The activity or condition of striving to gain or win something by defeating or establishing superiority over others,cuộc thi,The competition was fierce.,noun,competitions,"contest, rivalry","collaboration, cooperation","enter a competition, tough competition"
competitive,As good as or better than others of a comparable nature,cạnh tranh,She has a competitive spirit.,"adjective, noun",competitively,"ambitious, driven","uncompetitive, unambitious","competitive market, competitive advantage"
complain,Express dissatisfaction or annoyance about something,phàn nàn,He complained about the noise.,"verb, noun","complains, complaining, complained","protest, grumble","praise, compliment","complain about the service, complain loudly"
complaint,A statement that something is unsatisfactory or unacceptable,lời phàn nàn,They filed a complaint with the manager.,"noun, verb",complaints,"grievance, objection","praise, approval","file a complaint, customer complaint"
complete,Having all the necessary or appropriate parts,hoàn thành,She completed the puzzle.,"verb, adjective","completes, completing, completed","finish, accomplish","incomplete, partial","complete the task, complete the form"
completely,Totally; utterly,hoàn toàn,The room was completely silent.,adverb,complete,"entirely, fully","partially, incompletely","completely agree, completely different"
complex,Consisting of many different and connected parts,tổ hợp,The problem is complex.,"adjective, noun",complexes,"complicated, intricate","simple, straightforward","complex system, complex issue"
complicate,Make (something) more difficult or confusing by causing it to be more complex,làm phức tạp,The new rules complicate matters.,"verb, noun","complicates, complicating, complicated","confuse, entangle","simplify, clarify","complicate matters, complicate the situation"
complicated,Consisting of many interconnecting parts or elements; intricate,phức tap,The instructions were complicated.,adjective,"complicates, complicating, complicated","intricate, complex","simple, straightforward","complicated issue, complicated process"
computer,"An electronic device for storing and processing data, typically in binary form, according to instructions given to it in a variable program",máy tính,She uses a computer for work.,"noun, verb",computers,"PC, laptop",none,"desktop computer, computer program"
concentrate,Focus all one's attention on a particular object or activity,tập trung,She needs to concentrate on her studies.,"verb, noun","concentrates, concentrating, concentrated","focus, center","ignore, disregard","concentrate hard, concentrate fully"
concentrate on,Focus all one's attention or mental effort on a particular object or activity,tập trung vào,He is concentrating on the project.,phrasal verb,"concentrates on, concentrating on, concentrated on","focus on, attend to","ignore, neglect","concentrate on work, concentrate on studies"
concentration,The action or power of focusing one's attention or mental effort,sự tập trung,This task requires full concentration.,noun,concentrations,"focus, attention","distraction, inattention","high concentration, lose concentration"
concept,An abstract idea; a general notion,ý tưởng,The concept of freedom is central to the story.,"noun, verb",concepts,"idea, notion","reality, fact","basic concept, concept of"
concern,Relate to; be about,bận tâm,This matter concerns us all.,"verb, noun","concerns, concerning, concerned","involve, affect","ignore, dismiss","express concern, cause concern"
concerned,"Worried, troubled, or anxious",lo âu,She is concerned about his health.,adjective,concernedly,"worried, anxious","unconcerned, indifferent","deeply concerned, concerned about"
concerning,On the subject of or in connection with; about,liên quan đến,They had a discussion concerning the new policy.,"preposition, verb",concerning,"regarding, about",none,"concerning the issue, concerning the matter"
concert,"A musical performance given in public, typically by several performers or of several separate compositions",buổi hòa nhạc,They went to a rock concert.,"noun, verb",concerts,"performance, recital",none,"live concert, concert hall"
conclude,Bring (something) to an end,kết luận,They concluded the meeting.,"verb, noun","concludes, concluding, concluded","finish, end","start, begin","conclude a deal, conclude a meeting"
conclusion,The end or finish of an event or process,Phần kết luận,The conclusion of the trial was unexpected.,noun,conclusions,"end, outcome","beginning, start","draw a conclusion, final conclusion"
concrete,Existing in a material or physical form; not abstract,bê tông,They used concrete to build the foundation.,"noun, adjective",concretely,"tangible, real","abstract, immaterial","concrete evidence, concrete plan"
condition,"The state of something with regard to its appearance, quality, or working order",tình trạng,The car is in good condition.,"noun, verb",conditions,"state, shape","disrepair, neglect","working condition, poor condition"
conduct,Organize and carry out,chỉ đạo,They conduct business in an ethical manner.,"verb, noun","conducts, conducting, conducted","manage, direct","mismanage, neglect","conduct research, conduct an interview"
conference,A formal meeting for discussion,hội nghị,She attended a conference on climate change.,"noun, verb",conferences,"meeting, seminar","conversation, chat","international conference, press conference"
confidence,The feeling or belief that one can rely on someone or something; firm trust,sự tự tin,He has confidence in his abilities.,noun,confidences,"trust, belief","doubt, mistrust","gain confidence, lose confidence"
confident,Feeling or showing confidence in oneself; self-assured,tự tin,She is confident in her decision.,adjective,confidently,"self-assured, assured","insecure, unsure","confident smile, confident attitude"
confine,"Keep or restrict someone or something within certain limits of (space, scope, quantity, or time)",hạn chế,They confined the dog to the backyard.,"verb, noun","confines, confining, confined","restrict, limit","free, release","confine to a place, confine within limits"
confined,Restricted in area or volume; cramped,hạn chế,The patients are confined to their rooms.,adjective,confinedly,"restricted, limited","unconfined, free","confined space, confined area"
confirm,"Establish the truth or correctness of (something previously believed, suspected, or feared to be the case)",xác nhận,Can you confirm your attendance?,"verb, noun","confirms, confirming, confirmed","verify, validate","deny, refute","confirm a reservation, confirm details"
conflict,"A serious disagreement or argument, typically a protracted one",xung đột,The conflict between the two countries has escalated.,"noun, verb","conflicts, conflicting, conflicted","dispute, disagreement","agreement, harmony","armed conflict, conflict resolution"
confront,Face up to and deal with (a problem or difficult situation),đối đầu,She had to confront her fears.,"verb, noun","confronts, confronting, confronted","face, address","avoid, evade","confront a challenge, confront directly"
confuse,Cause (someone) to become bewildered or perplexed,bối rối,The instructions confused me.,"verb, noun","confuses, confusing, confused","bewilder, perplex","clarify, explain","confuse the issue, confuse easily"
confused,Unable to think clearly; bewildered,bối rối,He looked confused when I asked him the question.,adjective,"confuses, confusing, confused","bewildered, perplexed","clear, certain","look confused, seem confused"
confusing,Bewildering or perplexing,khó hiểu,The directions were confusing.,adjective,"confuses, confusing, confused","perplexing, baffling","clear, straightforward","confusing instructions, confusing message"
confusion,Lack of understanding; uncertainty,lú lẫn,There was confusion about the meeting time.,noun,confusions,"uncertainty, bewilderment","clarity, certainty","create confusion, total confusion"
congratulate,Give (someone) one's good wishes when something special or pleasant has happened to them,chúc mừng,I congratulate you on your success.,"verb, noun","congratulates, congratulating, congratulated","praise, commend","criticize, blame","congratulate warmly, congratulate sincerely"
congratulation,An expression of praise for an achievement or good wishes on a special occasion,lời chúc mừng,Congratulations on your new job.,noun,congratulations,"praise, applause","criticism, blame","offer congratulations, congratulations card"
congress,A formal meeting or assembly of representatives for discussion and action on particular matters,đại hội,The congress will meet next week.,"noun, verb",congresses,"assembly, conference",none,"attend congress, annual congress"
connect,Bring together or into contact so that a real or notional link is established,kết nối,She connected the wires.,"verb, noun","connects, connecting, connected","link, join","disconnect, separate","connect to the internet, connect cables"
connected,Brought together or into contact so that a link is established,đã kết nối,The devices are connected.,"adjective, verb","connects, connecting, connected","linked, joined","disconnected, separate","closely connected, directly connected"
connection,A relationship in which a person or thing is linked or associated with something else,sự liên quan,There is a strong connection between diet and health.,"noun, verb",connections,"relationship, association","disconnection, separation","strong connection, internet connection"
conscious,Aware of and responding to one's surroundings,biết rõ,He was conscious during the procedure.,adjective,consciously,"aware, alert","unaware, unconscious","fully conscious, conscious effort"
consequence,A result or effect of an action or condition,kết quả,Her decision had serious consequences.,"noun, verb",consequences,"result, effect","cause, source","serious consequence, direct consequence"
conservative,Holding to traditional attitudes and values and cautious about change or innovation,thận trọng,He has conservative views.,"adjective, noun",conservatively,"traditional, cautious","progressive, liberal","conservative values, conservative approach"
consider,"Think carefully about (something), typically before making a decision",coi như,He is considering changing jobs.,"verb, noun","considers, considering, considered","think, contemplate","ignore, disregard","consider carefully, consider options"
considerable,"Notably large in size, amount, or extent",đáng kể,He made a considerable amount of money.,"adjective, noun",considerables,"significant, substantial","insignificant, minor","considerable effort, considerable time"
considerably,By a notably large amount or to a notably large extent; greatly,đáng kể,The project was considerably delayed.,adverb,considerably,"greatly, significantly","slightly, insignificantly","considerably different, considerably better"
consideration,"Careful thought, typically over a period of time",xem xét,She gave the proposal careful consideration.,noun,considerations,"thought, deliberation","disregard, neglect","take into consideration, careful consideration"
consist,Be composed or made up of,bao gồm,The committee consists of ten members.,"verb, noun","consists, consisting, consisted","be made up of, be composed of","exclude, eliminate","consist mainly of, consist entirely of"
consist of,Be composed or made up of,bao gồm,The meal consists of three courses.,phrasal verb,"consists of, consisting of, consisted of","be made up of, be composed of","exclude, eliminate","consist of parts, consist of elements"
constant,Occurring continuously over a period of time,không thay đổi,The constant noise was annoying.,"adjective, noun",constants,"continuous, perpetual","intermittent, occasional","constant pressure, constant change"
constantly,Continuously over a period of time; always,liên tục,She is constantly late.,adverb,constantly,"always, perpetually","rarely, infrequently","constantly changing, constantly moving"
construct,"Build or erect (something, typically a building, road, or machine)",xây dựng,They are constructing a new building.,"verb, noun","constructs, constructing, constructed","build, erect","destroy, demolish","construct a building, construct a theory"
construction,"The action of building something, typically a large structure",sự thi công,The construction of the bridge took two years.,"noun, verb",constructions,"building, erection","demolition, destruction","construction site, construction work"
consult,Seek information or advice from (someone with expertise in a particular area),tham khảo ý kiến,She consulted a lawyer.,"verb, noun","consults, consulting, consulted","seek advice, confer","ignore, neglect","consult a doctor, consult with"
consumer,A person who purchases goods and services for personal use,người tiêu dùng,Consumers are demanding more organic products.,"noun, verb",consumers,"buyer, customer","seller, provider","consumer behavior, consumer demand"
contact,The state or condition of physical touching,liên hệ,They had close contact during the negotiation.,"noun, verb","contacts, contacting, contacted","touch, connection","separation, distance","close contact, maintain contact"
contain,Have or hold (someone or something) within,bao gồm,The box contains old photos.,"verb, noun","contains, containing, contained","include, hold","exclude, omit","contain information, contain an item"
container,An object that can be used to hold or transport something,thùng chứa,She put the cookies in a container.,"noun, verb",containers,"receptacle, holder",none,"storage container, shipping container"
contemporary,Living or occurring at the same time,đồng thời,Contemporary artists often explore different media.,"adjective, noun",contemporaries,"modern, current","ancient, old","contemporary art, contemporary music"
content,In a state of peaceful happiness,nội dung,She was content with her life.,"adjective, noun",contents,"satisfied, pleased","discontent, unhappy","feel content, content smile"
contest,"An event in which people compete for supremacy in a sport, activity, or particular quality",cuộc thi,The contest was fierce and competitive.,"noun, verb","contests, contesting, contested","competition, challenge","cooperation, agreement","enter a contest, win a contest"
context,"The circumstances that form the setting for an event, statement, or idea, and in terms of which it can be fully understood and assessed",bối cảnh,You need to consider the context to understand the meaning.,"noun, adjective",contexts,"circumstances, background","isolation, separation","context of the situation, historical context"
continent,"Any of the world's main continuous expanses of land (Europe, Asia, Africa, North and South America, Australia, Antarctica)",lục địa,Africa is a continent.,"noun, adjective",continents,"landmass, territory","island, ocean","Asian continent, European continent"
continue,Persist in an activity or process,Tiếp tục,They continued their journey.,"verb, noun","continues, continuing, continued","persist, proceed","stop, discontinue","continue to work, continue with"
continuous,Forming an unbroken whole; without interruption,liên tục,The continuous noise was annoying.,"adjective, noun",continuously,"uninterrupted, constant","intermittent, sporadic","continuous improvement, continuous flow"
continuously,Without interruption or gaps,liên tục,He worked continuously without a break.,adverb,continuously,"constantly, perpetually","intermittently, sporadically","continuously work, continuously move"
contract,"A written or spoken agreement, especially one concerning employment, sales, or tenancy, that is intended to be enforceable by law",hợp đồng,They signed a new contract.,"noun, verb","contracts, contracting, contracted","agreement, deal","disagreement, dispute","sign a contract, breach a contract"
contrast,The state of being strikingly different from something else in juxtaposition or close association,sự tương phản,There is a stark contrast between the two styles.,"noun, verb","contrasts, contrasting, contrasted","difference, disparity","similarity, resemblance","sharp contrast, in contrast"
contrasting,Differing strikingly,tương phản,The artist used contrasting colors.,"adjective, verb","contrasts, contrasting, contrasted","differing, opposite","similar, alike","contrasting colors, contrasting views"
contribute,"Give (something, especially money) in order to help achieve or provide something",đóng góp,He contributed to the charity fund.,"verb, noun","contributes, contributing, contributed","donate, give","withdraw, take","contribute financially, contribute ideas"
contribution,A gift or payment to a common fund or collection,sự đóng góp,She made a significant contribution to the project.,"noun, verb",contributions,"donation, input","withdrawal, detract","financial contribution, make a contribution"
control,The power to influence or direct people's behavior or the course of events,điều khiển,The company has control over the market.,"noun, verb","controls, controlling, controlled","management, oversight","chaos, disorder","gain control, lose control"
controlled,Determined by someone in authority to be such,được kiểm soát,The experiment was controlled by scientists.,"adjective, verb",controls,"regulated, directed","uncontrolled, unmanaged","controlled environment, controlled conditions"
convenient,"Fitting in well with a person's needs, activities, and plans",thuận lợi,The location is convenient for shopping.,"adjective, noun",conveniently,"suitable, handy","inconvenient, unsuitable","convenient time, convenient location"
convention,"A way in which something is usually done, especially within a particular area or activity",quy ước,It is a long-standing convention.,"noun, verb",conventions,"custom, practice","disruption, deviation","social convention, political convention"
conventional,Based on or in accordance with what is generally done or believed,truyền thống,He has conventional views.,"adjective, noun",conventionally,"traditional, usual","unconventional, unusual","conventional method, conventional wisdom"
conversation,"A talk, especially an informal one, between two or more people, in which news and ideas are exchanged",cuộc hội thoại,They had a long conversation over dinner.,"noun, verb",conversations,"discussion, dialogue","monologue, silence","deep conversation, casual conversation"
convert,"Change the form, character, or function of something",chuyển thành,They converted the garage into a living space.,"verb, noun","converts, converting, converted","transform, change","keep, retain","convert to, convert into"
convince,Cause (someone) to believe firmly in the truth of something,thuyết phục,She convinced him to go on the trip.,"verb, noun","convinces, convincing, convinced","persuade, assure","dissuade, discourage","convince someone, convince completely"
cook,"Prepare (food, a dish, or a meal) by combining and heating the ingredients",đầu bếp,He cooked dinner for the family.,"verb, noun","cooks, cooking, cooked","prepare, make","burn, ruin","cook a meal, cook dinner"
cooker,A person employed to prepare food in a restaurant,nồi cơm điện,The cooker prepared a delicious meal.,noun,cookers,"chef, cook",none,"professional cooker, master cooker"
cookie,"A small flat, sweet cake",bánh quy,She baked a batch of cookies.,noun,cookies,"biscuit, treat",none,"chocolate chip cookie, cookie jar"
cooking,"The practice or skill of preparing food by combining, mixing, and heating ingredients",nấu ăn,He enjoys cooking for his friends.,"noun, verb",cookings,"culinary, food preparation",none,"home cooking, enjoy cooking"
cool,Of or at a fairly low temperature,mát mẻ,The weather is cool today.,"adjective, verb","cooler, coolest","chilly, cold","warm, hot","cool breeze, cool weather"
cool down,Become less hot,hạ nhiệt,The soup needs to cool down before serving.,phrasal verb,"cools down, cooling down, cooled down","cool off, cool","heat up, warm up","cool down quickly, cool down completely"
cope,Deal effectively with something difficult,đối phó,She coped well with the pressure.,"verb, noun","copes, coping, coped","manage, handle","struggle, fail","cope with stress, cope with problems"
copy,A thing made to be similar or identical to another,sao chép,He made a copy of the document.,"noun, verb","copies, copying, copied","replica, duplicate","original, unique","make a copy, exact copy"
core,The central or most important part of something,cốt lõi,The core of the problem is lack of communication.,"noun, verb",cores,"center, essence","periphery, exterior","core values, core issue"
corner,A place or angle where two or more sides or edges meet,góc,She sat in the corner of the room.,"noun, verb","corners, cornering, cornered","nook, angle","middle, center","corner of the room, street corner"
correct,Free from error; in accordance with fact or truth,Chính xác,He gave the correct answer.,"adjective, verb","corrects, correcting, corrected","right, accurate","wrong, incorrect","correct answer, correct spelling"
correctly,In a way that is free from error or in accordance with fact or truth,chính xác,She spelled the word correctly.,adverb,correctness,"rightly, accurately","incorrectly, wrongly","correctly spelled, correctly answered"
cost,An amount that has to be paid or spent to buy or obtain something,trị giá,The cost of living is rising.,"noun, verb","costs, costing, costed","price, expense","profit, gain","high cost, low cost"
cottage,"A small simple house, typically one near a lake or beach",ngôi nhà tranh,They rented a cottage by the lake.,"noun, verb",cottages,"cabin, hut","mansion, palace","country cottage, small cottage"
cotton,A soft white fibrous substance that surrounds the seeds of the cotton plant and is used as textile fiber and thread for sewing,bông,She wore a cotton dress.,"noun, adjective",cottons,"fiber, textile","synthetic, polyester","cotton fabric, cotton field"
cough,Expel air from the lungs with a sudden sharp sound,ho,He has a bad cough.,"verb, noun","coughs, coughing, coughed","hack, clear throat",none,"bad cough, persistent cough"
could,"Past form of can, used to indicate possibility",có thể,She said she could help.,"verb, noun",could,"might, would","cannot, won't","could be, could have"
council,"An advisory, deliberative, or legislative body of people formally constituted and meeting regularly",hội đồng,The city council meets every month.,"noun, verb",councils,"committee, assembly","individual, person","city council, council member"
count,Determine the total number of (a collection of items),đếm,He counted the money.,"verb, noun","counts, counting, counted","enumerate, tally","estimate, guess","count the votes, count the cost"
counter,A long flat-topped fixture in a store or bank across which business is conducted with customers,quầy tính tiền,She leaned on the counter.,"noun, verb","counters, countering, countered","worktop, table",none,"store counter, kitchen counter"
count on,Rely on,tin tưởng vào,You can count on me.,phrasal verb,"counts on, counting on, counted on","depend on, rely","doubt, mistrust","count on support, count on assistance"
country,"A nation with its own government, occupying a particular territory",quốc gia,France is a beautiful country.,"noun, verb",countries,"nation, state","city, metropolis","foreign country, home country"
countryside,The land and scenery of a rural area,nông thôn,They live in the countryside.,"noun, verb",countrysides,"rural area, farmland","urban area, cityscape","beautiful countryside, peaceful countryside"
county,"A territorial division of some countries, forming the chief unit of local administration",quận,"The county has a population of 500,000.","noun, verb",counties,"district, region",none,"county fair, county council"
couple,Two individuals of the same sort considered together,cặp đôi,A young couple moved in next door.,"noun, verb","couples, coupling, coupled","pair, duo","individual, single","married couple, happy couple"
courage,The ability to do something that frightens one; bravery,lòng can đảm,She showed great courage during the crisis.,"noun, verb",courageous,"bravery, valor","fear, cowardice","show courage, great courage"
course,"The route or direction followed by a ship, aircraft, road, or river",khóa học,The ship changed course.,"noun, verb",courses,"path, direction",none,"course of action, golf course"
court,"A tribunal presided over by a judge, judges, or a magistrate in civil and criminal cases",tòa án,The court found him guilty.,"noun, verb","courts, courting, courted","tribunal, judiciary",none,"high court, court case"
cousin,A child of one's uncle or aunt,anh em họ,She visited her cousin last summer.,noun,cousins,"relative, kin",none,"first cousin, second cousin"
cover,Put something such as a cloth or lid on top of or in front of (something) in order to protect or conceal it,che phủ,He covered the pot with a lid.,"verb, noun","covers, covering, covered","hide, conceal","uncover, reveal","cover the table, cover with a cloth"
covered,Having a covering,che phủ,The car was covered in snow.,"adjective, verb","covers, covering, covered","sheltered, concealed","bare, exposed","covered bridge, covered with snow"
covering,The action or fact of covering something,che phủ,The covering on the book was torn.,"noun, verb",coverings,"coating, layer","exposure, revelation","plastic covering, book covering"
cover up,Conceal something illicit or damaging,che đậy,They tried to cover up the scandal.,phrasal verb,"covers up, covering up, covered up","conceal, hide","reveal, uncover","cover up a mistake, cover up tracks"
cow,"A fully grown female animal of a domesticated breed of ox, kept to produce milk or beef",con bò,The cow grazed in the field.,"noun, verb",cows,"bovine, heifer","bull, steer","dairy cow, cow milk"
crack,A line on the surface of something along which it has split without breaking apart,nứt,There was a crack in the vase.,"noun, verb","cracks, cracking, cracked","split, fracture",none,"hairline crack, crack in the wall"
cracked,Damaged and showing lines on the surface from having split without coming apart,nứt,The mirror was cracked.,"adjective, verb","cracks, cracking, cracked","fractured, broken","unbroken, intact","cracked mirror, cracked window"
craft,An activity involving skill in making things by hand,thủ công,She enjoys various crafts like knitting and pottery.,"noun, verb","crafts, crafting, crafted","skill, trade","clumsiness, ineptitude","craft fair, craft skills"
crash,"A violent collision, typically of one vehicle with another or an object",tai nạn,The car crashed into a tree.,"verb, noun","crashes, crashing, crashed","collision, accident","avoid, miss","car crash, plane crash"
crazy,"Mentally deranged, especially as manifested in a wild or aggressive way",điên,He went crazy after losing his job.,"adjective, noun","crazier, craziest","insane, mad","sane, rational","go crazy, drive someone crazy"
cream,The thick white or pale yellow fatty liquid which rises to the top when milk is left to stand and which can be skimmed off and used in cooking,kem,She added cream to her coffee.,"noun, verb","creams, creaming, creamed","dairy product, froth",none,"whipped cream, heavy cream"
create,Bring (something) into existence,tạo nên,The artist created a beautiful painting.,"verb, noun","creates, creating, created","generate, produce","destroy, ruin","create art, create opportunities"
creature,"An animal, as distinct from a human being",sinh vật,A strange creature was seen in the forest.,noun,creatures,"being, life form","human, person","mythical creature, sea creature"
credit,"The ability of a customer to obtain goods or services before payment, based on the trust that payment will be made in the future",tín dụng,She has good credit and can easily get loans.,"noun, verb","credits, crediting, credited","loan, trust","debt, deficit","good credit, credit score"
credit card,"A small plastic card issued by a bank, business, etc., allowing the holder to purchase goods or services on credit",thẻ tín dụng,He paid for the dinner with his credit card.,noun,credit cards,"charge card, plastic money",debit card,"use a credit card, apply for a credit card"
crime,An action or omission that constitutes an offense that may be prosecuted by the state and is punishable by law,tội phạm,The city has a low crime rate.,"noun, verb",crimes,"offense, felony","innocence, legality","commit a crime, crime rate"
criminal,A person who has committed a crime,tội phạm,The criminal was arrested by the police.,"noun, adjective",criminals,"offender, lawbreaker","law-abiding citizen, innocent","hardened criminal, career criminal"
crisis,"A time of intense difficulty, trouble, or danger",khủng hoảng,The company is facing a financial crisis.,"noun, verb",crises,"emergency, catastrophe","stability, calm","economic crisis, health crisis"
crisp,"Firm, dry, and brittle, especially in a way considered pleasing or attractive",giòn,The apple was crisp and delicious.,"adjective, noun","crisps, crisping, crisped","crunchy, brittle","soft, soggy","crisp apple, crisp air"
criterion,A principle or standard by which something may be judged or decided,tiêu chí,The main criterion for admission is academic performance.,noun,criteria,"standard, benchmark",none,"meet the criterion, main criterion"
critical,Expressing adverse or disapproving comments or judgments,phê bình,He was critical of the new policy.,"adjective, noun",critically,"judgmental, disapproving","praising, approving","critical view, critical issue"
criticism,The expression of disapproval of someone or something based on perceived faults or mistakes,chỉ trích,She received a lot of criticism for her book.,noun,criticisms,"disapproval, critique","praise, approval","constructive criticism, harsh criticism"
criticize,Indicate the faults of (someone or something) in a disapproving way,chỉ trích,They criticized the government's handling of the crisis.,"verb, noun","criticizes, criticizing, criticized","find fault with, condemn","praise, commend","criticize openly, criticize harshly"
crop,"A cultivated plant that is grown as food, especially a grain, fruit, or vegetable",mùa vụ,The farmer grows various crops.,"noun, verb","crops, cropping, cropped","produce, yield","weed, pest","cash crop, food crop"
cross,"Go or extend across or to the other side of (a path, road, stretch of water, or area)",đi qua,They crossed the street.,"verb, noun","crosses, crossing, crossed","traverse, pass over","follow, stay","cross the bridge, cross the road"
cross out,Draw a line through (something written) so as to make it no longer readable,gạch bỏ,He crossed out the incorrect information.,phrasal verb,"crosses out, crossing out, crossed out","strike through, delete","underline, highlight","cross out a word, cross out a mistake"
crowd,A large number of people gathered together in a disorganized or unruly way,đám đông,The crowd gathered in the square.,"noun, verb","crowds, crowding, crowded","throng, horde","solitude, emptiness","large crowd, control the crowd"
crowded,Having a large number of people in a small area,đông đúc,The bus was very crowded.,"adjective, verb","crowds, crowding, crowded","packed, congested","spacious, empty","crowded room, crowded street"
crown,"A circular ornamental headdress worn by a monarch as a symbol of authority, usually made of or decorated with precious metals and jewels",vương miện,The king wore a golden crown.,"noun, verb","crowns, crowning, crowned","diadem, coronet",none,"golden crown, royal crown"
crucial,"Decisive or critical, especially in the success or failure of something",chủ yếu,This is a crucial moment in our history.,"adjective, noun",crucially,"essential, vital","trivial, unimportant","crucial decision, crucial factor"
cruel,"Wilfully causing pain or suffering to others, or feeling no concern about it",tàn nhẫn,He was cruel to the animals.,"adjective, noun",cruelly,"heartless, brutal","kind, compassionate","cruel treatment, cruel person"
crush,"Deform, pulverize, or force inwards by compressing forcefully",người mình thích,She crushed the can with her foot.,"verb, noun","crushes, crushing, crushed","squeeze, squash","release, free","crush a can, crush a bug"
cry,"Shed tears, typically as an expression of distress, pain, or sorrow",khóc,The baby started to cry.,"verb, noun","cries, crying, cried","weep, sob","laugh, smile","cry loudly, cry softly"
cry out,"Shout or scream, especially to express strong emotion or pain",kêu lên,She cried out in pain.,phrasal verb,"cries out, crying out, cried out","scream, yell","whisper, murmur","cry out for help, cry out in pain"
cultural,"Relating to the ideas, customs, and social behavior of a society",thuộc văn hóa,There are many cultural differences between the two countries.,"adjective, noun",culturally,"ethnic, societal",none,"cultural heritage, cultural event"
culture,The arts and other manifestations of human intellectual achievement regarded collectively,văn hoá,The museum has an extensive collection of art and culture.,"noun, verb",cultures,"civilization, heritage","barbarism, ignorance","rich culture, popular culture"
cup,"A small bowl-shaped container for drinking from, typically having a handle",tách,She drank a cup of tea.,"noun, verb",cups,"mug, goblet","bowl, dish","cup of tea, coffee cup"
cupboard,"A cabinet or small recess with a door and typically shelves, used for storage",cái tủ,The plates are in the cupboard.,"noun, verb",cupboards,"cabinet, closet","open shelf, table","kitchen cupboard, storage cupboard"
cure,Relieve (a person or animal) of the symptoms of a disease or condition,sự chữa bệnh,The doctor was able to cure the disease.,"verb, noun","cures, curing, cured","heal, remedy","ail, sicken","cure a disease, cure an illness"
curious,Eager to know or learn something,tò mò,She was curious about the new neighbors.,"adjective, noun",curiously,"inquisitive, interested","indifferent, uninterested","curious mind, curious nature"
curiously,In a manner showing eager interest or wanting to know,tò mò,He looked at the object curiously.,adverb,curiosity,"inquiringly, interestedly","indifferently, uninterestedly","curiously observe, curiously examine"
curl,Form or cause to form into a curved or spiral shape,cuộn tròn,She curled her hair for the party.,"verb, noun","curls, curling, curled","coil, twist","straighten, flatten","curl hair, curl ribbon"
curl up,Sit or lie with the knees drawn up,cuộn tròn,He curled up on the sofa.,phrasal verb,"curls up, curling up, curled up","snuggle, nestle","straighten up, unfold","curl up in bed, curl up on the couch"
curly,"Having a twisted, ring, or spiral shape",quăn,She has curly hair.,"adjective, noun","curlier, curliest","wavy, ringlet","straight, flat","curly hair, curly fries"
current,Belonging to the present time; happening or being used or done now,hiện hành,The current situation is difficult.,"adjective, noun",currently,"present, modern","past, old","current events, current year"
currently,At the present time,Hiện nay,He is currently working on a new project.,adverb,current,"presently, now","formerly, previously","currently available, currently studying"
curtain,"A piece of material suspended at the top to form a screen, typically movable sideways along a rail and found as one of a pair at a window",tấm màn,She opened the curtains to let in some light.,"noun, verb",curtains,"drape, screen","open space, bare window","draw the curtain, stage curtain"
curve,A line or outline which gradually deviates from being straight for some or all of its length,đường cong,The road curves around the hill.,"noun, verb","curves, curving, curved","bend, arc","straight line, linear","gentle curve, sharp curve"
curved,Having a round or smoothly bending shape,cong,The path was curved.,"adjective, verb","curves, curving, curved","arched, rounded","straight, linear","curved road, curved line"
custom,"A traditional and widely accepted way of behaving or doing something that is specific to a particular society, place, or time",phong tục,It is a custom to shake hands when meeting someone.,"noun, verb",customs,"tradition, practice","innovation, deviation","local custom, traditional custom"
customer,A person who buys goods or services from a shop or business,khách hàng,The store values each customer.,noun,customers,"client, shopper","vendor, seller","regular customer, loyal customer"
customs,The official department that administers and collects the duties levied by a government on imported goods,hải quan,The customs office is at the airport.,noun,customs,"border control, import tax",none,"customs officer, customs duty"
cut,"Make an opening, incision, or wound in (something) with a sharp-edged tool or object",cắt,He cut the rope with a knife.,"verb, noun","cuts, cutting, cut","slice, chop","mend, repair","cut paper, cut hair"
cut back,Reduce the amount or quantity of,cắt giảm,They need to cut back on spending.,phrasal verb,"cuts back, cutting back, cut back","reduce, decrease","increase, expand","cut back on expenses, cut back on work"
cut down,Cause to fall by cutting,cắt giảm,They cut down the old tree.,phrasal verb,"cuts down, cutting down, cut down","fell, chop down","plant, grow","cut down a tree, cut down expenses"
cut off,Remove something by or as if by cutting,cắt đứt,The water supply was cut off.,phrasal verb,"cuts off, cutting off, cut off","sever, detach","attach, connect","cut off the flow, cut off communication"
cut out,"Remove, exclude, or stop doing something",cắt ra,He cut out the article from the newspaper.,phrasal verb,"cuts out, cutting out, cut out","remove, eliminate","include, add","cut out sugar, cut out the middleman"
cut up,Cut something into smaller pieces,cắt nhỏ,She cut up the vegetables.,phrasal verb,"cuts up, cutting up, cut up","chop, dice","assemble, combine","cut up the meat, cut up the fabric"
cycle,A series of events that are regularly repeated in the same order,xe đạp,The water cycle is an important natural process.,"noun, verb","cycles, cycling, cycled","sequence, series","disorder, chaos","water cycle, life cycle"
daily,"Happening, done, or produced every day",hằng ngày,She reads the daily newspaper.,"adjective, noun",dailies,"everyday, regular","occasional, rare","daily routine, daily life"
damage,"Physical harm that impairs the value, usefulness, or normal function of something",hư hại,The storm caused damage to the roof.,"noun, verb","damages, damaging, damaged","harm, injury","repair, fix","severe damage, damage control"
damp,Slightly wet,ẩm ướt,The ground was damp after the rain.,"adjective, noun","damps, damping, damped","moist, humid","dry, arid","damp cloth, damp weather"
dance,"Move rhythmically to music, typically following a set sequence of steps",nhảy,They danced all night.,"verb, noun","dances, dancing, danced","move, sway","stand still, freeze","dance floor, dance steps"
dancer,A person who dances or whose profession is dancing,vũ công,The dancer performed beautifully.,"noun, verb",dancers,"performer, ballet dancer","spectator, viewer","professional dancer, ballet dancer"
dancing,The activity of dancing for pleasure or as a profession,khiêu vũ,Dancing is her passion.,"noun, adjective",dancings,"ballet, movement","stillness, inactivity","dancing shoes, dancing skills"
danger,The possibility of suffering harm or injury,sự nguy hiểm,There is a danger of falling rocks.,"noun, verb",dangers,"risk, hazard","safety, security","in danger, pose a danger"
dangerous,Able or likely to cause harm or injury,nguy hiểm,It's dangerous to swim here.,"adjective, noun",dangerously,"risky, hazardous","safe, secure","dangerous situation, dangerous place"
dare,Have the courage to do something,dám,He dared to climb the mountain.,"verb, noun","dares, daring, dared","brave, challenge","fear, shun","dare to dream, dare to speak"
dark,With little or no light,tối tăm,The room was dark and quiet.,"adjective, noun","darker, darkest","dim, black","bright, light","dark room, dark night"
data,Facts and statistics collected together for reference or analysis,dữ liệu,They collected data for the research project.,noun,data,"information, statistics",none,"data analysis, data collection"
date,The day of the month or year as specified by a number,ngày,Today's date is July 10th.,"noun, verb","dates, dating, dated","day, appointment",none,"expiration date, due date"
date back,Exist since a particular time in the past,ngày trở lại,This building dates back to the 19th century.,phrasal verb,"dates back to, dating back to, dated back to","go back, originate",none,"date back to, date from"
daughter,A female child in relation to her parents,con gái,They have a daughter and a son.,"noun, verb",daughters,"girl, child","son, boy","eldest daughter, only daughter"
day,A period of 24 hours as a unit of time,ngày,It was a sunny day.,"noun, verb",days,"24 hours, daytime","night, evening","day and night, day off"
dead,No longer alive,chết,The plant is dead.,"adjective, noun","deader, deadest","deceased, lifeless","alive, living","dead body, dead end"
deaf,Lacking the power of hearing or having impaired hearing,điếc,He was born deaf.,"adjective, noun","deafer, deafest","hearing-impaired, unhearing","hearing, sound","deaf ear, born deaf"
deal,Distribute (cards) in an orderly rotation to the players for a game or round,thỏa thuận,He dealt the cards to the players.,"verb, noun","deals, dealing, dealt","distribute, arrange","collect, gather","deal cards, deal with"
deal in,Buy and sell (a particular product),thỏa thuận,They deal in antiques.,phrasal verb,"deals in, dealing in, dealt in","trade, sell",none,"deal in goods, deal in services"
deal with,"Take measures concerning (someone or something), especially with the intention of putting something right",đối phó với,She deals with customer complaints.,phrasal verb,"deals with, dealing with, dealt with","manage, handle","ignore, neglect","deal with problems, deal with issues"
dear,Regarded with deep affection,Thân mến,She is a dear friend.,"adjective, noun","dearer, dearest","beloved, cherished","unloved, indifferent","dear friend, my dear"
death,The end of the life of a person or organism,cái chết,The sudden death of her father affected her deeply.,"noun, adjective",deaths,"demise, passing","birth, life","sudden death, cause of death"
debate,"A formal discussion on a particular matter in a public meeting or legislative assembly, in which opposing arguments are put forward",tranh luận,They had a debate about the new policy.,"noun, verb","debates, debating, debated","discussion, argument","agreement, accord","public debate, debate over"
debt,"Something, typically money, that is owed or due",món nợ,He is trying to pay off his debts.,"noun, verb",debts,"liability, arrears","credit, asset","pay off debt, in debt"
decade,A period of ten years,thập kỷ,He has been working here for a decade.,"noun, verb",decades,"ten years, 10-year period",none,"past decade, over a decade"
decay,The state or process of rotting or decomposition,phân hủy,The old house was in a state of decay.,"noun, verb","decays, decaying, decayed","decomposition, rot","growth, improvement","tooth decay, gradual decay"
December,The twelfth month of the year,Tháng 12,They are planning a trip in December.,noun,none,twelfth month,none,"cold December, December 25th"
decide,Come to a resolution in the mind as a result of consideration,quyết định,She decided to go to college.,"verb, noun","decides, deciding, decided","determine, choose","hesitate, waver","decide to go, decide quickly"
decide on,Choose from a number of alternatives,quyết định,They decided on a new strategy.,phrasal verb,"decides on, deciding on, decided on","select, opt for",none,"decide on a plan, decide on a course"
decision,A conclusion or resolution reached after consideration,phán quyết,The decision was unanimous.,"noun, verb",decisions,"resolution, conclusion","indecision, hesitation","final decision, important decision"
declare,Say something in a solemn and emphatic manner,tuyên bố,He declared his love for her.,"verb, noun","declares, declaring, declared","announce, proclaim","deny, retract","declare a state of emergency, declare love"
decline,"Become smaller, fewer, or less; decrease",sự suy sụp,The economy is beginning to decline.,"verb, noun","declines, declining, declined","diminish, reduce","increase, rise","steady decline, sharp decline"
decorate,Make (something) look more attractive by adding extra items or images to it,trang trí,They decorated the room for the party.,"verb, noun","decorates, decorating, decorated","adorn, embellish","spoil, deface","decorate the house, decorate the room"
decoration,The process or art of decorating or adorning something,trang trí,The decoration of the hall was beautiful.,"noun, verb",decorations,"ornamentation, adornment",none,"holiday decoration, party decoration"
decorative,Serving to make something look more attractive; ornamental,trang trí,She added decorative touches to her room.,"adjective, noun",decoratively,"ornamental, beautifying","plain, functional","decorative items, decorative purposes"
decrease,"Make or become smaller or fewer in size, amount, intensity, or degree",giảm bớt,There was a decrease in sales.,"verb, noun","decreases, decreasing, decreased","reduce, diminish","increase, rise","sharp decrease, slight decrease"
deep,Extending far down from the top or surface,sâu,The lake is very deep.,"adjective, noun","deeper, deepest","profound, bottomless","shallow, superficial","deep water, deep hole"
deeply,At or to a considerable extent downward,sâu sắc,She was deeply moved by the story.,adverb,"deeper, deepest","profoundly, strongly","slightly, lightly","deeply regret, deeply in love"
defeat,Win a victory over (someone) in a battle or other contest; overcome or beat,đánh bại,They defeated the opposing team.,"verb, noun","defeats, defeating, defeated","conquer, overcome","surrender, lose","defeat the enemy, defeat the opponent"
defence,The action of defending from or resisting attack,phòng thủ,They built a wall for defence.,"noun, verb",defences,"protection, shield","attack, offense","self-defence, national defence"
defend,Resist an attack made on (someone or something); protect from harm or danger,phòng vệ,They defended their country from invaders.,"verb, noun","defends, defending, defended","protect, guard","attack, abandon","defend against, defend a position"
define,"State or describe exactly the nature, scope, or meaning of",định nghĩa,Can you define this term?,"verb, noun","defines, defining, defined","explain, describe","confuse, obscure","define clearly, define terms"
definite,Clearly stated or decided; not vague or doubtful,chắc chắn,We need a definite answer by tomorrow.,"adjective, noun",definites,"certain, clear","indefinite, uncertain","definite answer, definite plans"
definitely,Without doubt (used for emphasis),chắc chắn,I definitely agree with you.,adverb,definitely,"certainly, surely","doubtfully, uncertainly","definitely true, definitely wrong"
definition,"A statement of the exact meaning of a word, especially in a dictionary",sự định nghĩa,The dictionary provides definitions for words.,"noun, verb",definitions,"meaning, explanation",misdefinition,"clear definition, precise definition"
degree,"The amount, level, or extent to which something happens or is present",bằng cấp,The temperature dropped by a few degrees.,"noun, verb",degrees,"level, extent",none,"high degree, degree of difficulty"
delay,Make (someone or something) late or slow,trì hoãn,The flight was delayed due to bad weather.,"verb, noun","delays, delaying, delayed","postpone, defer","advance, hasten","flight delay, delay in delivery"
deliberate,Done consciously and intentionally,có chủ ý,It was a deliberate act of vandalism.,"adjective, verb","deliberates, deliberating, deliberated","intentional, planned","accidental, unplanned","deliberate attempt, deliberate action"
deliberately,In a careful and unhurried way,cố tình,She deliberately ignored him.,adverb,deliberately,"intentionally, purposefully","accidentally, unintentionally","deliberately avoid, deliberately ignore"
delicate,Very fine in texture or structure; of intricate workmanship or quality,thanh tú,The fabric is delicate and should be handled carefully.,"adjective, noun",delicately,"fragile, fine","coarse, sturdy","delicate balance, delicate situation"
delight,Great pleasure,hân hoan,She took great delight in her work.,"noun, verb","delights, delighting, delighted","joy, pleasure","displeasure, sadness","take delight in, much to someone's delight"
delighted,Feeling or showing great pleasure,vui mừng,They were delighted with the results.,"adjective, verb",delights,"pleased, happy","displeased, unhappy","delighted with the outcome, delighted to hear"
deliver,"Bring and hand over (a letter, parcel, or goods) to the proper recipient or address",giao,The courier delivered the package.,"verb, noun","delivers, delivering, delivered","hand over, bring","retain, keep","deliver a speech, deliver on a promise"
delivery,"The action of delivering letters, parcels, or goods",vận chuyển,The delivery was scheduled for Monday.,"noun, verb",deliveries,"distribution, dispatch",none,"delivery service, delivery time"
demand,"An insistent and peremptory request, made as if by right",yêu cầu,They made a demand for higher wages.,"noun, verb","demands, demanding, demanded","request, need","supply, grant","high demand, demand for"
demonstrate,Clearly show the existence or truth of (something) by giving proof or evidence,chứng minh,The experiment demonstrated the principle.,"verb, noun","demonstrates, demonstrating, demonstrated","show, exhibit","conceal, hide","demonstrate skills, demonstrate clearly"
dentist,A person qualified to treat the diseases and conditions that affect the teeth and gums,nha sĩ,She has an appointment with the dentist.,noun,dentists,"oral surgeon, tooth doctor",none,"visit the dentist, family dentist"
deny,State that one refuses to admit the truth or existence of,từ chối,He denied the allegations.,"verb, noun","denies, denying, denied","reject, refuse","accept, admit","deny the truth, deny an accusation"
department,"A division of a large organization such as a government, university, business, or shop, dealing with a specific area of activity",phòng,She works in the marketing department.,"noun, verb",departments,"division, section","whole, entirety","marketing department, sales department"
departure,"The action of leaving, especially to start a journey",sự khởi hành,Their departure was delayed due to weather conditions.,"noun, verb",departures,"exit, leaving","arrival, coming","departure time, sudden departure"
depend,Be controlled or determined by,phụ thuộc,Their success depends on the weather.,"verb, noun","depends, depending, depended","rely, count","independent, self-reliant","depend heavily on, depend entirely on"
depend on,Be able to trust; rely on,phụ thuộc vào,You can depend on her support.,phrasal verb,"depends on, depending on, depended on","rely on, trust","distrust, doubt","depend on someone, depend on something"
deposit,"A sum of money placed or kept in a bank account, usually to gain interest",tiền gửi,She made a deposit into her savings account.,"noun, verb","deposits, depositing, deposited","saving, investment","withdrawal, disbursement","bank deposit, make a deposit"
depress,Make (someone) feel utterly dispirited or dejected,chán nản,The news depressed him.,"verb, noun","depresses, depressing, depressed","dishearten, sadden","encourage, uplift","depress the mood, depress prices"
depressed,In a state of general unhappiness or despondency,trầm cảm,He has been feeling depressed lately.,"adjective, verb",depressedly,"despondent, sad","happy, cheerful","clinically depressed, feeling depressed"
depressing,Causing a feeling of misery or despondency,chán nản,The weather was depressing.,"adjective, verb",depressingly,"bleak, gloomy","cheerful, uplifting","depressing news, depressing atmosphere"
depth,The distance from the top or surface to the bottom of something,độ sâu,The depth of the lake is 50 meters.,"noun, verb",depths,"deepness, profundity",shallowness,"ocean depth, depth of knowledge"
derive,Obtain something from (a specified source),lấy được,The word 'coffee' derives from the Arabic word 'qahwa'.,"verb, noun","derives, deriving, derived","extract, obtain",none,"derive benefit, derive pleasure"
derive from,Obtain something from (a specified source),bắt nguồn từ,The new laws derive from earlier legislation.,phrasal verb,"derives from, deriving from, derived from","originate from, come from",none,"derive from roots, derive from words"
describe,Give a detailed account in words of,mô tả,He described the scene in detail.,"verb, noun","describes, describing, described","explain, depict","confuse, distort","describe in detail, describe clearly"
description,"A spoken or written account of a person, object, or event",Sự miêu tả,She gave a vivid description of the scene.,"noun, verb",descriptions,"account, depiction",misdescription,"give a description, vivid description"
desert,"Abandon (a person, cause, or organization) in a way considered disloyal or treacherous",sa mạc,He deserted his post.,"verb, noun","deserts, deserting, deserted","abandon, forsake","support, remain","desert a friend, desert a cause"
deserted,Empty of people,bỏ hoang,The town was deserted.,"adjective, verb","deserts, deserting, deserted","empty, abandoned","crowded, inhabited","deserted street, deserted town"
deserve,Do something or have or show qualities worthy of (reward or punishment),xứng đáng,He deserves a reward for his efforts.,"verb, noun","deserves, deserving, deserved","earn, merit","unworthy, lose","deserve praise, deserve punishment"
design,"A plan or drawing produced to show the look and function or workings of a building, garment, or other object before it is made",thiết kế,The architect presented the design for the new building.,"noun, verb","designs, designing, designed","plan, blueprint","disorganize, disorder","design a building, fashion design"
desire,A strong feeling of wanting to have something or wishing for something to happen,sự mong muốn,He expressed his desire to travel the world.,"noun, verb","desires, desiring, desired","wish, craving","disinterest, aversion","strong desire, desire for"
desk,"A piece of furniture with a flat or sloped surface and typically with drawers, used for writing, reading, or working",bàn làm việc,She sat at her desk.,"noun, verb",desks,"table, workstation",none,"office desk, writing desk"
desperate,Feeling or showing a hopeless sense that a situation is so bad as to be impossible to deal with,tuyệt vọng,They were desperate for help.,"adjective, verb",desperation,"hopeless, despairing","hopeful, optimistic","desperate situation, desperate measures"
desperately,In a way that shows despair,tuyệt vọng,She desperately tried to reach him.,adverb,desperations,"hopelessly, despairingly","hopefully, optimistically","desperately need, desperately try"
despite,Without being affected by; in spite of,cho dù,They went out despite the rain.,preposition,none,"in spite of, notwithstanding","because of, due to","despite the difficulties, despite the fact"
destroy,Put an end to the existence of (something) by damaging or attacking it,hủy hoại,The fire destroyed the building.,"verb, noun","destroys, destroying, destroyed","ruin, demolish","build, create","destroy completely, destroy evidence"
destruction,The action or process of causing so much damage to something that it no longer exists or cannot be repaired,sự phá hủy,The storm caused widespread destruction.,"noun, verb",destructions,"demolition, ruin","construction, creation","complete destruction, cause destruction"
detail,"An individual feature, fact, or item",chi tiết,He explained every detail of the plan.,"noun, verb",details,"aspect, feature",generalization,"every detail, fine detail"
detailed,Having many details or facts; showing attention to detail,chi tiết,The report was very detailed.,"adjective, verb",detailedly,"thorough, comprehensive","vague, general","detailed report, detailed description"
determination,Firmness of purpose; resoluteness,sự quyết tâm,Her determination to succeed was impressive.,"noun, verb",determinations,"resolve, perseverance","indecision, hesitation","strong determination, fierce determination"
determine,"Ascertain or establish exactly, typically as a result of research or calculation",quyết tâm,The investigation will determine the cause of the accident.,"verb, noun","determines, determining, determined","decide, establish","misjudge, overlook","determine the cause, determine the outcome"
determined,Having made a firm decision and being resolved not to change it,xác định,She is determined to finish the project.,"adjective, verb",determinedly,"resolute, resolute","indecisive, hesitant","determined effort, determined to succeed"
develop,"Grow or cause to grow and become more mature, advanced, or elaborate",phát triển,The company plans to develop new products.,"verb, noun","develops, developing, developed","expand, grow","decline, regress","develop skills, develop rapidly"
development,The process of developing or being developed,phát triển,The development of the new software is underway.,"noun, verb",developments,"advancement, growth","stagnation, halt","economic development, sustainable development"
device,"A thing made or adapted for a particular purpose, especially a piece of mechanical or electronic equipment",thiết bị,She uses a device to track her fitness.,"noun, verb",devices,"gadget, tool",none,"electronic device, medical device"
devote,"Give all or a large part of one's time or resources to (a person, activity, or cause)",cống hiến,She devoted her life to helping the poor.,"verb, noun","devotes, devoting, devoted","dedicate, allocate","neglect, ignore","devote time, devote energy"
devoted,Very loving or loyal,tận tâm,He is a devoted husband.,"adjective, verb",devotedly,"loyal, faithful","disloyal, unfaithful","devoted fan, devoted friend"
devote to,Give one's time or effort to (a person or purpose),cống hiến cho,She devoted herself to her studies.,phrasal verb,"devotes to, devoting to, devoted to","dedicate to, commit to","neglect, ignore","devote to work, devote to cause"
diagram,"A simplified drawing showing the appearance, structure, or workings of something; a schematic representation",sơ đồ,The diagram shows the parts of the engine.,"noun, verb",diagrams,"chart, schematic",none,"create a diagram, draw a diagram"
diamond,"A precious stone consisting of a clear and typically colorless crystalline form of pure carbon, the hardest naturally occurring substance",kim cương,She received a diamond ring.,"noun, verb",diamonds,"gem, jewel",none,"diamond necklace, diamond mine"
diary,A book in which one keeps a daily record of events and experiences,nhật ký,She writes in her diary every day.,"noun, verb",diaries,"journal, log",none,"keep a diary, write in a diary"
dictionary,"A book or electronic resource that lists the words of a language (typically in alphabetical order) and gives their meaning, or gives the equivalent words in a different language",từ điển,You can find the meaning of words in a dictionary.,"noun, verb",dictionaries,"lexicon, glossary",none,"pocket dictionary, bilingual dictionary"
die,Stop living,chết,He died peacefully in his sleep.,"verb, noun","dies, dying, died","pass away, expire","live, survive","die young, die hard"
die away,Gradually diminish in sound or intensity,chết đi,The sound of the music died away.,phrasal verb,"dies away, dying away, died away","fade, diminish","increase, intensify","die away slowly, die away completely"
die out,Become extinct,chết đi,Dinosaurs died out millions of years ago.,phrasal verb,"dies out, dying out, died out","become extinct, vanish","thrive, survive","species die out, tradition die out"
diet,"The kinds of food that a person, animal, or community habitually eats",ăn kiêng,He is on a strict diet.,"noun, verb",diets,"nutrition, regimen",none,"balanced diet, special diet"
difference,A point or way in which people or things are not the same,sự khác biệt,There is a big difference between them.,"noun, verb",differences,"discrepancy, distinction","similarity, sameness","make a difference, big difference"
different,Not the same as another or each other,khác biệt,They have different opinions.,"adjective, verb",differently,"distinct, dissimilar","same, similar","different types, different from"
differently,In a way that is not the same,khác nhau,She thinks differently than her parents.,adverb,different,"alternatively, variously","similarly, alike","think differently, act differently"
difficult,"Needing much effort or skill to accomplish, deal with, or understand",khó ,This is a difficult problem to solve.,"adjective, noun",difficulties,"challenging, hard","easy, simple","difficult task, difficult situation"
difficulty,The state or condition of being difficult,khó khăn,He had difficulty understanding the instructions.,"noun, verb",difficulties,"challenge, struggle","ease, simplicity","have difficulty with, face difficulty"
dig,"Break up and move earth with a tool or machine, or with hands, paws, snout, etc.",đào,They began to dig a hole.,"verb, noun","digs, digging, dug","excavate, delve","fill, cover","dig a hole, dig deep"
digital,Involving or relating to the use of computer technology,điện tử,She bought a new digital camera.,"adjective, noun",digitally,"electronic, computerized",analog,"digital technology, digital age"
dinner,"The main meal of the day, taken either around midday or in the evening",bữa tối,They invited us to dinner.,"noun, verb",dinners,"meal, supper","breakfast, lunch","dinner party, have dinner"
direct,Extending or moving from one place to another without changing direction or stopping,trực tiếp,He gave me direct instructions.,"adjective, verb",directly,"straight, straightforward","indirect, roundabout","direct route, direct communication"
direction,A course along which someone or something moves,phương hướng,They headed in the same direction.,"noun, verb",directions,"route, path","disorientation, confusion","give direction, change direction"
directly,Without changing direction or stopping,trực tiếp,She spoke to me directly.,adverb,directly,"straight, immediately","indirectly, circuitously","speak directly, directly address"
director,"A person who is in charge of an activity, department, or organization",giám đốc,The film director was praised for his work.,"noun, verb",directors,"manager, head","subordinate, employee","film director, company director"
dirt,"A substance, such as soil, that makes something dirty",bụi bẩn,His shoes were covered in dirt.,"noun, verb",dirts,"soil, grime","cleanliness, purity","covered in dirt, dirt road"
dirty,Covered or marked with an unclean substance,bẩn thỉu,The floor was dirty.,"adjective, verb",dirties,"filthy, unclean","clean, spotless","dirty clothes, dirty hands"
disabled,"Having a physical or mental condition that limits movements, senses, or activities",tàn tật,The building is accessible for disabled people.,"adjective, noun",disables,"handicapped, impaired","abled, capable","disabled access, disabled person"
disadvantage,An unfavorable circumstance or condition that reduces the chances of success or effectiveness,điều bất lợi,Being short can be a disadvantage in basketball.,"noun, verb",disadvantages,"drawback, obstacle","advantage, benefit","major disadvantage, obvious disadvantage"
disagree,Have or express a different opinion,không đồng ý,I disagree with your opinion.,"verb, noun","disagrees, disagreeing, disagreed","differ, oppose","agree, concur","disagree strongly, disagree completely"
disagreement,Lack of consensus or approval,bất đồng,They had a disagreement about the project.,"noun, verb",disagreements,"conflict, dispute","agreement, consensus","serious disagreement, minor disagreement"
disappear,Cease to be visible,biến mất,The sun disappeared behind the clouds.,"verb, noun","disappears, disappearing, disappeared","vanish, fade","appear, emerge","suddenly disappear, disappear completely"
disappoint,Fail to fulfill the hopes or expectations of,thất vọng,The movie disappointed many fans.,"verb, noun","disappoints, disappointing, disappointed","let down, fail","satisfy, fulfill","bitterly disappoint, disappoint greatly"
disappointed,Sad or displeased because someone or something has failed to fulfill one's hopes or expectations,thất vọng,She was disappointed with the test results.,"adjective, verb",disappointedly,"dismayed, disheartened","pleased, satisfied","feel disappointed, deeply disappointed"
disappointing,Failing to fulfill someone's hopes or expectations,đáng thất vọng,The game was disappointing.,"adjective, verb",disappointingly,"unsatisfactory, discouraging","satisfactory, fulfilling","very disappointing, quite disappointing"
disappointment,Sadness or displeasure caused by the non-fulfillment of one's hopes or expectations,sự thất vọng,His failure was a huge disappointment.,"noun, verb",disappointments,"letdown, setback","satisfaction, fulfillment","huge disappointment, great disappointment"
disapproval,Possession or expression of an unfavorable opinion,không tán thành,She looked at him with disapproval.,"noun, verb",disapprovals,"criticism, dislike","approval, praise","look of disapproval, show disapproval"
disapprove,Have or express an unfavorable opinion about something,không chấp thuận,They disapprove of smoking.,"verb, noun","disapproves, disapproving, disapproved","condemn, reject","approve, endorse","strongly disapprove, disapprove of"
disapproving,Expressing an unfavorable opinion,không tán thành,He gave a disapproving glance.,"adjective, verb",disapprovingly,"critical, disfavoring","approving, favorable","disapproving look, disapproving tone"
disaster,"A sudden event, such as an accident or a natural catastrophe, that causes great damage or loss of life",thảm họa,The earthquake was a disaster.,"noun, verb",disasters,"calamity, catastrophe","miracle, blessing","natural disaster, disaster relief"
disc,"A flat, thin, round object",đĩa,She inserted the disc into the computer.,"noun, verb",discs,"plate, platter",none,"compact disc, insert disc"
discipline,"The practice of training people to obey rules or a code of behavior, using punishment to correct disobedience",kỷ luật,The school enforces strict discipline.,"noun, verb",disciplines,"control, training","chaos, disorder","strict discipline, self-discipline"
discount,A deduction from the usual cost of something,giảm giá,The store offers a discount on all items.,"noun, verb","discounts, discounting, discounted","reduction, rebate","surcharge, premium","offer a discount, discount price"
discover,Find (something or someone) unexpectedly or in the course of a search,phát hiện,She discovered a hidden talent for painting.,"verb, noun","discovers, discovering, discovered","uncover, find","lose, overlook","discover a new species, discover a talent"
discovery,The action or process of discovering or being discovered,khám phá,The discovery of the new element was groundbreaking.,"noun, verb",discoveries,"revelation, finding","loss, concealment","scientific discovery, major discovery"
discuss,Talk about (something) with another person or group of people,bàn luận,They discussed the plan in detail.,"verb, noun","discusses, discussing, discussed","debate, converse","ignore, neglect","discuss in detail, discuss openly"
discussion,The action or process of talking about something,cuộc thảo luận,The discussion lasted for hours.,"noun, verb",discussions,"conversation, dialogue","agreement, consensus","open discussion, heated discussion"
disease,"A disorder of structure or function in a human, animal, or plant, especially one that produces specific signs or symptoms or that affects a specific location and is not simply a direct result of physical injury",bệnh,He suffers from a rare disease.,"noun, verb",diseases,"illness, ailment","health, wellness","infectious disease, chronic disease"
disgust,A feeling of revulsion or strong disapproval aroused by something unpleasant or offensive,ghê tởm,She looked at the trash with disgust.,"noun, verb","disgusts, disgusting, disgusted","revulsion, loathing","attraction, approval","with disgust, express disgust"
disgusted,Feeling or expressing revulsion or strong disapproval,ghê tởm,He was disgusted by the smell.,"adjective, verb",disgustedly,"repulsed, appalled","pleased, delighted","disgusted look, disgusted by"
disgusting,Arousing revulsion or strong indignation,kinh tởm,The food was disgusting.,"adjective, verb",disgustingly,"revolting, repulsive","pleasant, appealing","absolutely disgusting, find something disgusting"
dish,"A shallow, typically flat-bottomed container for cooking or serving food",món ăn,She served the pasta in a large dish.,"noun, verb",dishes,"plate, bowl",none,"serve in a dish, dish up"
dishonest,Behaving or prone to behave in an untrustworthy or fraudulent way,không trung thực,He was dishonest about his qualifications.,"adjective, noun",dishonestly,"deceitful, fraudulent","honest, truthful","dishonest behavior, dishonest person"
dishonestly,"In an untrustworthy, deceitful, or fraudulent manner",không trung thực,She acted dishonestly in the exam.,adverb,dishonesty,"deceitfully, fraudulently","honestly, truthfully","act dishonestly, behave dishonestly"
disk,"A flat, thin, round object",đĩa,She saved the file on a disk.,"noun, verb",disks,"disc, platter",none,"compact disk, magnetic disk"
dislike,Feel distaste for or hostility towards,không thích,She dislikes eating broccoli.,"verb, noun","dislikes, disliking, disliked","hate, loathe","like, love","strongly dislike, intense dislike"
dismiss,Order or allow to leave; send away,miễn nhiệm,The teacher dismissed the class early.,"verb, noun","dismisses, dismissing, dismissed","send away, discharge","accept, keep","dismiss a case, dismiss from"
display,Make a prominent exhibition of (something) in a place where it can be easily seen,trưng bày,They displayed their artwork at the gallery.,"verb, noun","displays, displaying, displayed","exhibit, show","hide, conceal","public display, impressive display"
dissolve,With reference to a solid) become or cause to become incorporated into a liquid so as to form a solution,hòa tan,The sugar dissolved in the tea.,"verb, noun","dissolves, dissolving, dissolved","melt, liquefy","solidify, coagulate","completely dissolve, dissolve in water"
distance,An amount of space between two things or people,khoảng cách,The distance between the two cities is 200 miles.,"noun, verb",distances,"gap, interval","closeness, nearness","long distance, travel distance"
distinguish,Recognize or treat (someone or something) as different,phân biệt,He can distinguish between different musical notes.,"verb, noun","distinguishes, distinguishing, distinguished","differentiate, discern","confuse, mix up","distinguish between, easily distinguish"
distribute,Give shares of (something); deal out,phân phát,They distribute food to the homeless.,"verb, noun","distributes, distributing, distributed","dispense, allocate","collect, gather","distribute evenly, distribute among"
district,"An area of a country or city, especially one regarded as a distinct unit because of a particular characteristic",huyện,He lives in the financial district.,"noun, verb",districts,"area, region",none,"business district, school district"
disturb,"Interrupt the quiet, peace, or order of; unsettle",quấy rầy,Please do not disturb the meeting.,"verb, noun","disturbs, disturbing, disturbed","disrupt, unsettle","calm, soothe","disturb the peace, disturb someone"
disturbing,Causing anxiety or uneasiness; upsetting,làm phiền,The news was disturbing.,"adjective, verb",disturbingly,"upsetting, troubling","comforting, calming","disturbing news, disturbing trend"
divide,Separate or be separated into parts,chia,They decided to divide the profits equally.,"verb, noun","divides, dividing, divided","separate, split","unite, join","divide equally, divide into parts"
division,"The action of separating something into parts, or the process of being separated",phân công,The division of the company into two parts was announced.,"noun, verb",divisions,"partition, section","unification, integration","equal division, fair division"
divorce,The legal dissolution of a marriage by a court or other competent body,ly hôn,They finalized their divorce last year.,"noun, verb","divorces, divorcing, divorced","separation, annulment","marriage, union","file for divorce, get a divorce"
divorced,Legally separated from a spouse through divorce,đã ly dị,She is divorced and has two children.,"adjective, verb",divorces,"separated, annulled",married,"divorced parents, divorced couple"
do,"Perform (an action, the precise nature of which is often unspecified)",LÀM,What do you want to do today?,"verb, noun","does, doing, did","perform, execute","undo, cease","do the job, do the work"
doctor,A person who is qualified to treat people who are ill,bác sĩ,She visited the doctor for a check-up.,"noun, verb",doctors,"physician, medical practitioner",patient,"family doctor, medical doctor"
document,"A piece of written, printed, or electronic matter that provides information or evidence or that serves as an official record",tài liệu,He signed the document.,"noun, verb",documents,"record, paper",none,"official document, legal document"
dog,"A domesticated carnivorous mammal that typically has a long snout, an acute sense of smell, non-retractable claws, and a barking, howling, or whining voice",chó,They have a pet dog.,"noun, verb",dogs,"canine, hound","cat, feline","pet dog, guard dog"
dollar,"The basic monetary unit of the US, Canada, Australia, and certain countries in the Pacific, Caribbean, Southeast Asia, Africa, and South America",đô la,The item costs ten dollars.,"noun, verb",dollars,"buck, currency",none,"US dollar, Canadian dollar"
domestic,Relating to the running of a home or to family relations,nội địa,She is a domestic worker.,"adjective, noun",domestically,"household, home","wild, undomesticated","domestic violence, domestic chores"
dominate,Have a commanding influence on; exercise control over,thống trị,One company has dominated the market.,"verb, noun","dominates, dominating, dominated","control, rule","submit, follow","dominate the market, dominate completely"
door,"A hinged, sliding, or revolving barrier at the entrance to a building, room, or vehicle",cửa,He knocked on the door.,"noun, verb",doors,"gate, entrance","wall, barrier","front door, back door"
dot,A small round mark or spot,dấu chấm,She put a dot at the end of the sentence.,"noun, verb",dots,"point, spot",none,"dot the i's, connect the dots"
double,"Consisting of two equal, identical, or similar parts or things",gấp đôi,They ordered a double room.,"adjective, noun","doubles, doubling, doubled","twin, dual","single, one","double check, double room"
doubt,A feeling of uncertainty or lack of conviction,nghi ngờ,He had doubts about the plan.,"noun, verb","doubts, doubting, doubted","uncertainty, suspicion","certainty, confidence","serious doubt, without a doubt"
down,Towards or in a lower place or position,xuống,The sun went down.,"adverb, adjective",downs,"lower, beneath","up, above","sit down, fall down"
downstairs,Situated downstairs,tầng dưới,The kitchen is downstairs.,"adverb, adjective",downstairs,"ground floor, basement",upstairs,"downstairs bathroom, go downstairs"
downward,Moving or leading towards a lower place or level,đi xuống,The stock market took a downward turn.,"adjective, noun",downwards,"descending, falling","upward, rising","downward spiral, downward trend"
downwards,"Toward a lower place, point, or level",đi xuống,She looked downwards at her feet.,adverb,downwards,"down, below","upwards, above","look downwards, move downwards"
dozen,A group or set of twelve,tá,He bought a dozen eggs.,"noun, adjective",dozens,"twelve, group",none,"a dozen of, two dozen"
draft,A preliminary version of a piece of writing,bản nháp,She wrote a draft of the report.,"noun, verb","drafts, drafting, drafted","outline, sketch","final, complete","rough draft, first draft"
drag,"Pull (someone or something) along forcefully, roughly, or with difficulty",lôi kéo,He had to drag the heavy box.,"verb, noun","drags, dragging, dragged","haul, pull","push, shove","drag along, drag out"
drama,"A play for theater, radio, or television",kịch,She loves studying drama.,"noun, verb",dramas,"play, theater","comedy, farce","study drama, drama class"
dramatic,Relating to drama or the performance or study of drama,kịch,The movie had a dramatic ending.,"adjective, noun",dramatically,"theatrical, intense","undramatic, calm","dramatic change, dramatic effect"
dramatically,In a way that relates to drama or the performance or study of drama,đáng kể,The situation changed dramatically.,adverb,dramatic,"significantly, remarkably","slightly, subtly","increase dramatically, fall dramatically"
draw,"Produce (a picture or diagram) by making lines and marks on paper with a pencil, pen, etc.",vẽ tranh,He can draw very well.,"verb, noun","draws, drawing, drawn","sketch, depict","erase, delete","draw a picture, draw attention"
drawer,"A boxlike storage compartment without a lid, made to slide horizontally in and out of a desk, chest, or other piece of furniture",ngăn kéo,She keeps her clothes in a drawer.,"noun, verb",drawers,"compartment, container",none,"top drawer, desk drawer"
dream,"A series of thoughts, images, and sensations occurring in a person's mind during sleep",mơ,She had a strange dream last night.,"noun, verb","dreams, dreaming, dreamed","vision, fantasy","reality, actuality","have a dream, dream about"
dress,Put on one's clothes,đầm,He dressed quickly for work.,"verb, noun","dresses, dressing, dressed","clothe, attire","undress, strip","dress quickly, dress up"
dressed,Wearing clothes of a specified kind,mặc quần áo,She was dressed in a beautiful gown.,"adjective, verb",dresses,"clad, attired","undressed, bare","dressed in black, well dressed"
dress up,Dress in smart or formal clothes,ăn mặc,They dressed up for the party.,phrasal verb,"dresses up, dressing up, dressed up","dress formally, attire","dress down, underdress","dress up for, dress up as"
drink,Take (a liquid) into the mouth and swallow,uống,He drank a glass of water.,"verb, noun","drinks, drinking, drank","sip, swallow",none,"drink water, drink tea"
drive,Operate and control the direction and speed of a motor vehicle,lái xe,She drives to work every day.,"verb, noun","drives, driving, drove","steer, operate",none,"drive a car, drive to work"
driver,A person who drives a vehicle,tài xế,The driver waited in the car.,"noun, verb",drivers,"chauffeur, motorist",passenger,"bus driver, truck driver"
driving,The control and operation of a motor vehicle,lái xe,He is learning about safe driving.,"noun, verb",driving,"steering, operation",none,"driving test, driving license"
drop,Let or make (something) fall vertically,làm rơi,She accidentally dropped her phone.,"verb, noun","drops, dropping, dropped","let fall, release","raise, lift","drop a hint, drop the ball"
drop out,Withdraw from a course or activity,bỏ học,He decided to drop out of school.,phrasal verb,"drops out, dropping out, dropped out","withdraw, quit","continue, persist","drop out of school, drop out of race"
drug,A medicine or other substance which has a physiological effect when ingested or otherwise introduced into the body,thuốc,He was prescribed a new drug.,"noun, verb","drugs, drugging, drugged","medicine, medication",none,"prescription drug, illegal drug"
drugstore,A pharmacy or a store where medicinal drugs are dispensed and sold,hiệu thuốc,She went to the drugstore to buy some medicine.,noun,drugstores,"pharmacy, chemist",none,"local drugstore, chain drugstore"
drum,A percussion instrument sounded by being struck with sticks or the hands,cái trống,He played the drum in the band.,"noun, verb","drums, drumming, drummed","percussion, timpani",none,"bass drum, drum set"
drunk,Affected by alcohol to the extent of losing control of one's faculties or behavior,say rượu,He was too drunk to drive.,"adjective, noun","drunker, drunkest","intoxicated, inebriated","sober, clear-headed","drunk driving, get drunk"
dry,Free from moisture or liquid; not wet or moist,khô,The clothes are dry.,"adjective, verb","drier, driest","arid, dehydrated","wet, moist","dry clothes, dry weather"
dry off,Make or become dry through wiping or exposure to air,khô đi,She dried off with a towel.,phrasal verb,"dries off, drying off, dried off","towel off, wipe dry","wet, moisten","dry off with a towel, dry off quickly"
dry up,Lose or cause to lose moisture,khô đi,The lake dried up during the drought.,phrasal verb,"dries up, drying up, dried up","dehydrate, parch","hydrate, soak","dry up completely, dry up fast"
due,Expected at or planned for at a certain time,quá hạn,The rent is due tomorrow.,"adjective, noun",dues,"expected, owed","early, overdue","payment due, rent due"
dull,Lacking interest or excitement,đần độn,The lecture was dull.,"adjective, verb","duller, dullest","boring, monotonous","exciting, interesting","dull lecture, dull color"
dump,"Deposit or dispose of (garbage, waste, or unwanted material), typically in a careless or hurried way",bãi rác,He dumped the trash in the bin.,"verb, noun","dumps, dumping, dumped","discard, throw away","keep, retain","dump the waste, dump illegally"
during,Throughout the course or duration of (a period of time),trong lúc,He stayed at the hotel during his vacation.,preposition,none,"throughout, amid","before, after","during the day, during the trip"
dust,"Fine, dry particles of matter",bụi,She cleaned the dust off the shelves.,"noun, verb","dusts, dusting, dusted","powder, particles",cleanliness,"dust particles, dust storm"
duty,A moral or legal obligation; a responsibility,nhiệm vụ,It is your duty to attend the meeting.,"noun, verb",duties,"responsibility, obligation","freedom, exemption","perform a duty, on duty"
DVD,"A type of compact disc able to store large amounts of data, especially high-resolution audiovisual material",DVD,They watched a movie on DVD.,noun,DVDs,digital versatile disc,none,"watch a DVD, DVD player"
dying,On the point of death,sắp chết,He took care of his dying grandmother.,"adjective, verb",dying,"near death, terminal","living, healthy","dying wish, dying out"
each,Every one of two or more people or things considered separately,mỗi,Each student received a certificate.,"adjective, noun",each,"every, all",none,"each one, each time"
each other,"Used to refer to every one of two or more people or things, when the action or relationship involves both or all of them",nhau ,They hugged each other.,pronoun,each other,one another,none,"support each other, understand each other"
ear,The organ of hearing and balance in humans and other vertebrates,tai,She has a piercing in her ear.,"noun, verb",ears,"hearing organ, auditory organ",none,"sharp ear, ear infection"
early,Happening or done before the usual or expected time,sớm,They arrived early to get good seats.,"adjective, adverb","earlier, earliest","premature, early-stage","late, tardy","early morning, early bird"
earn,Receive (money) in return for labor or services,kiếm,She earns a good salary.,"verb, noun","earns, earning, earned","make, gain","spend, lose","earn money, earn a living"
earth,The planet on which we live; the world,trái đất,The Earth orbits the sun.,"noun, verb",earths,"world, globe",none,"planet Earth, Mother Earth"
ease,"Make (something unpleasant, painful, or intense) less serious or severe",xoa dịu,He tried to ease her pain.,"verb, noun","eases, easing, eased","alleviate, relieve","aggravate, worsen","ease the pain, ease tensions"
easily,Without difficulty or effort,một cách dễ dàng,She solved the problem easily.,adverb,easily,"effortlessly, readily","difficultly, hardly","easily solved, easily accessible"
east,The direction towards the point of the horizon where the sun rises,phía đông,The sun rises in the east.,"noun, adjective",eastward,"orient, sunrise",west,"east side, face east"
eastern,"Situated in the east, or facing east",phương Đông,They live in the eastern part of the city.,adjective,eastern,"oriental, eastward",western,"eastern culture, eastern region"
easy,Achieved without great effort; presenting few difficulties,dễ,The exam was easy.,"adjective, noun","easier, easiest","simple, effortless","difficult, hard","easy task, easy access"
eat,Put (food) into the mouth and chew and swallow it,ăn,They ate dinner together.,"verb, noun","eats, eating, ate","consume, ingest","fast, abstain","eat out, eat in"
economic,Relating to economics or the economy,thuộc kinh tế,The country is facing economic challenges.,"adjective, noun",economically,"financial, fiscal","uneconomic, unprofitable","economic growth, economic policy"
economy,"The wealth and resources of a country or region, especially in terms of the production and consumption of goods and services",kinh tế,The economy is growing.,"noun, verb",economies,"market, system","depression, recession","global economy, local economy"
edge,"The outside limit of an object, area, or surface; a place or part farthest away from the center of something",bờ rìa,She stood at the edge of the cliff.,"noun, verb",edges,"border, margin","center, middle","sharp edge, cutting edge"
edition,A particular version or instance of a publication,ấn bản,The second edition of the book was released.,"noun, verb",editions,"issue, version",none,"new edition, first edition"
editor,"A person who is in charge of and determines the final content of a text, particularly a newspaper or magazine",biên tập viên,The editor revised the article.,"noun, verb",editors,"journalist, reviser",none,"chief editor, magazine editor"
educate,"Give intellectual, moral, and social instruction to (someone), typically at a school or university",giáo dục,Teachers educate students.,"verb, noun","educates, educating, educated","teach, instruct","ignore, neglect","educate children, educate the public"
educated,Having been educated,có học thức,She is well educated.,"adjective, verb",educatedly,"learned, literate","uneducated, ignorant","highly educated, poorly educated"
education,"The process of receiving or giving systematic instruction, especially at a school or university",giáo dục,He is studying education at the university.,"noun, verb",educations,"schooling, instruction","ignorance, illiteracy","higher education, formal education"
effect,A change that is a result or consequence of an action or other cause,tác dụng,The new law had a positive effect.,"noun, verb","effects, affecting, affected","result, outcome","cause, origin","have an effect, positive effect"
effective,Successful in producing a desired or intended result,hiệu quả,The new method is very effective.,"adjective, noun",effectively,"efficient, potent","ineffective, useless","effective solution, effective immediately"
effectively,In such a manner as to achieve a desired result,có hiệu quả,She worked effectively to meet the deadline.,adverb,effectively,"efficiently, productively","inefficiently, ineffectively","work effectively, communicate effectively"
effort,A vigorous or determined attempt,cố gắng,He put a lot of effort into his work.,"noun, verb",efforts,"exertion, endeavor","laziness, inactivity","make an effort, put effort into"
egg,"An oval or round object laid by a female bird, reptile, fish, or invertebrate, usually containing a developing embryo",trứng,She made an omelette with two eggs.,"noun, verb",eggs,"ovum, ovoid",none,"fried egg, egg shell"
eight,"Equivalent to the product of two and four; one more than seven, or two less than ten",tám,She has eight apples.,numeral,eighth,8,none,"eight years, eight times"
eighteen,"Equivalent to the product of two and nine; one more than seventeen, or two less than nineteen",mười tám,He turned eighteen yesterday.,numeral,eighteenth,18,none,"eighteen years old, eighteen months"
eighteenth,Constituting number eighteen in a sequence; 18th,thứ mười tám,The eighteenth century was a time of change.,"adjective, noun",eighteenths,18th,none,"eighteenth century, eighteenth birthday"
eighth,Constituting number eight in a sequence; 8th,thứ tám,She finished in eighth place.,"adjective, noun",eighths,8th,none,"eighth grade, eighth place"
eightieth,Constituting number eighty in a sequence; 80th,thứ tám mươi,He celebrated his eightieth birthday.,"adjective, noun",eightieths,80th,none,"eightieth anniversary, eightieth year"
eighty,The number equivalent to the product of eight and ten; ten less than ninety; 80,tám mươi,The book costs eighty dollars.,numeral,eighties,80,none,"eighty percent, eighty dollars"
either,Used before the first of two (or occasionally more) given alternatives (the other being introduced by â€˜orâ€™),hoặc,You can choose either option.,conjunction,either,"or, neither",both,"either one, either way"
elbow,The joint between the forearm and the upper arm,khuỷu tay,He hurt his elbow.,"noun, verb",elbows,"joint, hinge",none,"bend the elbow, elbow joint"
elderly,Old or aging,người già,The elderly woman needed assistance.,"adjective, noun",elderlies,"senior, aged","young, youthful","elderly care, elderly person"
elect,Choose (someone) to hold public office or some other position by voting,bầu cử,They elected a new president.,"verb, noun","elects, electing, elected","choose, vote",none,"elect a leader, elect officials"
election,A formal and organized choice by vote of a person for a political office or other position,cuộc bầu cử,The next election will be held in November.,"noun, verb",elections,"vote, selection",appointment,"presidential election, general election"
electric,"Of, worked by, charged with, or producing electricity",điện,She plugged in the electric kettle.,"adjective, noun",electricity,"powered, charged",manual,"electric car, electric shock"
electrical,Relating to electricity,điện,He is an electrical engineer.,"adjective, noun",electrically,"powered, electric",none,"electrical appliance, electrical fault"
electricity,A form of energy resulting from the existence of charged particles,điện,The electricity went out during the storm.,"noun, verb",electricities,"current, power",none,"generate electricity, electricity supply"
electronic,"Operating through the use of many small components, especially microchips and transistors, that control and direct electric currents",điện tử,They sell electronic goods.,"adjective, noun",electronically,"digital, computerized",analog,"electronic device, electronic music"
elegant,Pleasingly graceful and stylish in appearance or manner,thanh lịch,She wore an elegant dress.,"adjective, noun",elegantly,"graceful, stylish","inelegant, clumsy","elegant design, elegant solution"
element,"A part or aspect of something abstract, especially one that is essential or characteristic",yếu tố,Water is an essential element for life.,"noun, verb",elements,"component, part","whole, entirety","chemical element, key element"
elevator,A platform or compartment housed in a shaft for raising and lowering people or things to different floors or levels,thang máy,They took the elevator to the tenth floor.,"noun, verb",elevators,"lift, hoist",stairs,"take the elevator, elevator ride"
eleven,Equivalent to the sum of ten and one; one more than ten; 11,mười một,There were eleven players on the team.,numeral,eleven,11,none,"eleven years, eleven times"
eleventh,Constituting number eleven in a sequence; 11th,thứ mười một,She finished in eleventh place.,"adjective, noun",elevenths,11th,none,"eleventh hour, eleventh grade"
else,In addition; besides,khác,Do you want anything else?,"adjective, adverb",elsewhere,"other, another",none,"anything else, someone else"
elsewhere,"In, at, or to some other place",nơi khác,He couldn't find it elsewhere.,adverb,elsewhere,"somewhere else, away","here, nearby","look elsewhere, search elsewhere"
email,Messages distributed by electronic means from one computer user to one or more recipients via a network,e-mail,She sent an email to her boss.,"noun, verb",emails,"electronic mail, message",none,"send an email, check email"
embarrass,"Cause (someone) to feel awkward, self-conscious, or ashamed",làm xấu hổ,His comment embarrassed her.,"verb, noun","embarrasses, embarrassing, embarrassed","humiliate, mortify","comfort, soothe","embarrass deeply, embarrass publicly"
embarrassed,Feeling or showing embarrassment,lúng túng,She felt embarrassed about the mistake.,"adjective, verb",embarrassedly,"self-conscious, ashamed","confident, composed","deeply embarrassed, visibly embarrassed"
embarrassing,Causing embarrassment,xấu hổ,It was an embarrassing situation.,"adjective, verb",embarrassingly,"awkward, uncomfortable","comfortable, relaxed","highly embarrassing, extremely embarrassing"
embarrassment,"A feeling of self-consciousness, shame, or awkwardness",bối rối,He felt embarrassment after the incident.,"noun, verb",embarrassments,"awkwardness, shame","pride, confidence","feel embarrassment, cause embarrassment"
emerge,Move out of or away from something and become visible,xuất hiện,The sun emerged from behind the clouds.,"verb, noun","emerges, emerging, emerged","appear, surface","disappear, vanish","suddenly emerge, emerge from"
emergency,"A serious, unexpected, and often dangerous situation requiring immediate action",khẩn cấp,Call 911 in case of an emergency.,"noun, adjective",emergencies,"crisis, urgent situation","calm, peace","emergency exit, emergency services"
emotion,"A natural instinctive state of mind deriving from one's circumstances, mood, or relationships with others",cảm xúc,He showed no emotion during the trial.,"noun, verb",emotions,"feeling, sentiment","apathy, indifference","strong emotion, show emotion"
emotional,Relating to a person's emotions,xúc động,She was very emotional at the wedding.,"adjective, noun",emotionality,"sentimental, feeling","unemotional, indifferent","emotional response, emotional support"
emotionally,In a way that relates to a person's emotions,về mặt cảm xúc,He spoke emotionally about his experience.,adverb,emotionally,"sentimentally, passionately","unemotionally, indifferently","emotionally charged, emotionally involved"
emphasis,"Special importance, value, or prominence given to something",sự nhấn mạnh,The emphasis should be on quality rather than quantity.,"noun, verb",emphases,"stress, importance","insignificance, triviality","place emphasis, strong emphasis"
emphasize,Give special importance or value to (something) in speaking or writing,nhấn mạnh,She emphasized the importance of teamwork.,"verb, noun","emphasizes, emphasizing, emphasized","highlight, stress","downplay, understate","emphasize greatly, emphasize strongly"
empire,An extensive group of states or countries under a single supreme authority,đế chế,The Roman Empire was vast.,"noun, verb",empires,"kingdom, realm",colony,"vast empire, ancient empire"
employ,Give work to (someone) and pay them for it,thuê,They employ over 100 people.,"verb, noun","employs, employing, employed","hire, recruit","fire, dismiss","employ staff, employ workers"
employee,A person employed for wages or salary,người lao động,The company hired a new employee.,"noun, verb",employees,"worker, staff member","employer, manager","new employee, part-time employee"
employer,A person or organization that employs people,nhà tuyển dụng,The employer provides health insurance.,"noun, verb",employers,"boss, manager","employee, worker","large employer, employer benefits"
employment,The condition of having paid work,thuê người làm,He is looking for employment.,"noun, verb",employments,"work, job",unemployment,"full employment, gain employment"
empty,Containing nothing; not filled or occupied,trống,The bottle is empty.,"adjective, verb","empties, emptying, emptied","vacant, void","full, occupied","empty room, empty promises"
enable,Give (someone or something) the authority or means to do something,cho phép,This will enable you to access the website.,"verb, noun","enables, enabling, enabled","allow, permit","disable, prevent","enable access, enable the user"
encounter,Unexpectedly experience or be faced with (something difficult or hostile),bắt gặp,They encountered many difficulties.,"verb, noun","encounters, encountering, encountered","face, meet","avoid, escape","unexpected encounter, encounter problems"
encourage,"Give support, confidence, or hope to (someone)",khuyến khích,She encouraged him to apply for the job.,"verb, noun","encourages, encouraging, encouraged","inspire, motivate","discourage, deter","encourage participation, encourage growth"
encouragement,"The action of giving someone support, confidence, or hope",sự khích lệ,Her words of encouragement helped him a lot.,"noun, verb",encouragements,"support, inspiration","discouragement, demotivation","words of encouragement, give encouragement"
end,"A final part of something, especially a period of time, an activity, or a story",kết thúc,The movie had a surprising end.,"noun, verb","ends, ending, ended","conclusion, finish","beginning, start","happy end, tragic end"
end in,Finish in a particular way or place,kết thúc ở,The meeting will end in an hour.,phrasal verb,"ends in, ending in, ended in","conclude, terminate","begin, commence","end in disaster, end in success"
ending,The final part of a period or sequence of events,kết thúc,The story has a happy ending.,"noun, verb",endings,"conclusion, finale","beginning, start","happy ending, sad ending"
enemy,A person who is actively opposed or hostile to someone or something,kẻ thù,They are enemies in the game.,"noun, verb",enemies,"opponent, adversary","friend, ally","sworn enemy, enemy territory"
energy,The strength and vitality required for sustained physical or mental activity,năng lượng,He has a lot of energy.,"noun, verb",energies,"vitality, vigor","fatigue, lethargy","full of energy, renewable energy"
engage,"Occupy, attract, or involve (someone's interest or attention)",đính hôn,The story engaged the audience.,"verb, noun","engages, engaging, engaged","involve, engross","bore, disengage","engage in conversation, engage the audience"
engaged,Busy; occupied,đính hôn,She is engaged in a new project.,"adjective, verb","engages, engaging, engaged","occupied, busy","disengaged, idle","engaged in work, engaged with"
engine,A machine with moving parts that converts power into motion,động cơ,The car's engine is powerful.,"noun, verb",engines,"motor, machine",none,"car engine, powerful engine"
engineer,"A person who designs, builds, or maintains engines, machines, or structures",kỹ sư,He is a civil engineer.,"noun, verb",engineers,"technician, designer",none,"software engineer, mechanical engineer"
engineering,"The branch of science and technology concerned with the design, building, and use of engines, machines, and structures",kỹ thuật,She studied engineering at university.,"noun, verb",engineerings,"applied science, technology",none,"civil engineering, electrical engineering"
enjoy,Take delight or pleasure in (an activity or occasion),thưởng thức,He enjoys playing football.,"verb, noun","enjoys, enjoying, enjoyed","delight in, relish","dislike, hate","enjoy greatly, enjoy thoroughly"
enjoyable,Giving delight or pleasure,thú vị,It was an enjoyable trip.,"adjective, noun",enjoyably,"pleasant, delightful","boring, unpleasant","highly enjoyable, very enjoyable"
enjoyment,The state or process of taking pleasure in something,sự hưởng thụ,Reading brings her a lot of enjoyment.,"noun, verb",enjoyments,"pleasure, delight","displeasure, discontent","sense of enjoyment, source of enjoyment"
enormous,"Very large in size, quantity, or extent",lớn lao,The building is enormous.,"adjective, noun",enormously,"huge, immense","small, tiny","enormous amount, enormous building"
enough,As much or as many as required,đủ,We have enough food for everyone.,"adjective, noun",enoughs,"sufficient, adequate","insufficient, lacking","more than enough, enough time"
enquiry,An act of asking for information,cuộc điều tra,The enquiry took several hours.,"noun, verb",enquiries,"investigation, query","answer, response","make an enquiry, detailed enquiry"
ensure,Make certain that (something) will occur or be the case,đảm bảo,Please ensure that the door is locked.,"verb, noun","ensures, ensuring, ensured","make sure, guarantee","neglect, ignore","ensure safety, ensure compliance"
enter,Come or go into (a place),đi vào,They entered the building.,"verb, noun","enters, entering, entered","go in, come in","exit, leave","enter a room, enter a building"
entertain,Provide (someone) with amusement or enjoyment,giải trí,The comedian entertained the audience.,"verb, noun","entertains, entertaining, entertained","amuse, delight","bore, tire","entertain guests, entertain children"
entertainer,"A person who entertains, especially a professional one",nghệ sĩ giải trí,The entertainer performed a great show.,"noun, verb",entertainers,"performer, artist",none,"famous entertainer, talented entertainer"
entertaining,Providing amusement or enjoyment,giải trí,The movie was very entertaining.,"adjective, verb",entertainingly,"amusing, enjoyable","boring, dull","highly entertaining, very entertaining"
entertainment,The action of providing or being provided with amusement or enjoyment,sự giải trí,They enjoyed the evening's entertainment.,"noun, verb",entertainments,"amusement, fun","boredom, dullness","form of entertainment, source of entertainment"
enthusiasm,"Intense and eager enjoyment, interest, or approval",sự nhiệt tình,He showed great enthusiasm for the project.,"noun, verb",enthusiasms,"eagerness, zeal","apathy, indifference","show enthusiasm, full of enthusiasm"
enthusiastic,"Having or showing intense and eager enjoyment, interest, or approval",nhiệt tình,She is very enthusiastic about her new job.,"adjective, verb",enthusiastically,"eager, keen","apathetic, indifferent","enthusiastic about, enthusiastic supporter"
enthusiastically,"In a way that shows intense and eager enjoyment, interest, or approval",nhiệt tình,They enthusiastically supported the idea.,adverb,enthusiastically,"eagerly, keenly","indifferently, apathetically","support enthusiastically, cheer enthusiastically"
entire,With no part left out; whole,toàn bộ,He read the entire book in one day.,"adjective, noun",entirely,"whole, complete","partial, incomplete","entire book, entire day"
entirely,Completely (often used for emphasis),toàn bộ,She was entirely responsible for the project.,adverb,entire,"completely, fully","partially, partly","entirely different, entirely responsible"
entitle,Give (someone) a legal right or a just claim to receive or do something,quyền,You are entitled to a free meal.,"verb, noun","entitles, entitling, entitled","authorize, qualify","disqualify, deny","entitle to, entitle someone"
entrance,"An opening, such as a door, passage, or gate, that allows access to a place",cổng vào,He stood at the entrance of the building.,"noun, verb",entrances,"doorway, access","exit, egress","main entrance, back entrance"
entry,An act of going or coming in,lối vào,They made a dramatic entry.,"noun, verb",entries,"admission, ingress","exit, departure","first entry, dramatic entry"
envelope,"A flat paper container with a sealable flap, used to enclose a letter or document",phong bì,She put the letter in an envelope.,"noun, verb",envelopes,"packet, cover",none,"address envelope, seal envelope"
environment,"The surroundings or conditions in which a person, animal, or plant lives or operates",môi trường,We must protect the environment.,"noun, verb",environments,"surroundings, habitat",none,"natural environment, protect the environment"
environmental,Relating to the natural world and the impact of human activity on its condition,môi trường,Environmental issues are important.,adjective,environmentally,"ecological, green",none,"environmental impact, environmental protection"
equal,"Being the same in quantity, size, degree, or value",bình đẳng,They received equal pay for equal work.,"adjective, noun","equals, equalling, equalled","same, identical","unequal, different","equal opportunity, equal rights"
equally,In the same manner and to the same extent,bằng nhau,The resources were equally distributed.,adverb,equally,"evenly, fairly","unequally, unevenly","equally important, equally distributed"
equipment,The necessary items for a particular purpose,thiết bị,The gym has all the necessary equipment.,"noun, verb",equipments,"gear, apparatus",none,"necessary equipment, sports equipment"
equivalent,"Equal in value, amount, function, meaning, etc.",tương đương,His words are equivalent to a promise.,"adjective, noun",equivalents,"equal, same","different, unlike","equivalent to, functional equivalent"
error,A mistake,lỗi,There was an error in the calculation.,"noun, verb",errors,"mistake, fault","accuracy, correctness","make an error, calculation error"
escape,Break free from confinement or control,bỏ trốn,He managed to escape from prison.,"verb, noun","escapes, escaping, escaped","flee, getaway","capture, imprison","escape plan, escape from"
especially,"Used to single out one person, thing, or situation over all others",đặc biệt,"She loves fruit, especially apples.",adverb,especial,"particularly, specially","generally, broadly","especially important, especially useful"
essay,A short piece of writing on a particular subject,tiểu luận,She wrote an essay on the importance of recycling.,"noun, verb",essays,"article, paper","novel, book","write an essay, essay question"
essential,Absolutely necessary,thiết yếu,Water is essential for life.,"adjective, noun",essentials,"necessary, vital","nonessential, unnecessary","essential for, essential part"
essentially,"Used to emphasize the basic, fundamental, or intrinsic nature of a person, thing, or situation",Thiết yếu,"Essentially, the project was a success.",adverb,essentially,"basically, fundamentally","nonessentially, superficially","essentially the same, essentially a"
establish,Set up on a firm or permanent basis,thành lập,The company was established in 1990.,"verb, noun","establishes, establishing, established","create, set up","abolish, dismantle","establish a company, establish rules"
estate,"An extensive area of land in the country, usually with a large house, owned by one person, family, or organization",tài sản,They live on a large estate.,"noun, verb",estates,"property, land","apartment, flat","large estate, real estate"
estimate,"An approximate calculation or judgment of the value, number, quantity, or extent of something",ước lượng,The estimate for repairs was high.,"noun, verb","estimates, estimating, estimated","approximation, guess","exact, precise","make an estimate, cost estimate"
etc.,"Used at the end of a list to indicate that further, similar items are included",vân vân.,"Bring your tools, paper, pens, etc.",abbreviation,none,"and so on, and others",none,"tools, paper, pens, etc."
euro,The single European currency,euro,He paid in euros.,"noun, verb",euros,EUR,none,"euro zone, euro currency"
even,Flat and smooth,thậm chí,The surface is even.,"adjective, verb","evens, evening, evened","flat, level","uneven, rough","even surface, even ground"
evening,"The period of time at the end of the day, usually from about 6 p.m. to bedtime",buổi tối,They went out for dinner in the evening.,"noun, adjective",evenings,"nightfall, dusk","morning, dawn","early evening, in the evening"
event,"A thing that happens, especially one of importance",sự kiện,The event was a great success.,"noun, verb",events,"occurrence, happening",none,"special event, major event"
eventually,"In the end, especially after a long delay, dispute, or series of problems",sau cùng,"Eventually, they agreed on a plan.",adverb,eventual,"finally, ultimately","immediately, suddenly","eventually decide, eventually become"
ever,At any time,bao giờ,Have you ever been to Paris?,adverb,evermore,"at any time, anytime",never,"ever since, hardly ever"
every,Used before a singular noun to refer to all the individual members of a set without exception,mọi,Every student must submit the form.,"adjective, pronoun",every,"each, all",none,"every time, every day"
everybody,Every person,mọi người,Everybody enjoyed the party.,pronoun,everybodies,"everyone, all",nobody,"everybody else, everybody's"
everyone,Every person,mọi người,Everyone agreed with the decision.,pronoun,everyone,"everybody, all",nobody,"everyone here, everyone agreed"
everything,All things,mọi thứ,She lost everything in the fire.,pronoun,everythings,"all things, all","nothing, none","lose everything, everything possible"
everywhere,In or to all places,ở khắp mọi nơi,They looked everywhere for the lost key.,adverb,everywheres,"all over, in all places",nowhere,"search everywhere, travel everywhere"
evidence,The available body of facts or information indicating whether a belief or proposition is true or valid,chứng cớ,The evidence was clear.,"noun, verb",evidences,"proof, testimony",none,"provide evidence, clear evidence"
evil,Profoundly immoral and wicked,độc ác,He was driven by pure evil.,"adjective, noun",evils,"wickedness, malevolence","good, virtuous","pure evil, evil deeds"
exact,Not approximated in any way; precise,chính xác,She gave an exact description of the event.,"adjective, verb",exactly,"precise, accurate","inexact, imprecise","exact match, exact number"
exactly,In a precise manner; used to emphasize the accuracy of a figure or description,chính xác,That's exactly what I mean.,adverb,exactly,"precisely, accurately","approximately, roughly","know exactly, remember exactly"
exaggerate,"Represent (something) as being larger, better, or worse than it really is",nói quá,He tends to exaggerate his achievements.,"verb, noun","exaggerates, exaggerating, exaggerated","overstate, embellish","understate, minimize","greatly exaggerate, tend to exaggerate"
exaggerated,"Regarded or represented as larger, better, or worse than in reality",phóng đại,The story was highly exaggerated.,"adjective, verb",exaggeratedly,"overstated, inflated","understated, realistic","highly exaggerated, seem exaggerated"
exam,A formal test of a person's knowledge or proficiency in a subject or skill,bài thi,He passed the final exam.,"noun, verb",exams,"test, assessment",none,"final exam, pass an exam"
examination,A detailed inspection or investigation,bài kiểm tra,The doctor performed a thorough examination.,"noun, verb",examinations,"inspection, check-up","glance, cursory look","medical examination, thorough examination"
examine,Inspect (someone or something) in detail to determine their nature or condition; investigate thoroughly,nghiên cứu,The doctor examined the patient.,"verb, noun","examines, examining, examined","inspect, scrutinize","ignore, overlook","examine thoroughly, examine carefully"
example,A thing characteristic of its kind or illustrating a general rule,ví dụ,He is a good example for others.,"noun, verb",examples,"model, sample",none,"give an example, prime example"
excellent,Extremely good; outstanding,xuất sắc,She did an excellent job.,"adjective, noun",excellently,"outstanding, superb","poor, bad","excellent performance, excellent quality"
except,Not including; other than,ngoại trừ,Everyone is here except John.,"preposition, conjunction",excepting,"excluding, besides","including, with","everyone except, except for"
exception,A person or thing that is excluded from a general statement or does not follow a rule,ngoại lệ,There is an exception to every rule.,"noun, verb",exceptions,"anomaly, deviation","rule, norm","make an exception, rare exception"
exchange,An act of giving one thing and receiving another (especially of the same type or value) in return,trao đổi,They had a lively exchange of ideas.,"noun, verb","exchanges, exchanging, exchanged","trade, swap","retention, holding","foreign exchange, currency exchange"
excite,Cause (someone) to feel very enthusiastic and eager,kích động,The news excited her.,"verb, noun","excites, exciting, excited","thrill, stimulate","bore, calm","excite the crowd, excite interest"
excited,Very enthusiastic and eager,hào hứng,She is excited about the trip.,"adjective, verb",excitedly,"enthusiastic, eager","calm, indifferent","very excited, get excited"
excitement,A feeling of great enthusiasm and eagerness,sự phấn khích,The children were full of excitement.,"noun, verb",excitements,"enthusiasm, eagerness","boredom, indifference","sense of excitement, level of excitement"
exciting,Causing great enthusiasm and eagerness,thú vị,The game was very exciting.,"adjective, verb",excitingly,"thrilling, exhilarating","boring, dull","find exciting, very exciting"
exclude,"Deny (someone) access to or bar (someone) from a place, group, or privilege",loại trừ,They decided to exclude him from the team.,"verb, noun","excludes, excluding, excluded","omit, leave out","include, admit","exclude from, exclude someone"
excluding,Not including,loại trừ,All meals are included excluding drinks.,"preposition, conjunction",exclude,"without, except","including, with","all included, excluding"
excuse,Seek to lessen the blame attaching to (a fault or offense); try to justify,thứ lỗi,Please excuse my lateness.,"verb, noun","excuses, excusing, excused","justify, pardon","blame, accuse","excuse the interruption, excuse me"
executive,A person with senior managerial responsibility in a business organization,điều hành,The company hired a new executive.,"noun, adjective",executives,"administrator, manager","employee, subordinate","chief executive, executive decision"
exercise,"Activity requiring physical effort, carried out to sustain or improve health and fitness",bài tập,She does exercise every morning.,"noun, verb","exercises, exercising, exercised","workout, training","rest, inactivity","regular exercise, physical exercise"
exhibition,"A public display of works of art or items of interest, held in an art gallery or museum or at a trade fair",triển lãm,The museum is hosting an exhibition.,"noun, verb",exhibitions,"display, showcase",none,"art exhibition, major exhibition"
exist,Have objective reality or being,hiện hữu,Ghosts do not exist.,"verb, noun","exists, existing, existed","live, be","perish, vanish","actually exist, continue to exist"
existence,The fact or state of living or having objective reality,sự tồn tại,The existence of the building is under threat.,"noun, verb",existences,"being, reality","nonexistence, nothingness","proof of existence, brief existence"
exit,"A way out, especially of a public building, room, or passenger vehicle",ra,They headed towards the exit.,"noun, verb",exits,"way out, doorway","entrance, entry","emergency exit, make an exit"
expand,Become or make larger or more extensive,mở rộng,The company plans to expand its operations.,"verb, noun","expands, expanding, expanded","enlarge, extend","shrink, contract","expand rapidly, expand the business"
expect,Regard (something) as likely to happen,trông chờ,We expect rain later today.,"verb, noun","expects, expecting, expected","anticipate, predict","doubt, question","expect results, expect someone"
expectation,A strong belief that something will happen or be the case,kỳ vọng,She had high expectations for the job.,"noun, verb",expectations,"belief, anticipation","disbelief, doubt","meet expectations, high expectation"
expected,Regarded as likely; anticipated,hy vọng,The expected result was achieved.,"adjective, verb",expectedly,"anticipated, predicted","unexpected, surprising","expected outcome, expected result"
expense,The cost required for something; the money spent on something,chi phí,Traveling can be an expensive expense.,"noun, verb",expenses,"cost, expenditure","income, profit","travel expense, living expense"
expensive,Costing a lot of money,đắt,The jewelry was too expensive.,"adjective, noun",expensively,"costly, pricey","cheap, affordable","very expensive, too expensive"
experience,Practical contact with and observation of facts or events,kinh nghiệm,She has a lot of experience in marketing.,"noun, verb",experiences,"knowledge, skill","ignorance, inexperience","gain experience, work experience"
experienced,"Having knowledge or skill in a particular field, especially a profession or job, gained over a period of time",có kinh nghiệm,He is an experienced driver.,"adjective, verb",experiencedly,"skilled, knowledgeable","inexperienced, unskilled","experienced teacher, very experienced"
experiment,"A scientific procedure undertaken to make a discovery, test a hypothesis, or demonstrate a known fact",cuộc thí nghiệm,They conducted an experiment in the lab.,"noun, verb",experiments,"test, trial",none,"conduct an experiment, scientific experiment"
expert,A person who has a comprehensive and authoritative knowledge of or skill in a particular area,chuyên gia,He is an expert in his field.,"noun, verb",experts,"specialist, authority","novice, beginner","expert opinion, technical expert"
explain,"Make (an idea, situation, or problem) clear to someone by describing it in more detail or revealing relevant facts or ideas",giải thích,She explained the rules clearly.,"verb, noun","explains, explaining, explained","clarify, elucidate","confuse, obscure","explain clearly, explain in detail"
explanation,A statement or account that makes something clear,lời giải thích,She gave a clear explanation of the problem.,"noun, verb",explanations,"clarification, elucidation","confusion, ambiguity","give an explanation, need an explanation"
explicit,"Stated clearly and in detail, leaving no room for confusion or doubt",rõ ràng,The instructions were explicit.,"adjective, noun",explicitly,"clear, straightforward","implicit, vague","explicit instructions, explicit content"
explode,"Burst or shatter violently and noisily as a result of rapid combustion, excessive internal pressure, or other process",nổ tung,The bomb could explode at any moment.,"verb, noun","explodes, exploding, exploded","detonate, burst","implode, collapse","explode violently, could explode"
explore,Travel in or through (an unfamiliar country or area) in order to learn about or familiarize oneself with it,khám phá,They plan to explore the new island.,"verb, noun","explores, exploring, explored","investigate, examine","ignore, neglect","explore new places, explore options"
explosion,A violent and destructive shattering or blowing apart of something,vụ nổ,The explosion was heard miles away.,"noun, verb",explosions,"blast, detonation","implosion, calm","huge explosion, loud explosion"
export,Send (goods or services) to another country for sale,xuất khẩu,They export cars to Europe.,"noun, verb","exports, exporting, exported","sell abroad, send out","import, buy","export goods, export market"
expose,"Make (something) visible, typically by uncovering it",phơi ra,The artist exposed the painting to the public.,"verb, noun","exposes, exposing, exposed","reveal, uncover","hide, cover","expose the truth, expose to"
exposure,The state of being exposed to contact with something,phơi bày,Prolonged exposure to the sun can be harmful.,"noun, verb",exposures,"contact, experience","concealment, hiding","prolonged exposure, exposure to"
express,Convey (a thought or feeling) in words or by gestures and conduct,thể hiện,He expressed his thoughts clearly.,"verb, noun","expresses, expressing, expressed","articulate, convey","suppress, conceal","express clearly, express feelings"
expression,The process of making known one's thoughts or feelings,sự biểu lộ,Her facial expression showed surprise.,"noun, verb",expressions,"statement, manifestation","silence, suppression","facial expression, expression of interest"
extend,Cause to cover a larger area; make longer or wider,mở rộng,They plan to extend the road.,"verb, noun","extends, extending, extended","expand, lengthen","shorten, reduce","extend the deadline, extend the road"
extension,A part that is added to something to enlarge or prolong it,sự mở rộng,She asked for an extension on the project deadline.,"noun, verb",extensions,"addition, add-on","reduction, cut","project extension, extension cord"
extensive,Covering or affecting a large area,rộng rãi,The damage was extensive.,"adjective, noun",extensively,"widespread, comprehensive","limited, narrow","extensive research, extensive damage"
extent,The area covered by something,phạm vi,The extent of the damage was unknown.,"noun, verb",extents,"scope, range","limit, restriction","full extent, large extent"
extra,Added to an existing or usual amount or number,thêm,He needed extra time to finish the test.,"adjective, noun",extras,"additional, supplementary",none,"extra time, extra money"
extraordinary,Very unusual or remarkable,đặc biệt,Her performance was extraordinary.,"adjective, noun",extraordinarily,"remarkable, exceptional","ordinary, common","extraordinary talent, extraordinary event"
extreme,Reaching a high or the highest degree; very great,vô cùng,He took extreme measures to ensure success.,"adjective, noun",extremes,"severe, intense","moderate, mild","extreme weather, extreme measures"
extremely,To a very great degree; very,vô cùng,The weather was extremely hot.,adverb,extremely,"very, highly","slightly, moderately","extremely difficult, extremely hot"
eye,The organ of sight,mắt ,She has blue eyes.,"noun, verb",eyes,"ocular organ, sight",none,"blue eyes, eye color"
face,"The front part of a person's head from the forehead to the chin, or the corresponding part in an animal",khuôn mặt,She washed her face.,"noun, verb",faces,"visage, countenance","back, rear","wash face, face the challenge"
facing,"Confront and deal with or accept a difficult or unpleasant task, fact, or situation",đối mặt,She is facing many challenges.,"verb, noun","faces, facing, faced","confront, encounter","avoid, evade","facing the problem, facing reality"
fact,A thing that is known or proved to be true,sự thật,It's a fact that the earth orbits the sun.,"noun, verb",facts,"truth, reality","fiction, lie","scientific fact, historical fact"
factor,"A circumstance, fact, or influence that contributes to a result or outcome",nhân tố,Poor diet is a factor in many diseases.,"noun, verb",factors,"element, component",none,"key factor, contributing factor"
factory,A building or group of buildings where goods are manufactured or assembled chiefly by machine,nhà máy,He works in a car factory.,"noun, verb",factories,"plant, mill",none,"manufacturing factory, factory worker"
fail,Be unsuccessful in achieving one's goal,thất bại,He failed to meet the deadline.,"verb, noun","fails, failing, failed","fall short, not succeed","succeed, pass","fail miserably, fail to"
failure,Lack of success,sự thất bại,The project ended in failure.,"noun, verb",failures,"defeat, setback","success, achievement","complete failure, result in failure"
faint,Barely perceptible,ngất xỉu,She felt faint after standing up too quickly.,"adjective, verb","faints, fainting, fainted","weak, pale","strong, robust","faint smell, feel faint"
fair,In accordance with the rules or standards; legitimate,hội chợ,He received a fair trial.,"adjective, noun",fairly,"just, impartial","unfair, biased","fair treatment, fair price"
fairly,With justice,khá,The judge ruled fairly.,adverb,fairly,"impartially, equitably","unjustly, unfairly","fairly easy, fairly new"
faith,Complete trust or confidence in someone or something,sự tin tưởng,She has faith in her friends.,"noun, verb",faiths,"trust, belief","doubt, disbelief","have faith, blind faith"
faithful,"Loyal, constant, and steadfast",trung thành,She has always been faithful to her friends.,"adjective, noun",faithfully,"loyal, devoted","disloyal, unfaithful","faithful friend, faithful companion"
faithfully,In a loyal manner,một cách trung thực,He served the company faithfully for 40 years.,adverb,faithfulness,"loyally, devotedly","disloyally, unfaithfully","serve faithfully, report faithfully"
fall,"Move downward, typically rapidly and freely without control, from a higher to a lower level",ngã,Leaves fall from the trees in autumn.,"verb, noun","falls, falling, fell","drop, descend","rise, ascend","fall down, fall off"
FALSE,Not according with truth or fact; incorrect,SAI,He gave a false name.,"adjective, noun",falsely,"incorrect, untrue","true, correct","false statement, false identity"
fame,"The state of being known or talked about by many people, especially on account of notable achievements",danh tiếng,She gained fame as a singer.,"noun, verb",famed,"renown, celebrity","obscurity, anonymity","rise to fame, achieve fame"
familiar,Well known from long or close association,thân thuộc,She looked familiar to me.,"adjective, noun",familiarly,"recognized, acquainted","unfamiliar, strange","familiar face, seem familiar"
family,A group consisting of parents and children living together in a household,gia đình,They are a close-knit family.,"noun, adjective",families,"household, kin",stranger,"nuclear family, extended family"
famous,Known about by many people,nổi tiếng,He is a famous actor.,"adjective, noun",famously,"well-known, renowned","unknown, obscure","world-famous, famous for"
fan,An apparatus with rotating blades that creates a current of air for cooling or ventilation,cái quạt,Turn on the fan to cool the room.,"noun, verb",fans,"ventilator, blower",none,"turn on the fan, electric fan"
fancy,Feel a desire or liking for,si mê,I fancy a cup of coffee.,"verb, adjective","fancies, fancying, fancied","desire, like","dislike, reject","fancy dress, fancy restaurant"
far,"At, to, or by a great distance (used to indicate the extent to which one thing is distant from another)",xa,He lives far from the city.,"adjective, adverb","farther, farthest","distant, remote","near, close","far away, far from"
farm,"An area of land and its buildings, used for growing crops and rearing animals",nông trại,They own a large farm.,"noun, verb","farms, farming, farmed","ranch, estate","city, urban area","own a farm, farm animals"
farmer,A person who owns or manages a farm,nông dân,The farmer works hard every day.,"noun, verb",farmers,"agriculturist, grower",none,"dairy farmer, hardworking farmer"
farming,The activity or business of growing crops and raising livestock,nông nghiệp,Farming is their primary source of income.,"noun, verb",farmings,"agriculture, cultivation",none,"organic farming, sustainable farming"
farther,"At, to, or by a greater distance",xa hơn,He moved farther away from the noise.,"adjective, adverb",farthest,"more distant, further","closer, nearer","move farther, farther away"
farthest,At or to the greatest distance,xa nhất,This is the farthest point of our journey.,"adjective, adverb",farther,"most distant, ultimate","closest, nearest","farthest point, farthest distance"
fashion,"A popular or the latest style of clothing, hair, decoration, or behavior",thời trang,She has a good sense of fashion.,"noun, verb",fashions,"style, trend",none,"high fashion, fashion industry"
fashionable,Characterized by or following the latest trends or fashions,hợp thời trang,She always wears fashionable clothes.,"adjective, noun",fashionably,"stylish, trendy","unfashionable, outdated","fashionable clothes, fashionable people"
fast,Moving or capable of moving at high speed,nhanh,The car is very fast.,"adjective, adverb","fasts, fasting, fasted","quick, speedy","slow, sluggish","run fast, fast car"
fasten,Close or join securely,buộc chặt,He fastened his seatbelt.,"verb, noun","fastens, fastening, fastened","secure, attach","unfasten, loosen","fasten the seatbelt, fasten securely"
fat,"A natural oily substance occurring in animal bodies, especially when deposited as a layer under the skin or around certain organs",mập,He needs to reduce his body fat.,"noun, adjective",fats,"lipid, grease","thin, lean","body fat, fat content"
father,A man in relation to his child or children,bố,His father is a doctor.,"noun, verb",fathers,"dad, papa",mother,"father figure, father of"
fault,"An unattractive or unsatisfactory feature, especially in a piece of work or in a person's character",lỗi,The fault was quickly corrected.,"noun, verb",faults,"defect, flaw","virtue, strength","find fault, at fault"
favor,Feel or show approval or preference for,ủng hộ,Can you do me a favor?,"verb, noun","favors, favoring, favored","prefer, support","oppose, dislike","do a favor, in favor of"
favorite,Preferred before all others of the same kind,yêu thích,Blue is my favorite color.,"noun, adjective",favorites,"preferred, chosen",least favorite,"all-time favorite, personal favorite"
fear,"An unpleasant emotion caused by the threat of danger, pain, or harm",nỗi sợ,She has a fear of heights.,"noun, verb",fears,"terror, dread","calm, bravery","fear of, in fear"
feather,Any of the flat appendages growing from a bird's skin and forming its plumage,lông vũ,The bird's feather was beautiful.,"noun, verb",feathers,"plume, quill",none,"bird's feather, soft feather"
feature,A distinctive attribute or aspect of something,tính năng,The main feature of the room is the fireplace.,"noun, verb",features,"aspect, characteristic",none,"key feature, main feature"
February,The second month of the year,Tháng hai,February is often cold.,noun,Februaries,none,none,"February weather, February 14th"
federal,Relating to the central government of a country,liên bang,The federal government passed a new law.,"adjective, noun",federally,"national, governmental","local, regional","federal law, federal government"
fee,A payment made to a professional person or to a professional or public body in exchange for advice or services,phí,The lawyer's fee was reasonable.,"noun, verb",fees,"charge, cost",none,"legal fee, entrance fee"
feed,Give food to,cho ăn,He feeds the dog every morning.,"verb, noun","feeds, feeding, fed","nourish, sustain","starve, neglect","feed the dog, feed on"
feel,Be aware of (a person or object) through touching or being touched,cảm thấy,I can feel the warmth of the sun.,"verb, noun","feels, feeling, felt","sense, perceive",none,"feel the heat, feel good"
feeling,An emotional state or reaction,cảm giác,She had a feeling of joy.,"noun, verb",feelings,"emotion, sentiment","insensitivity, numbness","happy feeling, feeling of"
fellow,"A person in the same position, involved in the same activity, or otherwise associated with another",đồng nghiệp,He spoke to his fellow travelers.,"noun, verb",fellows,"companion, colleague","stranger, outsider","fellow student, fellow worker"
female,Of or denoting the sex that can bear offspring or produce eggs,nữ giới,They have a female cat.,"adjective, noun",females,"womanly, feminine",male,"female athlete, female doctor"
fence,"A barrier, railing, or other upright structure, typically of wood or wire, enclosing an area of ground to mark a boundary, control access, or prevent escape",hàng rào,The fence needs to be repaired.,"noun, verb",fences,"barrier, hedge",none,"wooden fence, electric fence"
festival,"A day or period of celebration, typically for religious reasons",lễ hội,They attended a music festival.,"noun, verb",festivals,"celebration, carnival",none,"annual festival, music festival"
fetch,Go for and then bring back (someone or something) for someone,tìm về,Can you fetch my glasses from the bedroom?,"verb, noun","fetches, fetching, fetched","retrieve, get",none,"fetch the ball, fetch water"
fever,"An abnormally high body temperature, usually accompanied by shivering, headache, and in severe instances, delirium",sốt,She has a high fever.,"noun, verb",fevers,"temperature, illness",normal temperature,"high fever, running a fever"
few,A small number of,một vài,Few people attended the meeting.,"adjective, pronoun",fewer,"some, not many","many, numerous","few people, few options"
field,"An area of open land, especially one planted with crops or pasture, typically bounded by hedges or fences",cánh đồng,They walked through the field.,"noun, verb",fields,"meadow, pasture","city, urban area","corn field, field trip"
fifteen,The number equivalent to the product of three and five; one more than fourteen,mười lăm,She celebrated her fifteenth birthday.,numeral,fifteenth,15,none,"fifteen minutes, fifteen years old"
fifth,Constituting number five in a sequence; 5th,thứ năm,He finished in fifth place.,"adjective, noun",fifths,5th,none,"fifth place, fifth grade"
fifty,The number equivalent to the product of five and ten; ten more than forty,năm mươi,The book costs fifty dollars.,numeral,fiftieth,50,none,"fifty dollars, fifty percent"
fight,Take part in a violent struggle involving the exchange of physical blows or the use of weapons,trận đánh,They fight for their rights.,"verb, noun","fights, fighting, fought","battle, combat","peace, agreement","fight for, fight against"
fighter,"A person who fights, especially as a soldier or a boxer",chiến binh,The boxer is a strong fighter.,"noun, verb",fighters,"warrior, combatant",none,"boxer fighter, freedom fighter"
fighting,The action or process of fighting; violence or conflict,Chiến đấu,The fighting lasted for hours.,"noun, verb",fightings,"combat, warfare","peace, harmony","fierce fighting, constant fighting"
figure,"A number, especially one which forms part of official statistics or relates to the financial performance of a company",nhân vật,The figures show an increase in sales.,"noun, verb",figures,"number, statistic",none,"sales figure, unemployment figure"
figure out,"Discover, determine, or solve",tìm ra,Can you figure out the solution?,phrasal verb,"figures out, figuring out, figured out","solve, understand",none,"figure out how, figure out why"
file,A folder or box for holding loose papers that are typically arranged in a particular order for easy reference,tài liệu,He put the documents in a file.,"noun, verb",files,"folder, dossier",none,"file cabinet, file a report"
fill,Cause (a space or container) to become full or almost full,đổ đầy,She filled the glass with water.,"verb, noun","fills, filling, filled","stuff, load","empty, drain","fill up, fill with"
film,A story or event recorded by a camera as a set of moving images and shown in a theater or on television,phim ảnh,They watched an interesting film.,"noun, verb",films,"movie, motion picture",none,"watch a film, film festival"
final,Coming at the end of a series,cuối cùng,This is the final chapter of the book.,"adjective, noun",finally,"last, ultimate","initial, first","final decision, final chapter"
finally,"After a long time, typically involving difficulty or delay",Cuối cùng,"Finally, the rain stopped.",adverb,finally,"eventually, at last","immediately, suddenly","finally arrive, finally decide"
finance,"The management of large amounts of money, especially by governments or large companies",tài chính,He works in finance.,"noun, verb",finances,"economics, money management",none,"corporate finance, personal finance"
financial,Relating to finance,tài chính,They need financial advice.,"adjective, noun",financially,"economic, fiscal",none,"financial aid, financial crisis"
find,Discover or perceive by chance or unexpectedly,tìm thấy,She found a coin on the ground.,"verb, noun","finds, finding, found","discover, locate","lose, misplace","find a solution, find the answer"
find out,Discover (something or someone) after a deliberate search,tìm ra,I need to find out more about this.,phrasal verb,"finds out, finding out, found out","discover, learn","lose, overlook","find out how, find out why"
fine,Of high quality,khỏe,The weather is fine today.,"adjective, noun","finer, finest","excellent, good","poor, bad","fine weather, fine quality"
finger,"Each of the four slender jointed parts attached to either hand (or five, if the thumb is included)",ngón tay,He pointed with his index finger.,"noun, verb",fingers,"digit, phalanx",none,"index finger, middle finger"
finish,Bring (a task or activity) to an end; complete,hoàn thành,She finished her homework.,"verb, noun","finishes, finishing, finished","complete, conclude","start, begin","finish work, finish line"
finished,Having completed or ended an action or activity,hoàn thành,The project is finished.,"adjective, verb",finishedly,"completed, concluded","unfinished, ongoing","completely finished, almost finished"
fire,"Combustion or burning, in which substances combine chemically with oxygen from the air and typically give out bright light, heat, and smoke",ngọn lửa,The fire kept us warm.,"noun, verb",fires,"blaze, flame","extinguish, smother","light a fire, fire department"
firm,"Having a solid, almost unyielding surface or structure",vững chãi,The table is firm and sturdy.,"adjective, noun",firms,"solid, sturdy","weak, flimsy","firm decision, firm grip"
first,Coming before all others in time or order; earliest; 1st,Đầu tiên,She was the first to arrive.,"adjective, noun",firstly,"initial, primary","last, final","first place, first time"
fish,A limbless cold-blooded vertebrate animal with gills and fins living wholly in water,cá,They caught a big fish.,"noun, verb",fishes,"seafood, aquatic vertebrate",none,"fresh fish, fish tank"
fishing,"The activity of catching fish, either for food or as a sport",câu cá,They went fishing in the lake.,"noun, verb",fishings,"angling, trawling",none,"go fishing, fishing rod"
fit,Be of the right shape and size for,phù hợp,These shoes fit me perfectly.,"verb, noun","fits, fitting, fitted","suit, match","misfit, mismatch","fit well, perfect fit"
fitness,The condition of being physically fit and healthy,sự thích hợp,He works out regularly to maintain his fitness.,"noun, verb",fitnesses,"health, condition","unfitness, frailty","physical fitness, fitness level"
fix,Fasten (something) securely in a particular place or position,sửa chữa,He fixed the broken chair.,"verb, noun","fixes, fixing, fixed","repair, mend","break, damage","fix a problem, fix a date"
flag,"A piece of cloth, typically rectangular, of distinctive design and colors, used as a symbol, standard, or ensign",lá cờ,The national flag was hoisted.,"noun, verb",flags,"banner, ensign",none,"national flag, flag pole"
flame,A hot glowing body of ignited gas that is generated by something on fire,ngọn lửa,The flame flickered in the wind.,"noun, verb",flames,"blaze, fire",none,"flame of a candle, gas flame"
flash,Shine in a bright but brief or sudden way,đèn flash,The lightning flashed in the sky.,"verb, noun","flashes, flashing, flashed","sparkle, glint",none,"flash of light, flash drive"
flat,Smooth and even; without marked lumps or indentations,phẳng,The land was flat and featureless.,"adjective, noun","flatter, flattest","level, smooth","uneven, rough","flat tire, flat surface"
flavor,The distinctive taste of a food or drink,hương vị,The soup had a rich flavor.,"noun, verb",flavors,"taste, savor",none,"distinct flavor, mild flavor"
flee,Run away from a place or situation of danger,chạy trốn,They fled from the war zone.,"verb, noun","flees, fleeing, fled","escape, run away","stay, face","flee the scene, flee from"
flesh,The soft substance consisting of muscle and fat that is found between the skin and bones of an animal or a human,thịt,The flesh of the fruit was soft and juicy.,"noun, verb",fleshes,"meat, tissue",bone,"flesh and blood, soft flesh"
flight,The action or process of flying through the air,chuyến bay,The flight to New York was delayed.,"noun, verb",flights,"aerial journey, air travel","ground, landing","flight schedule, flight attendant"
float,Rest or move on or near the surface of a liquid without sinking,trôi nổi,The boat floated on the lake.,"verb, noun","floats, floating, floated","drift, buoy","sink, submerge","float in water, float around"
flood,"An overflow of a large amount of water beyond its normal limits, especially over what is normally dry land",lụt,The flood destroyed many homes.,"noun, verb","floods, flooding, flooded","inundation, deluge","drought, dry","severe flood, flood warning"
floor,"The lower surface of a room, on which one may walk",sàn nhà,She cleaned the kitchen floor.,"noun, verb",floors,"ground, base",ceiling,"wooden floor, ground floor"
flour,"A powder obtained by grinding grain, typically wheat, and used to make bread, cakes, and pastry",bột mì,She used flour to bake a cake.,"noun, verb",flours,"powder, meal",none,"wheat flour, flour mill"
flow,Move along or out steadily and continuously in a current or stream,chảy,The river flows into the sea.,"verb, noun","flows, flowing, flowed","stream, movement","stop, block","steady flow, flow of water"
flower,"The seed-bearing part of a plant, consisting of reproductive organs that are typically surrounded by a brightly colored corolla and a green calyx",hoa,The garden was full of flowers.,"noun, verb",flowers,"bloom, blossom",none,"fresh flower, flower shop"
fly,Move through the air using wings,bay,Birds fly south for the winter.,"verb, noun","flies, flying, flew","soar, glide","land, settle","fly high, fly away"
focus,The center of interest or activity,tập trung,He needs to focus on his studies.,"noun, verb","focuses, focusing, focused","concentration, center","distraction, diversion","main focus, focus on"
fold,Bend (something flexible and relatively flat) over on itself so that one part of it covers another,nếp gấp,She folded the clothes neatly.,"verb, noun","folds, folding, folded","bend, crease","unfold, open","fold the paper, fold in half"
follow,Move or travel behind,theo,The dog followed its owner.,"verb, noun","follows, following, followed","trail, pursue","lead, precede","follow the leader, follow directions"
following,Coming after or as a result of,tiếp theo,"The following day, they went hiking.","adjective, noun",followings,"subsequent, next","previous, prior","following week, following statement"
food,Any nutritious substance that people or animals eat or drink or that plants absorb in order to maintain life and growth,đồ ăn,We need food to survive.,"noun, verb",foods,"nourishment, sustenance",none,"healthy food, fast food"
fool,A person who acts unwisely or imprudently; a silly person,ngu xuẩn,Don't be such a fool.,"noun, verb",fools,"idiot, dunce","genius, sage","play the fool, make a fool"
foot,"The lower extremity of the leg below the ankle, on which a person stands or walks",chân,He injured his foot.,"noun, verb",feet,"feet, tootsie",none,"foot injury, left foot"
football,"A form of team game played with a ball between two teams of eleven players, in which the ball may be advanced by kicking or by bouncing it off any part of the body but the arms and hands",bóng đá,He loves playing football.,"noun, verb",footballs,soccer,none,"play football, football match"
for,"Used to indicate the purpose, destination, recipient, or duration of something",vì,This gift is for you.,"preposition, conjunction",for,"intended for, in favor of","against, opposed to","reason for, good for"
force,Strength or energy as an attribute of physical action or movement,lực lượng,He used all his force to lift the box.,"noun, verb","forces, forcing, forced","strength, power","weakness, frailty","apply force, force of nature"
forecast,Predict or estimate (a future event or trend),dự báo,The weather forecast predicts rain.,"noun, verb","forecasts, forecasting, forecasted","predict, anticipate","recall, hindsight","weather forecast, forecast accuracy"
foreign,"Of, from, in, or characteristic of a country or language other than one's own",nước ngoài,He speaks several foreign languages.,"adjective, noun",foreigns,"international, overseas","domestic, native","foreign language, foreign country"
forest,A large area covered chiefly with trees and undergrowth,rừng,They went hiking in the forest.,"noun, verb",forests,"woods, woodland","desert, wasteland","dense forest, tropical forest"
forever,For all future time; for always,mãi mãi,I will love you forever.,"adverb, noun",forevermore,"eternally, perpetually","temporarily, momentarily","love forever, last forever"
forget,Fail to remember,quên,Don't forget to lock the door.,"verb, noun","forgets, forgetting, forgot","overlook, disregard","remember, recall","forget about, forget to"
forgive,"Stop feeling angry or resentful towards (someone) for an offense, flaw, or mistake",tha thứ,I forgive you for your mistake.,"verb, noun","forgives, forgiving, forgiven","pardon, absolve","blame, accuse","forgive someone, forgive and forget"
fork,An implement with two or more prongs used for lifting food to the mouth or holding it when cutting,cái nĩa,He ate his salad with a fork.,"noun, verb",forks,"utensil, prong",spoon,"dinner fork, salad fork"
form,Bring together parts or combine to create (something),hình thức,They formed a new club.,"noun, verb","forms, forming, formed","create, develop","destroy, dismantle","form a group, form an opinion"
formal,Done in accordance with rules of convention or etiquette; suitable for or constituting an official or important situation or occasion,chính thức,He wore a formal suit to the event.,"adjective, noun",formally,"official, ceremonious","informal, casual","formal event, formal dress"
formerly,In the past; in earlier times,trước đây,She was formerly known as Jane Smith.,adverb,former,"previously, earlier","currently, presently","formerly known, formerly a"
forth,Out and away from a starting point,ra,They set forth on their journey.,"adverb, verb",forthcoming,"onward, outward","back, backward","set forth, go forth"
fortune,"Chance or luck as an external, arbitrary force affecting human affairs",vận may,He made a fortune in real estate.,"noun, verb",fortunes,"luck, fate","misfortune, bad luck","make a fortune, good fortune"
forward,In the direction that one is facing or traveling; towards the front,phía trước,She took a step forward.,"adjective, noun",forwards,"ahead, onwards","backward, rearward","move forward, look forward"
found,Establish or originate (an institution or organization),thành lập,They founded a new company.,"verb, noun","founds, founding, founded","establish, create","abolish, dissolve","found a company, found an institution"
foundation,"The lowest load-bearing part of a building, typically below ground level",sự thành lập,The foundation of the building was strong.,"noun, verb",foundations,"base, groundwork","roof, top","solid foundation, lay the foundation"
four,Equivalent to the sum of two and two; one more than three,bốn,She has four cats.,numeral,fours,4,none,"four times, four people"
fourteen,Equivalent to the product of seven and two; one more than thirteen,mười bốn,He turned fourteen last week.,numeral,fourteens,14,none,"turn fourteen, fourteen years old"
fourth,Constituting number four in a sequence; 4th,thứ tư,She finished in fourth place.,"adjective, noun",fourths,4th,none,"fourth place, fourth quarter"
free,Not under the control or in the power of another; able to act or be done as one wishes,miễn phí,He felt free after leaving his job.,"adjective, verb",freely,"unrestricted, liberated","restricted, controlled","feel free, free time"
freedom,"The power or right to act, speak, or think as one wants without hindrance or restraint",tự do,They fought for their freedom.,"noun, verb",freedoms,"liberty, independence","captivity, oppression","freedom of speech, fight for freedom"
freeze,To become hard or stiffened because of cold or to turn to ice,đông cứng,The water will freeze overnight.,"verb, noun","freezes, freezing, froze","solidify, ice over","melt, thaw","freeze to death, freeze over"
frequent,"Occurring or done on many occasions, in many cases, or in quick succession",thường xuyên,He is a frequent visitor.,"adjective, verb",frequents,"common, repeated","rare, occasional","frequent visitor, frequent trips"
frequently,Regularly or habitually; often,thường xuyên,She frequently travels abroad.,adverb,frequently,"often, regularly","rarely, seldom","frequently asked, frequently visit"
fresh,Not previously known or used; new or different,tươi,They bought fresh vegetables from the market.,"adjective, noun",freshly,"new, novel","stale, old","fresh air, fresh start"
friend,"A person whom one knows and with whom one has a bond of mutual affection, typically exclusive of sexual or family relations",người bạn,She is my best friend.,"noun, verb",friends,"companion, buddy","enemy, foe","best friend, close friend"
friendly,Kind and pleasant,thân thiện,He is always friendly to everyone.,"adjective, noun","friendlier, friendliest","amiable, kind","hostile, unfriendly","friendly smile, friendly manner"
friendship,The emotions or conduct of friends; the state of being friends,tình bạn,Their friendship has lasted for years.,"noun, verb",friendships,"camaraderie, companionship","enmity, animosity","strong friendship, lasting friendship"
frighten,Make (someone) afraid or anxious,làm sợ hãi,The loud noise frightened the cat.,"verb, noun","frightens, frightening, frightened","scare, terrify","comfort, reassure","frighten away, frighten someone"
frightened,Afraid or anxious,sợ sệt,She was frightened by the thunderstorm.,"adjective, verb","frightens, frightening, frightened","afraid, scared","confident, calm","look frightened, be frightened"
frightening,Making someone afraid or anxious; terrifying,đáng sợ,The horror movie was frightening.,"adjective, verb",frighteningly,"terrifying, scary","comforting, reassuring","frightening experience, frighteningly realistic"
from,"Indicating the point in space at which a journey, motion, or action starts",từ,He received a letter from his mother.,preposition,from,"starting point, beginning",to,"come from, hear from"
front,The forward part or surface of an object,đằng trước,The front door is open.,"noun, adjective",fronts,"forepart, front part","back, rear","front door, front row"
frozen,Turned into ice or another solid as a result of extreme cold,đông lạnh,The lake is frozen in winter.,"adjective, verb","freezes, freezing, froze","icy, chilled","melted, thawed","frozen food, frozen lake"
fruit,The sweet and fleshy product of a tree or other plant that contains seed and can be eaten as food,hoa quả,She loves tropical fruit.,"noun, verb",fruits,"produce, crop",vegetable,"fresh fruit, fruit salad"
fuel,"Material such as coal, gas, or oil that is burned to produce heat or power",nhiên liệu,The car runs on diesel fuel.,"noun, verb",fuels,"energy source, gasoline",none,"fossil fuel, fuel efficiency"
full,Containing or holding as much or as many as possible; having no empty space,đầy,The room is full of people.,"adjective, noun","fuller, fullest","filled, packed","empty, vacant","full of, full capacity"
fully,Completely or entirely; to the fullest extent,đầy đủ,The work is fully completed.,adverb,fully,"completely, entirely","partially, incompletely","fully understand, fully aware"
fun,"Enjoyment, amusement, or light-hearted pleasure",vui vẻ,We had a lot of fun at the party.,"noun, verb",funnily,"enjoyment, amusement","boredom, seriousness","have fun, fun activities"
function,An activity or purpose natural to or intended for a person or thing,chức năng,The main function of the machine is to cut paper.,"noun, verb",functions,"role, purpose","malfunction, disfunction","primary function, proper function"
fund,A sum of money saved or made available for a particular purpose,quỹ,They set up a fund for the project.,"noun, verb",funds,"capital, resources","debt, liability","raise a fund, establish a fund"
fundamental,Forming a necessary base or core; of central importance,cơ bản,Freedom is a fundamental human right.,"adjective, noun",fundamentally,"basic, essential","secondary, minor","fundamental principle, fundamental change"
funny,Causing laughter or amusement; humorous,buồn cười,He told a funny joke.,"adjective, noun","funnier, funniest","humorous, amusing","serious, solemn","funny story, funny moment"
fur,"The short, fine, soft hair of certain animals",lông thú,The cat's fur is very soft.,"noun, verb",furs,"coat, pelt",none,"fur coat, fur trade"
furniture,"Large movable equipment, such as tables and chairs, used to make a house, office, or other space suitable for living or working",nội thất,They bought new furniture for the living room.,"noun, verb",furnishings,"furnishings, fittings",none,"wooden furniture, modern furniture"
further,Over a greater expanse of space or time; for a longer way,hơn nữa,We need to look further into the problem.,"adverb, adjective",furthest,"more, additional","closer, nearer","further research, further information"
future,The time or period of time following the moment of speaking or writing; time regarded as still to come,tương lai,She is planning for the future.,"noun, adjective",futuristic,"coming, prospective","past, present","near future, future plans"
gain,"Obtain or secure (something desired, favorable, or profitable)",nhận được,He gained a lot of experience from that job.,"verb, noun","gains, gaining, gained","acquire, obtain","lose, forfeit","gain experience, gain weight"
game,"A form of play or sport, especially a competitive one played according to rules and decided by skill, strength, or luck",trò chơi,They played a fun game.,"noun, verb",games,"contest, match","work, task","board game, video game"
gap,A break or hole in an object or between two objects,khoảng cách,There is a gap in the fence.,"noun, verb",gaps,"opening, space","closure, seal","gap year, generation gap"
garage,A building for housing a motor vehicle or vehicles,ga-ra ,The car is parked in the garage.,"noun, verb",garages,"carport, shelter",none,"double garage, attached garage"
garbage,Waste material; refuse,rác,Please take out the garbage.,"noun, verb",garbage,"trash, waste",none,"garbage can, take out the garbage"
garden,"A piece of ground, often near a house, used for growing flowers, fruit, or vegetables",vườn,She grows tomatoes in her garden.,"noun, verb",gardens,"yard, plot",none,"flower garden, vegetable garden"
gas,"An air-like fluid substance which expands freely to fill any space available, irrespective of its quantity",khí đốt,Natural gas is used for heating.,"noun, verb",gases,"fuel, vapor","solid, liquid","natural gas, gas station"
gate,"A hinged barrier used to close an opening in a wall, fence, or hedge",cổng,They installed a new gate at the entrance.,"noun, verb",gates,"entrance, doorway",none,"iron gate, main gate"
gather,Come together; assemble or accumulate,tập trung,They gathered around the table.,"verb, noun","gathers, gathering, gathered","collect, assemble","disperse, scatter","gather information, gather around"
gear,Machinery or equipment that is used for a particular purpose,bánh răng,He put on his hiking gear.,"noun, verb",gears,"equipment, apparatus",none,"sports gear, fishing gear"
general,"Affecting or concerning all or most people, places, or things; widespread",tổng quan,There was a general consensus.,"adjective, noun",generally,"common, widespread","specific, particular","general consensus, general public"
generally,In most cases; usually,nói chung là,"Generally, people are friendly.",adverb,generalize,"usually, typically","rarely, seldom","generally speaking, generally accepted"
generate,Produce or create,phát ra,The machine generates electricity.,"verb, noun","generates, generating, generated","produce, create","destroy, annihilate","generate power, generate interest"
generation,"All of the people born and living at about the same time, regarded collectively",thế hệ,This generation is tech-savvy.,"noun, verb",generations,"cohort, age group",none,"younger generation, next generation"
generous,"Showing a readiness to give more of something, especially money, than is strictly necessary or expected",hào phóng,She is very generous with her time.,"adjective, noun",generously,"charitable, open-handed","stingy, selfish","generous donation, generous with"
gentle,"Having or showing a mild, kind, or tender temperament or character",dịu dàng,He has a gentle demeanor.,"adjective, verb","gentler, gentlest","kind, tender","harsh, rough","gentle touch, gentle approach"
gentleman,"A chivalrous, courteous, or honorable man",quý ông,He is a true gentleman.,"noun, verb",gentlemen,"honorable man, nobleman",none,"true gentleman, perfect gentleman"
genuine,Truly what something is said to be; authentic,thành thật,The signature is genuine.,"adjective, noun",genuinely,"authentic, real","fake, counterfeit","genuine article, genuine interest"
geography,"The study of the physical features of the earth and its atmosphere, and of human activity as it affects and is affected by these, including the distribution of populations and resources and political and economic activities",địa lý,She studied geography in college.,"noun, verb",geographies,"earth science, study of the earth",none,"physical geography, human geography"
get,Come to have or hold (something); receive,lấy,He got a new job.,"verb, noun","gets, getting, got","receive, obtain","give, lose","get something, get ready"
giant,An imaginary or mythical being of human form but superhuman size,người khổng lồ,The story featured a giant.,"noun, adjective",giants,"colossus, behemoth","dwarf, tiny","giant tree, giant corporation"
gift,A thing given willingly to someone without payment; a present,quà ,She received a beautiful gift.,"noun, verb",gifts,"present, offering",none,"birthday gift, special gift"
girl,A female child,con gái,The girl is playing in the park.,"noun, verb",girls,"female child, lass",boy,"little girl, young girl"
girlfriend,A regular female companion with whom a person has a romantic or sexual relationship,bạn gái,He went to the movies with his girlfriend.,"noun, verb",girlfriends,"partner, companion",none,"current girlfriend, former girlfriend"
give,Freely transfer the possession of (something) to (someone),đưa cho,Please give me the book.,"verb, noun","gives, giving, gave","donate, present","take, receive","give a gift, give advice"
glad,Feeling pleasure or happiness,vui mừng,I am glad you came.,"adjective, verb","gladder, gladdest","happy, pleased","sad, unhappy","glad to see, glad you"
glass,"A hard, brittle substance, typically transparent or translucent, made by fusing sand with soda, lime, and sometimes other ingredients and cooling rapidly",thủy tinh,The glass window was clear.,"noun, verb",glasses,"crystal, vitreous material",none,"glass of water, glass window"
global,Relating to the whole world; worldwide,toàn cầu,They discussed global issues.,"adjective, noun",globally,"worldwide, universal","local, regional","global warming, global economy"
glove,A covering for the hand worn for protection against cold or dirt and typically having separate parts for each finger and the thumb,găng tay,She wore gloves to keep her hands warm.,"noun, verb",gloves,"mitt, mitten",bare hand,"pair of gloves, wear gloves"
glue,An adhesive substance used for sticking objects or materials together,keo dán,He used glue to fix the broken vase.,"noun, verb",glues,"adhesive, paste",solvent,"apply glue, glue the pieces"
go,Move from one place to another; travel,đi,They decided to go on a trip.,"verb, noun","goes, going, went","travel, move","stay, remain","go away, go home"
goal,The object of a person's ambition or effort; an aim or desired result,mục tiêu,Her goal is to become a doctor.,"noun, verb",goals,"objective, aim",aimlessness,"set a goal, achieve a goal"
god,"The supreme being, creator, and principal object of faith in religions such as Christianity, Islam, and Judaism",chúa,They prayed to God.,"noun, verb",gods,"deity, divinity",none,"believe in God, pray to God"
gold,"A yellow precious metal, the chemical element of atomic number 79, valued especially for use in jewelry and decoration, and to guarantee the value of currencies",vàng,The ring is made of gold.,"noun, adjective",golden,"precious metal, aurum",none,"gold coin, gold jewelry"
good,To be desired or approved of,Tốt,She is a good person.,"adjective, noun",goodness,"virtuous, well","bad, evil","good person, good job"
goodbye,An acknowledgment or expression of goodwill at parting,tạm biệt,They said goodbye before leaving.,"noun, verb",goodbyes,"farewell, adieu","hello, greeting","say goodbye, bid farewell"
goods,Merchandise or possessions,hàng hóa,The store sells various goods.,"noun, verb",goods,"merchandise, products",none,"consumer goods, goods and services"
govern,"Conduct the policy, actions, and affairs of (a state, organization, or people) with authority",cai trị,The president governs the country.,"verb, noun","governs, governing, governed","rule, lead","follow, obey","govern a country, govern with authority"
government,"The governing body of a nation, state, or community",chính phủ,The government announced new policies.,"noun, verb",governments,"administration, authority",none,"local government, federal government"
governor,The elected executive head of a state of the US,thống đốc,The governor attended the ceremony.,"noun, verb",governors,"chief, head",none,"state governor, governor's mansion"
grab,Grasp or seize suddenly and roughly,vồ lấy,She grabbed her bag and left.,"verb, noun","grabs, grabbing, grabbed","seize, snatch","release, let go","grab quickly, grab hold of"
grade,"A particular level of rank, quality, proficiency, or value",cấp,He received a high grade on his test.,"noun, verb",grades,"rank, level",none,"high grade, grade level"
gradual,Taking place or progressing slowly or by degrees,dần dần,There was a gradual increase in temperature.,"adjective, noun",gradually,"progressive, slow","sudden, abrupt","gradual change, gradual increase"
gradually,In a gradual way; slowly; by degrees,dần dần,The weather improved gradually.,adverb,gradualness,"steadily, progressively","suddenly, abruptly","gradually improve, gradually increase"
grain,Wheat or any other cultivated cereal crop used as food,ngũ cốc,The farmer harvested the grain.,"noun, verb",grains,"cereal, seed",none,"grain of wheat, grain harvest"
grand,"Magnificent and imposing in appearance, size, or style",vĩ đại,The palace was grand and majestic.,"adjective, noun","grander, grandest","magnificent, splendid","humble, modest","grand building, grand idea"
grandchild,A child of one's son or daughter,cháu nội,She loves her grandchildren.,"noun, verb",grandchildren,"offspring, descendant","ancestor, forebear","first grandchild, love grandchild"
granddaughter,A daughter of one's son or daughter,cháu gái,Her granddaughter is very talented.,"noun, verb",granddaughters,"offspring, descendant","ancestor, forebear","granddaughter's birthday, young granddaughter"
grandfather,The father of one's father or mother,ông nội,Her grandfather told fascinating stories.,"noun, verb",grandfathers,"granddad, grandpa",none,"maternal grandfather, paternal grandfather"
grandmother,The mother of one's father or mother,bà nội,She visited her grandmother every summer.,"noun, verb",grandmothers,"grandma, granny",none,"maternal grandmother, paternal grandmother"
grandparent,A parent of one's father or mother; a grandmother or grandfather,ông bà,Her grandparents are visiting for the holidays.,"noun, verb",grandparents,"ancestor, forebear",none,"maternal grandparent, paternal grandparent"
grandson,A son of one's son or daughter,cháu trai,Her grandson is learning to walk.,"noun, verb",grandsons,"descendant, heir","ancestor, forebear","first grandson, eldest grandson"
grant,Agree to give or allow (something requested) to,khoản trợ cấp,The scholarship was granted to her.,"verb, noun","grants, granting, granted","allow, bestow","deny, refuse","grant permission, grant a scholarship"
grass,"Vegetation consisting of typically short plants with long, narrow leaves, growing wild or cultivated on lawns and pasture, and as a fodder crop",cỏ,The lawn is covered with grass.,"noun, verb",grasses,"lawn, turf",none,"cut the grass, green grass"
grateful,Feeling or showing an appreciation of kindness; thankful,tri ân,I am grateful for your help.,"adjective, verb",gratefully,"thankful, appreciative","ungrateful, thankless","feel grateful, grateful for"
grave,"A place of burial for a dead body, typically a hole dug in the ground and marked by a stone or mound",phần mộ,They visited the graves of their ancestors.,"noun, verb",graves,"tomb, burial site",none,"grave site, grave marker"
great,"Of an extent, amount, or intensity considerably above the normal or average",Tuyệt,She has a great idea.,"adjective, noun","greater, greatest","big, large","small, little","great idea, great job"
greatly,By a considerable amount; very much,rất nhiều,The team's performance has improved greatly.,adverb,greatness,"considerably, significantly","slightly, minimally","improve greatly, increase greatly"
green,Of the color between blue and yellow in the spectrum; colored like grass or emeralds,màu xanh lá,The leaves are green in summer.,"adjective, noun","greener, greenest","verdant, emerald","dry, barren","green leaves, green grass"
greet,Give a polite word or sign of welcome or recognition to (someone) on meeting,chào,They greeted each other warmly.,"verb, noun","greets, greeting, greeted","welcome, salute","ignore, shun","greet warmly, greet with"
grey,"Of a color intermediate between black and white, as of ashes or an overcast sky",xám,The sky was grey and cloudy.,"adjective, noun","greyer, greyest","ash-colored, silver","vivid, bright","grey sky, grey hair"
ground,The solid surface of the earth,đất,The ground was wet after the rain.,"noun, verb",grounds,"earth, soil","sky, air","fall to the ground, on the ground"
group,"A number of people or things that are located, gathered, or classed together",nhóm,They formed a study group.,"noun, verb",groups,"collection, set","individual, single","study group, group of friends"
grow,Of a living thing) undergo natural development by increasing in size and changing physically; progress to maturity,phát triển,Children grow quickly.,"verb, noun","grows, growing, grew","increase, develop","shrink, decrease","grow fast, grow old"
growth,The process of increasing in physical size,sự phát triển,The company has seen rapid growth.,"noun, verb",growths,"increase, expansion","decline, reduction","economic growth, growth rate"
guarantee,"A formal assurance (typically in writing) that certain conditions will be fulfilled, especially that a product will be repaired or replaced if not of a specified quality",bảo đảm,The product comes with a money-back guarantee.,"noun, verb","guarantees, guaranteeing, guaranteed","warranty, assurance","uncertainty, doubt","money-back guarantee, product guarantee"
guard,Watch over in order to protect or control,canh gác,The guard checked everyone's ID.,"verb, noun",guards,"protect, watch","ignore, neglect","security guard, guard against"
guess,Estimate or suppose (something) without sufficient information to be sure of being correct,đoán,Can you guess the answer?,"verb, noun","guesses, guessing, guessed","estimate, suppose","know, ascertain","wild guess, educated guess"
guest,A person who is invited to visit someone's home or attend a particular social occasion,khách mời,She welcomed her guests warmly.,"noun, verb",guests,"visitor, invitee","host, resident","welcome guest, honored guest"
guide,A person who advises or shows the way to others,hướng dẫn,The guide led us through the museum.,"noun, verb","guides, guiding, guided","escort, mentor","follower, misguide","tour guide, guide book"
guilty,Culpable of or responsible for a specified wrongdoing,tội lỗi,He felt guilty about the lie.,"adjective, verb","guiltier, guiltiest","culpable, at fault","innocent, blameless","feel guilty, guilty of"
habit,"A settled or regular tendency or practice, especially one that is hard to give up",thói quen,She has a habit of biting her nails.,"noun, verb",habits,"custom, practice",none,"bad habit, break a habit"
hair,"Any of the fine threadlike strands growing from the skin of humans, mammals, and some other animals",tóc,Her hair is long and curly.,"noun, verb",hairs,"locks, tresses",baldness,"curly hair, hair color"
hairdresser,"A person whose job is to cut, wash, and style hair",thợ làm tóc,She works as a hairdresser.,"noun, verb",hairdressers,"barber, stylist",none,"professional hairdresser, visit hairdresser"
half,Either of two equal or corresponding parts into which something is or can be divided,một nửa,Cut the apple in half.,"noun, adjective",halves,"part, portion","whole, entire","cut in half, half full"
hall,The room or space just inside the front entrance of a house or apartment,sảnh,They waited in the hall.,"noun, verb",halls,"entrance, foyer",none,"hall of residence, school hall"
hammer,"A tool with a heavy metal head mounted at right angles at the end of a handle, used for jobs such as breaking things and driving in nails",cái búa,He used a hammer to fix the chair.,"noun, verb",hammers,"mallet, sledgehammer",none,"hammer a nail, heavy hammer"
hand,"The end part of a person's arm beyond the wrist, including the palm, fingers, and thumb",tay,She held the baby in her hand.,"noun, verb",hands,"palm, digits",foot,"shake hands, lend a hand"
handful,A small number or amount,một số ít,She took a handful of candies.,"noun, adjective",handfuls,"few, some","many, numerous","handful of, grab a handful"
handle,"The part by which a thing is held, carried, or controlled",xử lý,He turned the handle to open the door.,"noun, verb",handles,"grip, hold",none,"turn the handle, handle with care"
handsome,"Good-looking, especially of a man",đẹp trai,He is a handsome young man.,"adjective, noun","handsomer, handsomest","attractive, good-looking","ugly, unattractive","handsome face, handsome man"
handwriting,Writing with a pen or pencil,chữ viết tay,Her handwriting is very neat.,"noun, verb",handwritings,"script, writing",typing,"neat handwriting, poor handwriting"
hang,Suspend or be suspended from above with the lower part dangling free,treo,They hang the clothes to dry.,"verb, noun","hangs, hanging, hung","suspend, dangle","drop, lower","hang clothes, hang up"
happen,Take place; occur,xảy ra,What will happen next?,"verb, noun","happens, happening, happened","occur, take place","prevent, stop","happen to, what will happen"
happiness,The state of being happy,niềm hạnh phúc,Her happiness was evident.,"noun, verb",happinesses,"joy, delight","sadness, sorrow","bring happiness, pure happiness"
happy,Feeling or showing pleasure or contentment,vui mừng,She was happy with her results.,"adjective, verb","happier, happiest","joyful, pleased","sad, unhappy","happy with, happy about"
harbor,A place on the coast where vessels may find shelter,hải cảng,The ship entered the harbor.,"noun, verb",harbors,"port, dock",none,"safe harbor, enter the harbor"
hard,"Solid, firm, and resistant to pressure; not easily broken, bent, or pierced",cứng,The ground was hard after the frost.,"adjective, noun",hardly,"solid, firm","soft, easy","hard surface, hard to"
hardly,Scarcely (used to qualify a statement by saying that it is true to an insignificant degree),khắc nghiệt,She could hardly believe her eyes.,adverb,"harder, hardest","barely, scarcely","easily, clearly","hardly ever, hardly any"
hardware,"Tools, machinery, and other durable equipment",phần cứng,He works in a hardware store.,noun,hardwares,"equipment, tools",software,"computer hardware, hardware store"
harm,"Physical injury, especially that which is deliberately inflicted",làm hại,The accident caused serious harm.,"noun, verb",harms,"injury, damage","benefit, repair","cause harm, serious harm"
harmful,Causing or likely to cause harm,có hại,Smoking is harmful to your health.,"adjective, noun",harmfully,"dangerous, detrimental","beneficial, harmless","harmful effects, harmful to"
harmless,Not able or likely to cause harm,vô hại,The spider is harmless.,"adjective, noun",harmlessly,"innocuous, safe","harmful, dangerous","completely harmless, relatively harmless"
harmony,The combination of simultaneously sounded musical notes to produce chords and chord progressions having a pleasing effect,hòa hợp,Their voices were in perfect harmony.,"noun, verb",harmonies,"accord, concord","discord, dissonance","in harmony, perfect harmony"
harsh,Unpleasantly rough or jarring to the senses,thô ráp,The teacher's criticism was harsh.,"adjective, noun",harshly,"severe, rough","gentle, mild","harsh criticism, harsh conditions"
harvest,The process or period of gathering in crops,mùa gặt,The farmers are busy with the harvest.,"noun, verb","harvests, harvesting, harvested","reap, gather","sow, plant","harvest season, harvest time"
hat,"A shaped covering for the head worn for warmth, as a fashion item, or as part of a uniform",mũ,He wore a hat to protect himself from the sun.,"noun, verb",hats,"cap, headwear",none,"wear a hat, take off a hat"
hate,Intense dislike; feel antipathy or aversion towards,ghét,She hates getting up early.,"verb, noun","hates, hating, hated","detest, loathe","love, like","hate doing, hate it"
hatred,Intense dislike or ill will,hận thù,She was filled with hatred for her enemies.,"noun, verb",hatreds,"loathing, animosity","love, affection","intense hatred, feel hatred"
have,"Possess, own, or hold",có,They have a beautiful house.,"verb, noun","having, had","own, possess","lack, need","have a car, have to"
he,"Used to refer to a man, boy, or male animal previously mentioned or easily identified",Anh ta,He is my brother.,pronoun,"him, himself",he,she,"he is, he has"
head,"The upper part of the human body, or the front or upper part of an animal's body, typically separated from the rest of the body by a neck, and containing the brain, eyes, ears, nose, and mouth",cái đầu,He nodded his head in agreement.,"noun, verb",heads,"cranium, noggin",none,"head of the company, head injury"
headline,A heading at the top of an article or page in a newspaper or magazine,tiêu đề,The news headline caught everyone's attention.,"noun, verb",headlines,"title, caption",body,"news headline, headline news"
health,The state of being free from illness or injury,sức khỏe,Regular exercise is good for your health.,"noun, verb",healths,"well-being, fitness","illness, disease","good health, public health"
healthy,In good health,khỏe mạnh,She leads a healthy lifestyle.,"adjective, noun","healthier, healthiest","fit, robust","unhealthy, sick","stay healthy, healthy diet"
hear,Perceive with the ear the sound made by (someone or something),nghe,Can you hear that noise?,"verb, noun","hears, hearing, heard","listen to, overhear","ignore, disregard","hear clearly, hear a sound"
hearing,The faculty of perceiving sounds,thính giác,He has a hearing problem.,"noun, verb",hearings,auditory perception,deafness,"hearing loss, hearing aid"
heart,A hollow muscular organ that pumps the blood through the circulatory system by rhythmic contraction and dilation,trái tim,Her heart was beating fast.,"noun, verb",hearts,"ticker, pump",none,"heart attack, heart rate"
heat,The quality of being hot; high temperature,nhiệt,The heat of the sun was intense.,"noun, verb","heats, heating, heated","warmth, hotness","cold, coolness","intense heat, feel the heat"
heating,"Equipment or devices used to provide warmth, especially to a building",sưởi ấm,The heating system is not working.,"noun, verb",heatings,"warming, heat",cooling,"central heating, heating system"
heaven,"A place regarded in various religions as the abode of God (or the gods) and the angels, and of the good after death, often traditionally depicted as being above the sky",thiên đường,They believe their loved ones are in heaven.,"noun, verb",heavens,"paradise, bliss",hell,"believe in heaven, go to heaven"
heavily,To a great degree; in large amounts,nặng nề,It rained heavily all night.,adverb,"heavier, heaviest","intensely, greatly","lightly, mildly","heavily influenced, heavily armed"
heavy,Of great weight; difficult to lift or move,nặng,The box was too heavy to lift.,"adjective, noun",heaviest,"weighty, massive","light, easy","heavy rain, heavy load"
heel,The back part of the human foot below the ankle,gót chân,She has a blister on her heel.,"noun, verb",heels,"foot part, hindfoot",toe,"high heel, heel pain"
height,The measurement from base to top or (of a standing person) from head to foot,chiều cao,The height of the building is impressive.,"noun, verb",heights,"altitude, stature","depth, low","height of the building, at a great height"
hell,"A place regarded in various religions as a spiritual realm of evil and suffering, often traditionally depicted as a place of perpetual fire beneath the earth, where the wicked are punished after death",địa ngục,He was afraid of going to hell.,"noun, verb",hells,"underworld, inferno","heaven, paradise","go to hell, feel like hell"
hello,Used as a greeting or to begin a telephone conversation,Xin chào,She said hello to everyone.,"interjection, noun",hellos,"hi, greetings","goodbye, farewell","say hello, wave hello"
help,Make it easier for (someone) to do something by offering one's services or resources,giúp đỡ,Can you help me with this task?,"verb, noun","helps, helping, helped","assist, aid","hinder, obstruct","offer help, need help"
helpful,Giving or ready to give help,hữu ích,She was very helpful during the project.,"adjective, noun","more helpful, most helpful","supportive, cooperative","unhelpful, uncooperative","helpful advice, very helpful"
help out,Assist someone,giúp đỡ,He decided to help out at the community center.,phrasal verb,"helps out, helping out, helped out","assist, aid","hinder, obstruct","help out with, help out at"
hence,As a consequence; for this reason,kể từ đây,"The project is delayed; hence, the meeting is postponed.",adverb,none,"therefore, thus","henceforth, hereafter","hence the delay, hence the reason"
her,Belonging to or associated with a female person or animal previously mentioned or easily identified,cô ấy,She lost her keys.,pronoun,hers,"her own, belonging to her","his, him","her book, her house"
hero,"A person who is admired for their courage, outstanding achievements, or noble qualities",anh hùng,The firefighter was a hero.,"noun, verb","heroes, heroic","champion, savior","villain, coward","unsung hero, war hero"
hers,Belonging to or associated with a female person previously mentioned,của cô ấy,The book is hers.,pronoun,hers,"her own, her property","his, theirs","hers alone, all hers"
herself,"Used to refer to a female person or animal previously mentioned as the object of a verb or preposition, when she is also the subject of the clause",bản thân cô ấy,She made the dress herself.,pronoun,herself,"herself, her own","himself, themselves","by herself, to herself"
hesitate,"Pause before saying or doing something, especially through uncertainty",do dự,Do not hesitate to ask if you need anything.,"verb, noun","hesitates, hesitating, hesitated","pause, falter","proceed, continue","hesitate to ask, hesitate before"
hi,Used as an informal greeting,CHÀO,"Hi, how are you?",interjection,hello,"hello, hey",goodbye,"say hi, hi there"
hide,Put or keep out of sight,trốn,He tried to hide behind the tree.,"verb, noun","hides, hiding, hid","conceal, cover","reveal, expose","hide behind, hide from"
high,Of great vertical extent,cao,The mountain is very high.,"adjective, noun","higher, highest","tall, elevated","low, short","high building, high mountain"
highlight,An outstanding part of an event or period of time,điểm nổi bật,The highlight of the trip was the sunset.,"verb, noun","highlights, highlighting, highlighted","emphasize, underline","downplay, ignore","highlight the text, highlight of the"
highly,To a high degree or level,đánh giá cao,She is highly skilled.,adverb,"highlier, highliest","very, extremely",lowly,"highly recommended, highly effective"
highway,"A main road, especially one connecting major towns or cities",đường cao tốc,They drove along the highway.,"noun, verb",highways,"road, freeway","path, byway","busy highway, main highway"
hill,"A naturally raised area of land, not as high or craggy as a mountain",đồi,We climbed a small hill.,"noun, verb",hills,"knoll, rise","valley, depression","steep hill, rolling hills"
him,Used to refer to a male person or animal previously mentioned or easily identified,anh ta,I saw him at the store.,pronoun,"his, him",himself,"her, it","see him, know him"
himself,"Used to refer to a male person or animal previously mentioned as the object of a verb or preposition, when he is also the subject of the clause",bản thân anh ấy,He built the house himself.,pronoun,himself,himself,herself,"by himself, for himself"
hip,The projection of the pelvis and upper thigh bone on each side of the body in human beings and quadrupeds,hông,She has pain in her hip.,"noun, verb",hips,"pelvis, haunch",none,"hip pain, hip joint"
hire,Obtain the temporary use of (something) for an agreed payment,thuê,They decided to hire a car.,"verb, noun","hires, hiring, hired","rent, lease",none,"hire a car, hire an employee"
his,Belonging to or associated with a male person or animal previously mentioned or easily identified,của anh ấy,He forgot his keys.,pronoun,his,belonging to him,"her, hers","his book, his car"
history,"The study of past events, particularly in human affairs",lịch sử,She is studying history at university.,"noun, verb",histories,"chronicle, record",future,"world history, history lesson"
hit,Bring one's hand or a tool or weapon into contact with (someone or something) quickly and forcefully,đánh,He hit the ball with a bat.,"verb, noun","hits, hitting, hit","strike, punch","miss, avoid","hit the target, hit hard"
hobby,An activity done regularly in one's leisure time for pleasure,sở thích,Her hobby is painting.,"noun, verb",hobbies,"pastime, leisure activity","job, work","favorite hobby, pursue a hobby"
hold,"Grasp, carry, or support with one's hands",giữ,She held the baby in her arms.,"verb, noun","holds, holding, held","grip, clasp","release, let go","hold tightly, hold onto"
hole,A hollow place in a solid body or surface,hố,There is a hole in the ground.,"noun, verb",holes,"cavity, gap","solid, fill","small hole, dig a hole"
holiday,"An extended period of leisure and recreation, especially one spent away from home or traveling",ngày lễ,They went on a holiday to Greece.,"noun, verb",holidays,"vacation, break",workday,"summer holiday, go on holiday"
hollow,Having a hole or empty space inside,rỗng,The tree was hollow inside.,"adjective, noun",hollows,"empty, void","solid, filled","hollow log, hollow sound"
home,"The place where one lives permanently, especially as a member of a family or household",trang chủ,They bought a new home.,"noun, adverb",homes,"house, residence","office, workplace","home sweet home, at home"
honest,Free of deceit and untruthfulness; sincere,trung thực,She is an honest person.,"adjective, verb",honesty,"truthful, sincere","dishonest, deceitful","honest opinion, honest answer"
honestly,"In a truthful, fair, or honorable way",Thành thật,He answered the questions honestly.,adverb,honest,"truthfully, fairly","dishonestly, deceitfully","speak honestly, answer honestly"
honor,High respect; esteem,tôn kính,He was honored for his bravery.,"noun, verb","honors, honoring, honored","respect, esteem","disrespect, dishonor","place of honor, honor and respect"
hook,"A curved or bent tool for catching, holding, or pulling",cái móc,She hung her coat on the hook.,"noun, verb",hooks,"catch, latch",unhook,"coat hook, hook up"
hope,A feeling of expectation and desire for a certain thing to happen,mong,I hope to see you soon.,"noun, verb","hopes, hoping, hoped","wish, desire","despair, hopelessness","hope for, hope to"
horizontal,Parallel to the plane of the horizon; at right angles to the vertical,nằm ngang,The shelves are mounted horizontally.,"adjective, noun",horizontally,"flat, level","vertical, upright","horizontal line, horizontal surface"
horn,"A hard, pointed, often curved part that grows from the top of the head of some animals",sừng,The bull has sharp horns.,"noun, verb",horns,"antler, tusk",none,"blow the horn, animal horn"
horror,"An intense feeling of fear, shock, or disgust",kinh dị,She felt a sense of horror at the news.,"noun, verb",horrors,"fear, dread","calm, peace","feel horror, horror movie"
horse,A large plant-eating domesticated mammal with solid hoofs and a flowing mane and tail,ngựa,He rode a horse.,"noun, verb",horses,"steed, equine",none,"ride a horse, horse riding"
hospital,An institution providing medical and surgical treatment and nursing care for sick or injured people,bệnh viện,She was taken to the hospital.,"noun, verb",hospitals,"clinic, medical center",none,"admit to hospital, hospital stay"
host,A person who receives or entertains other people as guests,chủ nhà,The host welcomed us warmly.,"noun, verb",hosts,"entertainer, organizer",guest,"host a party, generous host"
hot,Having a high degree of heat or a high temperature,nóng,It was a hot summer day.,"adjective, noun","hotter, hottest","warm, heated","cold, cool","hot day, hot water"
hotel,"An establishment providing accommodations, meals, and other services for travelers and tourists",khách sạn,They stayed at a luxurious hotel.,"noun, verb",hotels,"inn, lodge",none,"luxury hotel, stay at a hotel"
hour,A period of time equal to a twenty-fourth part of a day and night and divided into 60 minutes,giờ,It takes an hour to get there.,"noun, verb",hours,"sixty minutes, time","minute, second","one hour, two hours"
house,"A building for human habitation, especially one that is lived in by a family or small group of people",căn nhà,They bought a new house.,"noun, verb",houses,"home, residence","apartment, flat","buy a house, house and home"
household,A house and its occupants regarded as a unit,hộ gia đình ,The whole household was asleep.,"noun, adjective",households,"family unit, home",none,"household chores, entire household"
housing,Houses and apartments considered collectively,nhà ở,There is a need for affordable housing.,"noun, verb",housings,"shelter, residence",none,"public housing, housing market"
how,In what way or manner; by what means,Làm sao,How do you solve this problem?,"adverb, conjunction",how's,"in what way, by what means",none,"how to, how come"
however,Used to introduce a statement that contrasts with or seems to contradict something that has been said previously,Tuy nhiên,"He is tired; however, he will continue working.","conjunction, adverb",however,"nevertheless, yet","therefore, consequently","however difficult, however much"
huge,Extremely large,to lớn,The elephant is a huge animal.,"adjective, noun",hugely,"enormous, massive","small, tiny","huge amount, huge success"
human,Relating to or characteristic of people or human beings,nhân loại,Human rights are important.,"adjective, noun",humans,"person, individual","animal, non-human","human nature, human rights"
humorous,Causing lighthearted laughter and amusement; comic,hài hước,He told a humorous story.,"adjective, noun",humorously,"funny, amusing","serious, unfunny","humorous remark, humorous story"
humour,"The quality of being amusing or comic, especially as expressed in literature or speech",hài hước,His humour made everyone laugh.,"noun, verb","humours, humorous","comedy, wit","seriousness, gravity","sense of humour, dry humour"
hundred,The number equivalent to the product of ten and ten; 100,trăm,There were a hundred people at the event.,"noun, adjective",hundreds,century,zero,"hundred years, hundred dollars"
hungry,Feeling or displaying the need for food,đói bụng,She is feeling hungry.,"adjective, noun","hungrier, hungriest","starving, famished","full, satisfied","very hungry, feel hungry"
hunt,Pursue and kill (a wild animal) for sport or food,đi săn,They went to hunt deer.,"verb, noun","hunts, hunting, hunted","chase, pursue",none,"hunt for, go hunting"
hurry,Move or act with haste; rush,sự vội vàng,"Hurry, or we'll be late.","verb, noun","hurries, hurrying, hurried","rush, dash","dawdle, delay","in a hurry, hurry up"
hurt,Cause physical pain or injury to,đau,He hurt his leg while playing football.,"verb, noun","hurts, hurting, hurt","injure, wound","heal, soothe","hurt badly, hurt feelings"
husband,A married man considered in relation to his spouse,chồng,Her husband is very supportive.,"noun, verb",husbands,"spouse, partner",wife,"loving husband, good husband"
I,Used by a speaker to refer to himself or herself,TÔI,I am going to the store.,pronoun,"me, myself",myself,you,"I am, I have"
ice,"Frozen water, a brittle, transparent crystalline solid",đá,The lake was covered with ice.,"noun, verb",ices,"frost, glaze","water, melt","ice cubes, ice cold"
ice cream,A soft frozen food made with sweetened and flavored milk fat,kem,She loves chocolate ice cream.,"noun, verb",ice creams,"gelato, sorbet",none,"ice cream cone, ice cream shop"
idea,A thought or suggestion as to a possible course of action,ý tưởng,She had a great idea for the project.,"noun, verb",ideas,"concept, notion",none,"good idea, great idea"
ideal,Satisfying one's conception of what is perfect; most suitable,lý tưởng,He is the ideal candidate for the job.,"adjective, noun",ideally,"perfect, optimal","imperfect, unsuitable","ideal solution, ideal candidate"
identify,Establish or indicate who or what (someone or something) is,nhận dạng,Can you identify the suspect?,"verb, noun","identifies, identifying, identified","recognize, determine","misidentify, confuse","identify with, identify as"
identity,The fact of being who or what a person or thing is,danh tính,She struggled with her identity.,"noun, verb",identities,"name, identification",anonymity,"national identity, sense of identity"
if,Introducing a conditional clause,nếu như,"If it rains, we will stay indoors.",conjunction,ifs,"in case, provided that",none,"if only, if possible"
ignore,Refuse to take notice of or acknowledge; disregard intentionally,phớt lờ,He ignored the warning signs.,"verb, noun","ignores, ignoring, ignored","disregard, neglect","acknowledge, notice","ignore the fact, cannot ignore"
ill,Not in full health; sick,ốm,She is ill with the flu.,"adjective, noun",illnesses,"sick, unwell","healthy, well","seriously ill, terminally ill"
illegal,"Contrary to or forbidden by law, especially criminal law",bất hợp pháp,It's illegal to park here.,"adjective, noun",illegally,"unlawful, illicit","legal, lawful","illegal activity, illegal drugs"
illness,A disease or period of sickness affecting the body or mind,sự ốm yếu,The illness kept him bedridden for weeks.,"noun, verb",illnesses,"disease, sickness","health, wellness","serious illness, mental illness"
illustrate,"Explain or make (something) clear by using examples, charts, pictures, etc.",minh họa,The teacher illustrated the concept with a diagram.,"verb, noun","illustrates, illustrating, illustrated","explain, demonstrate","obscure, confuse","illustrate with, clearly illustrate"
image,A representation of the external form of a person or thing in art,hình ảnh,The artist created a beautiful image.,"noun, verb",images,"picture, likeness",reality,"mental image, positive image"
imagine,Form a mental image or concept of,tưởng tượng,Can you imagine a world without war?,"verb, noun","imagines, imagining, imagined","envision, conceive","disregard, ignore","imagine that, can you imagine"
immediate,Occurring or done at once; instant,ngay lập tức,They need an immediate response.,"adjective, noun",immediates,"instant, prompt","delayed, late","immediate action, immediate response"
immediately,At once; instantly,ngay lập tức,The ambulance arrived immediately.,adverb,immediacy,"instantly, at once","later, eventually","respond immediately, immediately after"
impact,The action of one object coming forcibly into contact with another,sự va chạm,The impact of the crash was severe.,"noun, verb",impacts,"effect, influence",none,"positive impact, major impact"
implement,"Put (a decision, plan, agreement, etc.) into effect",thực hiện,They implemented the new policy.,"verb, noun","implements, implementing, implemented","execute, apply","neglect, ignore","implement changes, implement a policy"
implication,The conclusion that can be drawn from something although it is not explicitly stated,hàm ý,The implication of his statement is clear.,"noun, verb",implications,"suggestion, inference",none,"far-reaching implication, serious implication"
importance,The state or fact of being of great significance or value,tầm quan trọng,She understands the importance of education.,"noun, verb",importances,"significance, value","insignificance, triviality","understand the importance, importance of"
important,Of great significance or value,quan trọng,This is an important decision.,"adjective, noun",importantly,"significant, crucial","insignificant, trivial","important to, important for"
importantly,Used to emphasize a significant point or matter,quan trọng,"Importantly, he also mentioned the risks.",adverb,importance,"significantly, notably",insignificantly,"more importantly, very importantly"
impossible,"Not able to occur, exist, or be done",không thể nào,It is impossible to solve this problem.,"adjective, noun",impossibility,"unachievable, unattainable","possible, achievable","impossible task, impossible to"
impress,Make (someone) feel admiration and respect,gây ấn tượng,She wants to impress her boss.,"verb, noun","impresses, impressing, impressed","influence, affect","disappoint, underwhelm","impress with, impress someone"
impressed,Feeling or showing admiration or respect for someone or something,ấn tượng,He was impressed by her performance.,"adjective, verb","impresses, impressing, impressed","awed, amazed",unimpressed,"deeply impressed, quite impressed"
impression,"An idea, feeling, or opinion about something or someone, especially one formed without conscious thought or on the basis of little evidence",ấn tượng,She made a good impression at the interview.,"noun, verb",impressions,"perception, opinion",none,"first impression, lasting impression"
impressive,"Evoking admiration through size, quality, or skill: grand, imposing, or awesome",ấn tượng,The view was impressive.,"adjective, noun",impressively,"awe-inspiring, grand","unimpressive, ordinary","most impressive, impressive feat"
improve,Make or become better,cải thiện ,He wants to improve his skills.,"verb, noun","improves, improving, improved","enhance, better","worsen, degrade","improve performance, improve skills"
improvement,An example or instance of improving or being improved,sự cải tiến,There has been a significant improvement in her work.,"noun, verb",improvements,"advancement, development","deterioration, decline","make an improvement, show improvement"
in,Expressing the situation of something that is or appears to be enclosed or surrounded by something else,TRONG,The keys are in the drawer.,"preposition, adverb",ins,"inside, within","out, outside","in the room, in the box"
inability,"The lack of ability, means, or power to do something",sự bất lực,His inability to walk was due to an injury.,"noun, adjective",inabilities,"incapacity, incompetence","ability, competence","inability to, due to inability"
inch,A unit of linear measure equal to one twelfth of a foot (2.54 cm),inch,The screen measures 15 inches.,"noun, verb",inches,"measure, unit","foot, yard","inch by inch, every inch"
incident,An event or occurrence,sự cố,The incident was reported to the police.,"noun, verb",incidents,"event, occurrence",none,"report an incident, incident report"
include,Comprise or contain as part of a whole,bao gồm,The price includes tax.,"verb, noun","includes, including, included","contain, encompass","exclude, omit","include in, include all"
including,Containing (someone or something) as part of the whole being considered,bao gồm,We are open every day including weekends.,preposition,including,"comprising, counting","excluding, excepting","including everything, including everyone"
income,"Money received, especially on a regular basis, for work or through investments",thu nhập,She has a steady income.,"noun, verb",incomes,"earnings, revenue","expense, outgoings","monthly income, steady income"
increase,"Become or make greater in size, amount, intensity, or degree",tăng,They plan to increase production.,"verb, noun","increases, increasing, increased","grow, expand","decrease, reduce","increase by, increase in"
increasingly,To an increasing extent; more and more,ngày càng,He is becoming increasingly worried.,adverb,increasingly,"progressively, more","less, decreasingly","increasingly common, increasingly aware"
indeed,Used to emphasize a statement or response confirming something already suggested,thực vậy,"Indeed, it was a remarkable achievement.","adverb, interjection",none,"truly, certainly","doubtfully, uncertainly","yes, indeed, indeed it is"
independence,The fact or state of being independent,độc lập,The country gained independence in 1960.,"noun, verb",independences,"autonomy, self-sufficiency","dependence, subordination","gain independence, national independence"
independent,Free from outside control; not depending on another's authority,độc lập,She is an independent woman.,"adjective, noun",independents,"self-reliant, autonomous","dependent, subordinate","independent from, independent of"
index,"An alphabetical list of names, subjects, etc., with references to the places where they occur, typically found at the end of a book",chỉ mục,Look up the term in the index.,"noun, verb",indexes,"listing, directory",none,"alphabetical index, name index"
indicate,Point out; show,biểu thị,Please indicate your preferences on the form.,"verb, noun","indicates, indicating, indicated","show, point out","hide, conceal","indicate clearly, indicate a preference"
indication,A sign or piece of information that indicates something,chỉ dẫn,There is no indication of a break-in.,"noun, verb",indications,"sign, signal",none,"strong indication, indication of"
indirect,Not directly caused by or resulting from something,gián tiếp,They took an indirect route to avoid traffic.,"adjective, noun",indirectly,"secondary, incidental","direct, straightforward","indirect effect, indirect route"
indirectly,In a way that is not directly caused by or connected with something,gián tiếp,She was indirectly involved in the decision.,adverb,indirectness,"obliquely, subtly","directly, straight","indirectly related, indirectly involved"
individual,"A single human being as distinct from a group, class, or family",cá nhân,Every individual has rights.,"noun, adjective",individuals,"person, being","group, collective","individual rights, unique individual"
indoors,Inside a building,trong nhà,We stayed indoors during the storm.,"adverb, noun",indoor,"inside, within","outdoors, outside","stay indoors, remain indoors"
industrial,Relating to or characterized by industry,công nghiệp,The city is known for its industrial heritage.,"adjective, noun",industrially,"manufacturing, factory-based","agricultural, non-industrial","industrial area, industrial revolution"
industry,Economic activity concerned with the processing of raw materials and manufacture of goods in factories,ngành công nghiệp,The steel industry is vital to the economy.,"noun, adjective",industries,"manufacturing, production",none,"service industry, tourism industry"
inevitable,Certain to happen; unavoidable,không thể tránh khỏi,Death is inevitable.,"adjective, noun",inevitability,"unavoidable, certain","avoidable, preventable","inevitable consequence, inevitable result"
inevitably,As is certain to happen; unavoidably,tất yếu,"Inevitably, some mistakes were made.",adverb,inevitabilities,"certainly, unavoidably","preventably, avoidably","inevitably lead to, inevitably happen"
infect,"Affect (a person, organism, etc.) with a disease-causing organism",lây nhiễm,The virus can infect humans and animals.,"verb, noun","infects, infecting, infected","contaminate, transmit","heal, cure","infect with, can infect"
infection,The process of infecting or the state of being infected,sự nhiễm trùng,He has a throat infection.,"noun, verb",infections,"contagion, contamination","health, wellness","bacterial infection, serious infection"
infectious,Likely to spread or influence others in a rapid manner,truyền nhiễm,Flu is highly infectious.,"adjective, noun",infectiously,"contagious, communicable","non-contagious, non-infectious","highly infectious, infectious disease"
influence,"The capacity to have an effect on the character, development, or behavior of someone or something, or the effect itself",ảnh hưởng,His influence made a big difference.,"noun, verb","influences, influencing, influenced","effect, impact",none,"strong influence, influence on"
inform,Give (someone) facts or information; tell,thông báo,Please inform me of any changes.,"verb, noun","informs, informing, informed","notify, tell","misinform, mislead","inform the public, inform of"
informal,"Having a relaxed, friendly, or unofficial style, manner, or nature",không chính thức,They had an informal meeting.,"adjective, noun",informally,"casual, relaxed","formal, official","informal meeting, informal dress"
information,Facts provided or learned about something or someone,thông tin,We need more information about the event.,"noun, verb",informations,"data, knowledge","misinformation, ignorance","gather information, provide information"
ingredient,Any of the foods or substances that are combined to make a particular dish,nguyên liệu,The main ingredient is flour.,"noun, verb",ingredients,"component, element",none,"key ingredient, main ingredient"
initial,Existing or occurring at the beginning,ban đầu,His initial reaction was surprise.,"adjective, noun",initials,"first, primary","final, last","initial impression, initial reaction"
initially,At first,ban đầu,"Initially, it was difficult to understand.",adverb,initially,"at first, originally","finally, ultimately","initially thought, initially planned"
initiate,Cause (a process or action) to begin,khởi xướng,They decided to initiate the project.,"verb, noun","initiates, initiating, initiated","commence, launch","terminate, end","initiate a process, initiate contact"
initiative,The ability to assess and initiate things independently,sáng kiến,She took the initiative to start the meeting.,"noun, adjective",initiatives,"enterprise, drive","indifference, passivity","take the initiative, business initiative"
injure,Do physical harm or damage to (someone),làm tổn thương,He injured his leg while playing soccer.,"verb, noun","injures, injuring, injured","harm, hurt","heal, mend","injure seriously, injure oneself"
injured,"Harmed, damaged, or impaired",bị thương,The injured person was taken to the hospital.,"adjective, verb","injures, injuring, injured","wounded, hurt","unharmed, unhurt","seriously injured, injured person"
injury,An instance of being injured,chấn thương,He suffered a serious injury.,"noun, verb",injuries,"wound, harm","health, wellness","serious injury, minor injury"
ink,"A colored fluid used for writing, drawing, printing, or duplicating",mực,The pen ran out of ink.,"noun, verb",inks,"dye, pigment",none,"black ink, ink pen"
inner,Situated inside or further in; internal,bên trong,She felt a sense of inner peace.,"adjective, noun",inners,"internal, inside","outer, external","inner peace, inner thoughts"
innocent,Not guilty of a crime or offense,vô tội,He was found innocent of the charges.,"adjective, noun",innocents,"blameless, guiltless","guilty, culpable","innocent child, innocent of"
inquiry,An act of asking for information,cuộc điều tra,They launched an inquiry into the matter.,"noun, verb",inquiries,"investigation, probe",none,"conduct an inquiry, police inquiry"
insect,A small arthropod animal that has six legs and generally one or two pairs of wings,côn trùng,The insect buzzed around the room.,"noun, verb",insects,"bug, critter",none,"insect bite, flying insect"
inside,Situated or occurring within; interior,bên trong,The keys are inside the drawer.,"adjective, noun",insides,"within, interior","outside, exterior","inside the house, inside out"
insist,"Demand something forcefully, not accepting refusal",khăng khăng,He insisted on paying for the meal.,"verb, noun","insists, insisting, insisted","demand, persist","give up, accept","insist on, insist that"
insist on,To demand or persist in some course of action,nhấn mạnh vào,She insists on doing everything herself.,phrasal verb,insisting,"persist in, demand",none,"insist on doing, insist on something"
install,Place or fix (equipment or machinery) in position ready for use,cài đặt,They will install the new software tomorrow.,"verb, noun","installs, installing, installed","set up, establish","remove, uninstall","install software, install equipment"
instance,An example or single occurrence of something,ví dụ,"For instance, she said she would be late.","noun, verb",instances,"example, occurrence",none,"for instance, such instances"
instead,As an alternative or substitute,thay vì,"He didn't go to the party; instead, he stayed home.","adverb, preposition",none,"alternatively, rather","besides, as well as","instead of, instead choose"
instead of,In place of,thay vì,Use honey instead of sugar.,preposition,none,"in place of, as a substitute for",along with,"instead of, instead of going"
institute,"A society or organization having a particular object or common factor, especially a scientific, educational, or social one",viện,They work at a research institute.,"noun, verb",institutes,"academy, center",none,"research institute, financial institute"
institution,"An organization founded for a religious, educational, professional, or social purpose",tổ chức,The institution provides care for the elderly.,"noun, verb",institutions,"organization, foundation",none,"educational institution, social institution"
instruct,"Direct or command someone to do something, especially as an official order",hướng dẫn,The teacher instructed the students to line up.,"verb, noun","instructs, instructing, instructed","direct, command",none,"instruct on, instruct how"
instruction,A direction or order,chỉ dẫn,Follow the instructions carefully.,"noun, verb",instructions,"order, direction","question, query","follow the instructions, clear instructions"
instrument,"A tool or implement, especially one for precision work",dụng cụ,He played a musical instrument.,"noun, verb",instruments,"tool, device",none,"musical instrument, precision instrument"
insult,Speak to or treat with disrespect or scornful abuse,sự sỉ nhục,He insulted her in front of everyone.,"verb, noun","insults, insulting, insulted","offend, affront","compliment, praise","insult someone, feel insulted"
insulting,Disrespectful or scornfully abusive,xúc phạm,His comments were insulting.,"adjective, verb","insults, insulting, insulted","offensive, rude",complimentary,"insulting remarks, insulting behavior"
insurance,"A practice or arrangement by which a company or government agency provides a guarantee of compensation for specified loss, damage, illness, or death in return for payment of a premium",bảo hiểm,She has health insurance.,"noun, verb",insurances,"coverage, protection",none,"health insurance, insurance policy"
intelligence,The ability to acquire and apply knowledge and skills,trí thông minh,She has a high level of intelligence.,"noun, verb",intelligences,"brains, intellect","stupidity, ignorance","high intelligence, emotional intelligence"
intelligent,"Having or showing intelligence, especially of a high level",thông minh,He is very intelligent.,"adjective, noun",intelligently,"smart, bright","unintelligent, stupid","intelligent person, intelligent answer"
intend,Have (a course of action) as one's purpose or objective; plan,có ý định,They intend to start a business.,"verb, noun","intends, intending, intended","plan, aim","neglect, disregard","intend to, intend for"
intended,Planned or meant,dự định,The intended outcome was not achieved.,"adjective, verb","intends, intending, intended","planned, meant","unintended, accidental","intended for, intended as"
intention,A thing intended; an aim or plan,chủ đích,Her intention is to become a doctor.,"noun, verb",intentions,"aim, objective",none,"good intention, clear intention"
interest,The feeling of wanting to know or learn about something or someone,quan tâm,She has a keen interest in art.,"noun, verb","interests, interesting, interested","curiosity, attention","boredom, indifference","show interest, have an interest"
interested,Showing curiosity or concern about something or someone; having a feeling of interest,thú vị,He is very interested in music.,"adjective, verb","interests, interesting, interested","curious, concerned","disinterested, uninterested","interested in, very interested"
interesting,Arousing curiosity or interest; holding or catching the attention,hấp dẫn,The book was very interesting.,"adjective, noun","interests, interesting, interested","fascinating, captivating","boring, dull","find interesting, interesting topic"
interior,Situated within or inside; relating to the inside; inner,nội thất,The interior of the house is beautiful.,"noun, adjective",interiors,"inside, inner","exterior, outside","interior design, interior of"
internal,Of or situated on the inside,nội bộ,She has an internal injury.,"adjective, noun",internally,"inside, inner","external, outer","internal organs, internal use"
international,"Existing, occurring, or carried on between two or more nations",quốc tế,They are attending an international conference.,"adjective, noun",internationally,"global, worldwide","domestic, national","international trade, international relations"
Internet,A global computer network providing a variety of information and communication facilities,internet,I found the information on the Internet.,"noun, proper noun",internets,"web, net",none,"access the Internet, browse the Internet"
interpret,"Explain the meaning of (information, words, or actions)",diễn giải,He will interpret the results for us.,"verb, noun","interprets, interpreting, interpreted","explain, clarify","misinterpret, misunderstand","interpret data, interpret correctly"
interpretation,The action of explaining the meaning of something,sự thông giải,Her interpretation of the text was unique.,"noun, verb",interpretations,"explanation, understanding",misinterpretation,"accurate interpretation, unique interpretation"
interrupt,Stop the continuous progress of (an activity or process),ngắt,Please do not interrupt the speaker.,"verb, noun","interrupts, interrupting, interrupted","disrupt, halt","continue, proceed","interrupt the flow, do not interrupt"
interview,"A meeting of people face to face, especially for consultation",phỏng vấn,She had a job interview yesterday.,"noun, verb","interviews, interviewing, interviewed","meeting, discussion",none,"job interview, interview process"
into,Expressing movement or action with the result that someone or something becomes enclosed or surrounded by something else,vào trong,He went into the room.,preposition,intos,"within, inside",outside,"into the box, into the room"
introduce,"Bring (something, especially a product, measure, or concept) into use or operation for the first time",giới thiệu,They will introduce a new product next month.,"verb, noun","introduces, introducing, introduced","present, launch","remove, withdraw","introduce a product, introduce oneself"
introduction,The action of introducing something,giới thiệu,The introduction of the new policy was well received.,"noun, verb",introductions,"presentation, launch","removal, withdrawal","brief introduction, detailed introduction"
invent,Create or design (something that has not existed before); be the originator of,phát minh,He invented a new type of engine.,"verb, noun","invents, inventing, invented","create, design","copy, imitate","invent something new, invent a device"
invention,"The action of inventing something, typically a process or device",sự phát minh,The invention of the telephone changed the world.,"noun, verb",inventions,"creation, discovery","imitation, copy","groundbreaking invention, recent invention"
invest,"Expend money with the expectation of achieving a profit or material result by putting it into financial schemes, shares, or property, or by using it to develop a commercial venture",đầu tư,She decided to invest in real estate.,"verb, noun","invests, investing, invested","allocate, fund","divest, withdraw","invest money, invest time"
investigate,"Carry out a systematic or formal inquiry to discover and examine the facts of (an incident, allegation, etc.) so as to establish the truth",khảo sát,The police will investigate the case.,"verb, noun","investigates, investigating, investigated","examine, probe","ignore, neglect","investigate thoroughly, investigate a case"
investment,The action or process of investing money for profit,sự đầu tư,His investment in the company paid off.,"noun, verb",investments,"funding, finance","divestment, withdrawal","financial investment, secure investment"
invite,"Make a polite, formal, or friendly request to (someone) to go somewhere or to do something",mời,They invited us to their wedding.,"verb, noun","invites, inviting, invited","ask, request","exclude, reject","invite someone, invite to"
involve,Include (something) as a necessary part or result,liên quan,The project will involve several steps.,"verb, noun","involves, involving, involved","include, engage","exclude, omit","involve in, involve with"
involved,Difficult to comprehend; complicated,có liên quan,He is involved in many activities.,"adjective, verb","involves, involving, involved","complicated, engaged","uncomplicated, simple","deeply involved, directly involved"
involvement,The fact or condition of being involved with or participating in something,sự tham gia,Her involvement in the project was crucial.,"noun, verb",involvements,"participation, engagement","exclusion, disengagement","active involvement, direct involvement"
iron,"A strong, hard magnetic silvery-gray metal, the chemical element of atomic number 26",sắt,The gate is made of iron.,"noun, verb",irons,"metal, steel",none,"cast iron, iron gate"
irritate,Make (someone) annoyed or a little angry,chọc tức,His comments irritated her.,"verb, noun","irritates, irritating, irritated","annoy, provoke","soothe, calm","irritate easily, irritate someone"
irritated,Showing or feeling slight anger; annoyed,bị kích thích,She was irritated by the noise.,"adjective, verb","irritates, irritating, irritated","annoyed, vexed","pleased, content","visibly irritated, slightly irritated"
island,A piece of land surrounded by water,hòn đảo,They visited a tropical island.,"noun, verb",islands,"key, islet",mainland,"tropical island, desert island"
issue,An important topic or problem for debate or discussion,vấn đề,They discussed the issue at length.,"noun, verb",issues,"problem, matter","solution, resolution","address an issue, current issue"
it,Used to refer to a thing previously mentioned or easily identified,Nó,It is raining outside.,pronoun,its,"this, that",none,"it is, it has"
item,"An individual article or unit, especially one that is part of a list, collection, or set",mục ,Each item on the list must be checked.,"noun, verb",items,"article, object","whole, entirety","check an item, list item"
itself,Used to emphasize a particular thing or animal mentioned,chính nó,The cat cleans itself.,pronoun,itself,"self, same",none,"by itself, for itself"
jacket,A short coat,áo khoác,He wore a leather jacket.,"noun, verb",jackets,"coat, blazer",none,"leather jacket, denim jacket"
jam,A sweet spread or preserve made from fruit and sugar boiled to a thick consistency,mứt,She spread jam on her toast.,"noun, verb",jams,"preserve, spread",none,"spread jam, fruit jam"
January,"The first month of the year, in the northern hemisphere usually considered the second month of winter",Tháng Một,January is a cold month.,"noun, proper noun",Januaries,none,none,"January weather, January 1st"
jealous,Feeling or showing envy of someone or their achievements and advantages,ghen tị,He felt jealous of his friend's success.,"adjective, verb",jealousy,"envious, covetous","content, satisfied","feel jealous, jealous of"
jeans,Hard-wearing trousers made of denim or other cotton fabric,quần jean,She bought a new pair of jeans.,"noun, verb",jeans,"denims, pants",none,"pair of jeans, blue jeans"
jelly,"A sweet, clear, semisolid spread or preserve made from fruit juice and sugar boiled to a thick consistency",thạch,She likes strawberry jelly.,"noun, verb",jellies,"preserve, conserve",none,"strawberry jelly, fruit jelly"
jewel,"A precious stone, typically a single crystal or a piece of a hard lustrous or translucent mineral cut into a regular shape",viên ngọc quý,The crown was adorned with jewels.,"noun, verb",jewels,"gem, gemstone",none,"precious jewel, crown jewel"
jewelry,"Personal ornaments, such as necklaces, rings, or bracelets, that are typically made from or contain jewels and precious metal",trang sức,She wore elegant jewelry.,"noun, verb",jewelries,"ornament, bijouterie",none,"gold jewelry, elegant jewelry"
job,A paid position of regular employment,công việc,He has a new job at the company.,"noun, verb",jobs,"occupation, position","unemployment, none","new job, part-time job"
join,Link or connect (something) together,tham gia,They decided to join the club.,"verb, noun","joins, joining, joined","unite, connect","separate, divide","join a club, join the team"
joint,A point at which parts of an artificial structure are joined,chung,He has pain in his knee joint.,"noun, adjective",joints,"junction, connection",none,"knee joint, elbow joint"
jointly,With another person or people; together,cùng nhau,They worked jointly on the project.,adverb,jointly,"together, mutually","individually, singly","jointly owned, jointly responsible"
joke,"A thing that someone says to cause amusement or laughter, especially a story with a funny punchline",câu nói đùa,He told a funny joke.,"noun, verb","jokes, joking, joked","funny story, quip","serious remark, statement","tell a joke, play a joke"
journalist,"A person who writes for newspapers, magazines, or news websites or prepares news to be broadcast",nhà báo,She is a well-known journalist.,"noun, verb",journalists,"reporter, correspondent",none,"investigative journalist, freelance journalist"
journey,An act of traveling from one place to another,hành trình,Their journey took several days.,"noun, verb",journeys,"trip, travel",none,"long journey, enjoy the journey"
joy,A feeling of great pleasure and happiness,vui sướng,She was filled with joy.,"noun, verb",joys,"happiness, delight","sorrow, sadness","great joy, joy of"
judge,A public official appointed to decide cases in a court of law,phán xét,The judge will give his verdict.,"noun, verb","judges, judging, judged","magistrate, adjudicator",none,"court judge, supreme judge"
judgement,The ability to make considered decisions or come to sensible conclusions,sự phán xét,Use your judgement to make the decision.,"noun, verb",judgements,"decision, verdict","indecision, doubt","good judgement, sound judgement"
juice,The liquid obtained from or present in fruit or vegetables,nước ép,She drank a glass of orange juice.,"noun, verb",juices,"nectar, extract",none,"fruit juice, fresh juice"
July,"The seventh month of the year, in the northern hemisphere usually considered the second month of summer",Tháng bảy,We have a holiday in July.,"noun, proper noun",Julys,none,none,"in July, July 4th"
jump,Push oneself off a surface and into the air by using the muscles in one's legs and feet,nhảy,The cat can jump high.,"verb, noun","jumps, jumping, jumped","leap, spring","fall, drop","jump up, jump over"
June,"The sixth month of the year, in the northern hemisphere usually considered the first month of summer",Tháng sáu,June is my favorite month.,"noun, proper noun",Junes,none,none,"in June, June 1st"
junior,"Of, for, or denoting young or younger people",nhỏ,He is a junior member of the team.,"adjective, noun",juniors,"younger, novice","senior, older","junior team, junior member"
jury,A body of people (typically twelve in number) sworn to give a verdict in a legal case on the basis of evidence submitted to them in court,bồi thẩm đoàn,The jury reached a unanimous verdict.,"noun, verb",juries,"panel, tribunal",none,"serve on a jury, jury duty"
just,Based on or behaving according to what is morally right and fair,chỉ,It was a just decision.,"adjective, adverb",justly,"fair, unbiased","unfair, biased","just decision, just cause"
justice,Just behavior or treatment,công lý,They are fighting for justice.,"noun, verb",justices,"fairness, law","injustice, unfairness","seek justice, social justice"
justify,Show or prove to be right or reasonable,biện minh,She tried to justify her actions.,"verb, noun","justifies, justifying, justified","defend, explain","condemn, blame","justify actions, justify the means"
keen,Having or showing eagerness or enthusiasm,sắc sảo,She is keen to learn new things.,"adjective, verb","keener, keenest","eager, enthusiastic","uninterested, apathetic","keen interest, keen on"
keep,Have or retain possession of,giữ,Please keep this document safe.,"verb, noun","keeps, keeping, kept","hold, retain","release, let go","keep safe, keep in mind"
key,A small piece of shaped metal with incisions cut to fit the wards of a particular lock and operate it,chìa khóa,He lost his keys.,"noun, adjective",keys,"lock, opener","lock, hinder","house key, key to"
keyboard,A panel of keys that operate a computer or typewriter,bàn phím,She typed the letter on the keyboard.,"noun, verb",keyboards,"typewriter keyboard, computer keyboard",none,"keyboard keys, computer keyboard"
kick,Strike or propel forcibly with the foot,đá,He kicked the ball into the goal.,"verb, noun","kicks, kicking, kicked","boot, strike","caress, touch","kick a ball, kick out"
kid,A child or young person,đứa trẻ,The kids are playing outside.,"noun, verb",kids,"child, youngster","adult, elder","young kid, kids are"
kill,"Cause the death of (a person, animal, or other living thing)",giết,He was killed in an accident.,"verb, noun","kills, killing, killed","murder, slay","save, preserve","kill time, kill the mood"
kind,A group of people or things having similar characteristics,loại,There are many kinds of flowers.,"noun, adjective",kinds,"type, category",none,"different kinds, same kind"
kindly,In a kind manner,tử tế,She kindly offered to help.,"adverb, adjective","kindlier, kindliest","nicely, graciously","unkindly, rudely","kindly offer, kindly ask"
kindness,"The quality of being friendly, generous, and considerate",lòng tốt,Her kindness is appreciated.,"noun, verb",kindnesses,"generosity, consideration","unkindness, cruelty","act of kindness, kindness to"
king,"The male ruler of an independent state, especially one who inherits the position by right of birth",nhà vua,The king addressed his subjects.,"noun, verb",kings,"monarch, sovereign","commoner, subject","king and queen, the king's"
kiss,"Touch with the lips as a sign of love, sexual desire, reverence, or greeting",hôn,He kissed her on the cheek.,"verb, noun",kisses,"peck, smooch","slap, hit","kiss on the cheek, kiss and tell"
kitchen,A room or area where food is prepared and cooked,phòng bếp,She cooked dinner in the kitchen.,"noun, adjective",kitchens,"cookhouse, galley",none,"kitchen table, kitchen sink"
knee,The joint between the thigh and the lower leg,đầu gối,He injured his knee while playing soccer.,"noun, verb",knees,"joint, patella",none,"knee injury, knee joint"
knife,"An instrument composed of a blade fixed into a handle, used for cutting or as a weapon",dao,He cut the vegetables with a knife.,"noun, verb",knives,"blade, cutter",none,"sharp knife, knife blade"
knit,"Make (a garment, fabric, etc.) by interlocking loops of wool or other yarn with knitting needles or on a machine",đan,She likes to knit scarves.,"verb, noun","knits, knitting, knitted","weave, stitch",none,"knit a sweater, knit together"
knock,"Strike a surface noisily to attract attention, especially when waiting to be let in through a door",cú đánh,He knocked on the door.,"verb, noun","knocks, knocking, knocked","rap, tap","ignore, overlook","knock on the door, knock down"
know,"Be aware of through observation, inquiry, or information",biết,I know the answer.,"verb, noun","knows, knowing, known","understand, recognize","ignore, misunderstand","know the answer, know how"
knowledge,"Facts, information, and skills acquired through experience or education; the theoretical or practical understanding of a subject",kiến thức,His knowledge of history is impressive.,"noun, verb",knowledges,"wisdom, learning","ignorance, incomprehension","vast knowledge, acquire knowledge"
label,"A small piece of paper, fabric, plastic, or similar material attached to an object and giving information about it",nhãn,She read the label on the bottle.,"noun, verb",labels,"tag, marker",none,"product label, label on"
laboratory,"A room or building equipped for scientific experiments, research, or teaching, or for the manufacture of drugs or chemicals",phòng thí nghiệm,The scientist works in a laboratory.,"noun, adjective",laboratories,"lab, research center",none,"scientific laboratory, chemistry laboratory"
lack,The state of being without or not having enough of something,thiếu,There is a lack of evidence.,"noun, verb",lacks,"shortage, deficit","abundance, plenty","lack of, complete lack"
lady,A woman (used as a polite or old-fashioned form of reference),quý bà,She is a kind lady.,"noun, adjective",ladies,"woman, dame","gentleman, man","young lady, kind lady"
lake,A large body of water surrounded by land,hồ,They swam in the lake.,"noun, verb",lakes,"pond, reservoir","sea, ocean","swim in the lake, large lake"
lamp,"A device for giving light, either one consisting of an electric bulb together with its holder and shade or cover",đèn,He turned on the lamp.,"noun, verb",lamps,"light, lantern","darkness, shadow","table lamp, lamp post"
land,"The part of the earth's surface that is not covered by water, as opposed to the sea or the air",đất,They bought a piece of land.,"noun, verb",lands,"ground, soil","sea, water","piece of land, own land"
landscape,"All the visible features of an area of countryside or land, often considered in terms of their aesthetic appeal",phong cảnh,The landscape is beautiful.,"noun, verb",landscapes,"scenery, view",none,"beautiful landscape, landscape painting"
language,"The method of human communication, either spoken or written, consisting of the use of words in a structured and conventional way",ngôn ngữ,He speaks three languages.,"noun, verb",languages,"tongue, speech","silence, none","native language, foreign language"
large,"Of considerable or relatively great size, extent, or capacity",lớn,They live in a large house.,"adjective, noun","larger, largest","big, huge","small, tiny","large house, large amount"
largely,To a great extent; mostly,phần lớn,The success is largely due to teamwork.,adverb,larger,"mostly, mainly","little, slightly","largely due to, largely responsible"
last,Coming after all others in time or order; final,cuối cùng,He was the last person to leave.,"adjective, noun","lasts, lasting, lasted","final, ultimate","first, initial","last person, last place"
late,"Doing something or taking place after the expected, proper, or usual time",muộn,She arrived late to the meeting.,"adjective, adverb","later, latest","delayed, overdue","early, punctual","arrive late, late at night"
later,At a time subsequent to a reference time,sau đó,We will discuss this later.,"adverb, adjective","later, latest","afterwards, subsequently","earlier, sooner","later today, see you later"
latest,The most recent or current,mới nhất,Here is the latest news.,"adjective, noun",latest,"newest, most recent","oldest, outdated","latest news, latest technology"
laugh,Make the spontaneous sounds and movements of the face and body that are the instinctive expressions of lively amusement and sometimes also of contempt or derision,cười,The joke made everyone laugh.,"verb, noun","laughs, laughing, laughed","giggle, chuckle","cry, weep","laugh out loud, laugh at"
launch,Set (a boat) in motion by pushing it or allowing it to roll into the water,phóng,They will launch the new product next month.,"verb, noun","launches, launching, launched","initiate, commence","halt, stop","launch a campaign, product launch"
law,The system of rules which a particular country or community recognizes as regulating the actions of its members and which it may enforce by the imposition of penalties,pháp luật,Everyone must obey the law.,"noun, verb",laws,"rule, regulation","disorder, anarchy","break the law, law and order"
lawyer,A person who practices or studies law; an attorney or a counselor,luật sư,She is studying to become a lawyer.,"noun, verb",lawyers,"attorney, solicitor",none,"criminal lawyer, corporate lawyer"
lay,"Put down, especially gently or carefully",đặt nằm,He lay down on the bed.,"verb, noun","lays, laying, laid","put, place","rise, stand","lay down, lay on"
layer,"A sheet, quantity, or thickness of material, typically one of several, covering a surface or body",lớp,There is a layer of dust on the shelf.,"noun, verb",layers,"coating, film",none,"thin layer, layer of dust"
lazy,Unwilling to work or use energy,lười,He is too lazy to clean his room.,"adjective, verb","lazier, laziest","indolent, slothful","industrious, hardworking","lazy day, feel lazy"
lead,"Cause (a person or animal) to go with one by holding them by the hand, a halter, a rope, etc. while moving forward",chỉ huy,She will lead the team to victory.,"verb, noun","leads, leading, led","guide, direct","follow, trail","lead the way, lead to"
leader,"The person who leads or commands a group, organization, or country",lãnh đạo,He is a natural leader.,"noun, verb",leaders,"chief, commander","follower, subordinate","natural leader, team leader"
leading,Most important,dẫn đầu,She is the leading expert in the field.,"adjective, noun",leadings,"main, principal","secondary, minor","leading role, leading cause"
leaf,"A flattened structure of a higher plant, typically green and bladelike, that is attached to a stem directly or via a stalk",lá cây,The tree has lost all its leaves.,"noun, verb",leaves,"foliage, frond",none,"green leaf, leaf fall"
league,"A collection of people, countries, or groups that combine for a particular purpose, typically mutual protection or cooperation",liên minh,They formed a new league.,"noun, verb",leagues,"association, alliance",none,"football league, join a league"
lean,Be in or move into a sloping position,độ nghiêng,She leaned back in her chair.,"verb, adjective","leans, leaning, leaned","tilt, incline","straighten, upright","lean against, lean back"
learn,"Gain or acquire knowledge of or skill in (something) by study, experience, or being taught",học hỏi,He wants to learn French.,"verb, noun","learns, learning, learned","study, understand","forget, neglect","learn a language, learn from"
least,"Smallest in amount, extent, or significance",ít nhất,He did the least work.,"adjective, noun",less,"minimum, slightest","most, maximum","at least, the least"
leather,A material made from the skin of an animal by tanning or a similar process,da thú,The jacket is made of leather.,"noun, verb",leathers,"hide, skin",none,"leather jacket, leather shoes"
leave,Go away from,rời khỏi,She decided to leave the party early.,"verb, noun","leaves, leaving, left","depart, go","stay, arrive","leave early, leave behind"
lecture,"An educational talk to an audience, especially one of students in a university",bài giảng,The professor gave an interesting lecture.,"noun, verb",lectures,"speech, talk","conversation, chat","give a lecture, attend a lecture"
left,"On, towards, or relating to the side of a human body or of a thing that is to the west when the person or thing is facing north",bên trái,Turn left at the next intersection.,"adjective, noun",lefts,"westward, portside","right, rightward","turn left, left side"
leg,Each of the limbs on which a person or animal walks and stands,chân,He injured his leg during the game.,"noun, verb",legs,"limb, appendage",none,"broken leg, leg injury"
legal,"Of, based on, or concerned with the law",hợp pháp,He needs legal advice.,"adjective, noun",legally,"lawful, legitimate","illegal, unlawful","legal advice, legal rights"
legally,In a way that conforms to or is permitted or required by the law,hợp pháp,The business is operating legally.,adverb,legals,"lawfully, rightfully","illegally, unlawfully","legally required, legally binding"
lemon,"A yellow citrus fruit with a bitter, acidic juice",chanh vàng,She added lemon to the tea.,"noun, verb",lemons,"citrus, citron",none,"slice of lemon, lemon juice"
lend,Grant to (someone) the use of (something) on the understanding that it will be returned,cho mượn,Can you lend me your pen?,"verb, noun","lends, lending, lent","loan, advance","borrow, take","lend money, lend a hand"
length,The measurement or extent of something from end to end,chiều dài,The length of the table is 2 meters.,"noun, verb",lengths,"distance, extent","height, width","full length, length of"
less,To a smaller extent; not as much,ít hơn,She earns less money than he does.,"adjective, adverb",lesser,"fewer, smaller","more, greater","less than, no less"
lesson,An amount of teaching given at one time; a period of learning or teaching,bài học,The teacher gave a history lesson.,"noun, verb",lessons,"class, instruction",none,"history lesson, life lesson"
let,Allow someone to have or do something,cho phép,She let him use her car.,"verb, noun","lets, letting, let","allow, permit","forbid, prevent","let go, let out"
letter,"A written, typed, or printed communication, especially one sent in an envelope by mail or messenger",thư,She received a letter from her friend.,"noun, verb",letters,"note, missive",none,"write a letter, send a letter"
level,"A position on a real or imaginary scale of amount, quantity, extent, or quality",mức độ,The water level is rising.,"noun, verb",levels,"height, standard",none,"water level, level of"
library,"A building or room containing collections of books, periodicals, and sometimes films and recorded music for people to read, borrow, or refer to",thư viện,She borrowed the book from the library.,"noun, verb",libraries,"book collection, reading room",none,"public library, library book"
license,"A permit from an authority to own or use something, do a particular thing, or carry on a trade (especially in alcoholic drinks)",giấy phép,He has a driver's license.,"noun, verb",licenses,"permit, certification","restriction, prohibition","driver's license, license to"
lie,Be in or assume a horizontal or resting position on a supporting surface,nói dối,He lies down to rest every afternoon.,"verb, noun","lies, lying, lied","recline, rest","stand, sit","lie down, lie in"
life,The existence of an individual human being or animal,mạng sống,Life is beautiful.,"noun, verb",lives,"existence, being","death, nonexistence","life and death, life is"
lift,Raise to a higher position or level,thang máy,She can lift heavy weights.,"verb, noun","lifts, lifting, lifted","raise, elevate","lower, drop","lift weights, lift up"
light,The natural agent that stimulates sight and makes things visible,ánh sáng,The room is filled with light.,"noun, verb",lights,"brightness, luminosity","darkness, shadow","bright light, natural light"
lightly,"With little weight, force, intensity, etc.",nhẹ nhàng,She touched the fabric lightly.,adverb,"lighter, lightest","gently, softly","heavily, strongly","touch lightly, lightly brush"
like,Having the same characteristics or qualities as; similar to,giống,He likes to play soccer.,"preposition, noun","likes, liking, liked","enjoy, prefer","dislike, hate","like doing, like to"
likely,Such as well might happen or be true; probable,rất có thể,It is likely to rain tomorrow.,"adjective, adverb","likelier, likeliest","probable, possible","unlikely, improbable","likely to happen, most likely"
limit,A point or level beyond which something does not or may not extend or pass,giới hạn,There is a limit to how much you can carry.,"noun, verb",limits,"boundary, restriction","freedom, infinity","upper limit, limit of"
limited,"Restricted in size, amount, or extent; few, small, or short",giới hạn,The tickets are limited in number.,"adjective, verb","limits, limiting, limited","restricted, finite","unlimited, infinite","limited edition, limited access"
line,"A long, narrow mark or band",đường kẻ,Draw a straight line.,"noun, verb",lines,"stripe, streak",none,"draw a line, straight line"
link,"A relationship between two things or situations, especially where one thing affects the other",liên kết,There is a direct link between smoking and lung cancer.,"noun, verb",links,"connection, tie","disconnect, break","link between, establish a link"
lip,Either of the two fleshy parts that form the upper and lower edges of the opening of the mouth,môi,She applied lipstick to her lips.,"noun, verb",lips,"mouth, edge",none,"upper lip, lower lip"
liquid,"A substance that flows freely but is of constant volume, having a consistency like that of water or oil",chất lỏng,Water is a liquid.,"noun, adjective",liquids,"fluid, aqueous","solid, gas","clear liquid, liquid form"
list,"A number of connected items or names written or printed consecutively, typically one below the other",danh sách,Make a list of items you need.,"noun, verb",lists,"inventory, catalogue",none,"shopping list, to-do list"
listen,Give one's attention to a sound,Nghe,Listen to the teacher.,"verb, noun","listens, listening, listened","hear, attend","ignore, disregard","listen carefully, listen to"
literature,"Written works, especially those considered of superior or lasting artistic merit",văn học,She studies English literature.,"noun, verb",literatures,"writings, books",none,"classic literature, modern literature"
litre,"A metric unit of capacity, formerly defined as the volume of one kilogram of water under standard conditions, now equal to 1,000 cubic centimeters (approximately 1.75 pints)",lít,A litre of water is required for the recipe.,"noun, verb",litres,none,none,"litre of water, litre bottle"
little,"Small in size, amount, or degree",nhỏ bé,There is a little cat in the garden.,"adjective, noun","littler, littlest","small, tiny","large, big","little bit, little cat"
live,Remain alive,sống,Many animals live in the forest.,"verb, adjective","lives, living, lived","exist, survive","die, perish","live in, live with"
living,An income sufficient to live on or the means of earning it,cuộc sống,He is earning a living as a teacher.,"noun, adjective",livings,"livelihood, income","unemployment, none","cost of living, standard of living"
load,A heavy or bulky thing that is being carried or is about to be carried,trọng tải,He carried a heavy load.,"noun, verb",loads,"burden, cargo",none,"heavy load, load up"
loan,"A thing that is borrowed, especially a sum of money that is expected to be paid back with interest",khoản vay,She took out a loan to buy a car.,"noun, verb",loans,"credit, mortgage",none,"bank loan, student loan"
local,Relating or restricted to a particular area or one's neighborhood,địa phương,She shops at the local market.,"adjective, noun",locals,"community, neighborhood","global, widespread","local market, local community"
locate,Discover the exact place or position of,xác định vị trí,They were able to locate the missing keys.,"verb, noun","locates, locating, located","find, detect","lose, misplace","locate exactly, locate the missing"
location,A particular place or position,vị trí,The location of the building is ideal.,"noun, verb",locations,"place, position",none,"ideal location, prime location"
lock,"A device for securing a door, gate, lid, or drawer in position when closed, typically operated by a key",khóa,He locked the door before leaving.,"noun, verb",locks,"fasten, secure","unlock, open","lock the door, key lock"
log,A part of the trunk or a large branch of a tree that has fallen or been cut off,nhật ký,He threw another log on the fire.,"noun, verb","logs, logging, logged","timber, wood",none,"throw a log, log cabin"
logic,Reasoning conducted or assessed according to strict principles of validity,logic,His argument lacks logic.,"noun, verb",logics,"reasoning, sense","irrationality, nonsense","lack logic, use logic"
logical,Of or according to the rules of logic or formal argument,logic,She gave a logical explanation.,"adjective, noun",logically,"rational, coherent","illogical, irrational","logical explanation, logical conclusion"
lonely,Sad because one has no friends or company,cô đơn,She felt lonely after moving to a new city.,"adjective, noun",loneliness,"isolated, lonesome","sociable, outgoing","feel lonely, lonely place"
long,Measuring a great distance from end to end,dài,They took a long walk.,"adjective, verb","longer, longest","lengthy, extended","short, brief","long walk, long time"
look,Direct one's gaze toward someone or something or in a specified direction,Nhìn,Look at the sky.,"verb, noun","looks, looking, looked","gaze, glance","ignore, overlook","look at, look for"
loose,Not firmly or tightly fixed in place; detached or able to be detached,lỏng lẻo,The handle is loose.,"adjective, noun","looser, loosest","unstable, slack","tight, secure","loose connection, loose fitting"
lord,"Someone or something having power, authority, or influence; a master or ruler",chúa tể,The lord of the manor lived in a grand house.,"noun, verb",lords,"master, ruler","servant, follower","lord and lady, lord of"
lose,Be deprived of or cease to have or retain (something),thua,He tends to lose his keys.,"verb, noun","loses, losing, lost","misplace, forfeit","find, win","lose keys, lose weight"
loss,The fact or process of losing something or someone,sự mất mát,The company suffered a loss last year.,"noun, verb",losses,"defeat, failure","gain, success","financial loss, loss of"
lost,Unable to find one's way; not knowing one's whereabouts,mất,He felt lost in the new city.,"adjective, verb","loses, losing, lost","misplaced, missing","found, located","feel lost, get lost"
lot,"A particular group, collection, or set of people or things",nhiều,She bought a lot of books.,"noun, adverb",lots,"many, bunch","few, little","a lot of, lots of"
loud,Producing or capable of producing much noise,ồn ào,The music was too loud.,"adjective, noun","louder, loudest","noisy, thunderous","quiet, soft","loud noise, loud music"
loudly,In a way that produces much noise,lớn tiếng,She spoke loudly.,adverb,louder,"noisily, vocally","quietly, softly","speak loudly, laugh loudly"
love,An intense feeling of deep affection,yêu,They are deeply in love.,"noun, verb","loves, loving, loved","affection, passion","hate, dislike","fall in love, true love"
lovely,Exquisitely beautiful,đáng yêu,She has a lovely smile.,"adjective, noun","lovelier, loveliest","beautiful, charming","ugly, unattractive","lovely day, lovely place"
lover,A partner in a romantic or sexual relationship,người yêu,He is her lover.,"noun, verb",lovers,"partner, sweetheart","enemy, foe","secret lover, lover of"
low,Of less than average height from top to bottom or to the top from the ground,thấp,The table is too low.,"adjective, noun","lower, lowest","short, small","high, tall","low table, low level"
lower,Move (someone or something) in a downward direction,thấp hơn,Please lower your voice.,"verb, noun","lowers, lowering, lowered","reduce, diminish","raise, lift","lower down, lower price"
luck,Success or failure apparently brought by chance rather than through one's own actions,may mắn,He wished her good luck.,"noun, verb",lucks,"fortune, chance","misfortune, bad luck","good luck, best of luck"
lucky,"Having, bringing, or resulting from good luck",may mắn,He is a lucky person.,"adjective, verb","luckiest, luckier","fortunate, blessed","unlucky, unfortunate","lucky day, lucky person"
luggage,Suitcases or other bags in which to pack personal belongings for traveling,hành lý,They carried their luggage to the car.,"noun, adjective",luggages,"baggage, bags",none,"carry luggage, piece of luggage"
lump,"A compact mass of a substance, especially one without a definite or regular shape",một cục,He found a lump in the soup.,"noun, verb",lumps,"clump, chunk",none,"lump in, small lump"
lunch,"A meal eaten in the middle of the day, typically one that is lighter or less formal than an evening meal",bữa trưa,We have lunch at noon.,"noun, verb",lunches,"midday meal, brunch","dinner, supper","have lunch, lunch break"
lung,"Each of the pair of organs situated within the ribcage, responsible for breathing",phổi,Smoking is harmful to the lungs.,"noun, verb",lungs,"respiratory organ, pulmonary organ",none,"lung disease, lung cancer"
machine,"An apparatus using or applying mechanical power and having several parts, each with a definite function and together performing a particular task",máy móc,The washing machine is broken.,"noun, verb",machines,"device, apparatus",none,"washing machine, machine part"
machinery,Machines collectively,máy móc,The factory uses advanced machinery.,"noun, verb",machineries,"equipment, tools",none,"heavy machinery, modern machinery"
mad,Very angry,điên rồ,She was mad at him.,"adjective, noun","madder, maddest","angry, furious","calm, composed","mad at, go mad"
magazine,"A periodical publication containing articles and illustrations, typically covering a particular subject or area of interest",tạp chí,She read a fashion magazine.,"noun, verb",magazines,"periodical, journal",none,"read a magazine, fashion magazine"
magic,The power of apparently influencing events by using mysterious or supernatural forces,ảo thuật,He believes in magic.,"noun, adjective",magically,"sorcery, witchcraft","reality, rationality","believe in magic, magic trick"
mail,Letters and packages conveyed by the postal system,thư,She received mail from her friend.,"noun, verb",mails,"post, letters",none,"receive mail, send mail"
main,Chief in size or importance,chủ yếu,The main road is closed.,"adjective, noun",mains,"primary, chief","minor, secondary","main road, main idea"
mainly,For the most part; chiefly,chủ yếu,He is mainly interested in sports.,adverb,mainly,"chiefly, mostly","slightly, marginally","mainly due to, mainly because"
maintain,Cause or enable (a condition or situation) to continue,duy trì,They maintain their car well.,"verb, noun","maintains, maintaining, maintained","preserve, keep","neglect, abandon","maintain a car, maintain health"
major,"Important, serious, or significant",lớn lao,He played a major role in the project.,"adjective, noun",majors,"significant, important","minor, insignificant","major role, major problem"
majority,The greater number,số đông,The majority of people agree.,"noun, verb",majorities,"greater part, most","minority, few","majority of, majority vote"
make,Form (something) by putting parts together or combining substances; construct; create,làm,She likes to make cakes.,"verb, noun","makes, making, made","create, build","destroy, break","make a cake, make sure"
male,Relating to men or boys,nam giới,There is a male lion in the zoo.,"adjective, noun",males,"masculine, masculine gender","female, feminine","male and female, male student"
mall,A large enclosed shopping area from which traffic is excluded,trung tâm mua sắm,They went to the mall to shop.,"noun, verb",malls,"shopping center, plaza",none,"go to the mall, shopping mall"
man,An adult human male,người đàn ông,He is a strong man.,"noun, verb",men,"gentleman, guy","woman, lady","strong man, young man"
manage,"Be in charge of (a company, establishment, or undertaking); administer; run",quản lý,She manages the store.,"verb, noun","manages, managing, managed","administer, control","neglect, mismanage","manage a team, manage the store"
management,The process of dealing with or controlling things or people,sự quản lý,Effective management is crucial.,"noun, verb",managements,"administration, supervision",mismanagement,"effective management, management skills"
manager,A person responsible for controlling or administering an organization or group of staff,giám đốc,He is the manager of the team.,"noun, verb",managers,"director, supervisor","employee, worker","team manager, project manager"
manner,A way in which a thing is done or happens,thái độ,She spoke in a friendly manner.,"noun, verb",manners,"style, approach",none,"friendly manner, in a manner"
manufacture,Make (something) on a large scale using machinery,sản xuất,The company manufactures cars.,"verb, noun","manufactures, manufacturing, manufactured","produce, create","destroy, dismantle","manufacture cars, manufacture goods"
manufacturer,A person or company that makes goods for sale,nhà sản xuất,The manufacturer issued a recall.,"noun, verb",manufacturers,"producer, maker","consumer, customer","car manufacturer, leading manufacturer"
many,A large number of,nhiều,There are many options.,"adjective, pronoun",many,"numerous, multiple","few, little","many people, many options"
map,"A diagrammatic representation of an area of land or sea showing physical features, cities, roads, etc.",bản đồ,She looked at the map.,"noun, verb",maps,"chart, plan",none,"look at the map, road map"
March,"The third month of the year, in the northern hemisphere usually considered the first month of spring",Bước đều,March is a windy month.,"noun, proper noun",Marches,none,none,"March weather, March 1st"
mark,Make a visible impression or stain on,đánh dấu,He marked the spot on the map.,"noun, verb",marks,"spot, sign",none,"mark the spot, mark on"
market,"A regular gathering of people for the purchase and sale of provisions, livestock, and other commodities",chợ,She went to the market to buy vegetables.,"noun, verb",markets,"bazaar, marketplace",none,"farmers market, market value"
marketing,"The action or business of promoting and selling products or services, including market research and advertising",tiếp thị,He works in marketing.,"noun, verb",marketings,"advertising, promotion",none,"marketing strategy, marketing campaign"
marriage,The legally or formally recognized union of two people as partners in a personal relationship,kết hôn,Their marriage ceremony was beautiful.,"noun, verb",marriages,"union, wedding","divorce, separation","happy marriage, marriage ceremony"
married,Having a spouse,đã cưới,They are happily married.,"adjective, verb",marries,"wedded, united","single, unmarried","married couple, happily married"
marry,Join in marriage,kết hôn,They plan to marry next year.,"verb, noun","marries, marrying, married","wed, unite","divorce, separate","marry someone, marry in"
mass,A large body of matter with no definite shape,khối,The planet has a large mass.,"noun, verb",masses,"bulk, quantity",none,"large mass, mass of"
massive,Large and heavy or solid,to lớn,The building is massive.,"adjective, noun",massively,"huge, immense","tiny, small","massive building, massive impact"
master,Having or showing very great skill or proficiency,bậc thầy,She is a master at chess.,"noun, verb",masters,"expert, adept","novice, apprentice","master of, master at"
match,A person or thing that is equal to another in quality or strength,cuộc thi đấu,The curtains are a perfect match for the sofa.,"noun, verb",matches,"equal, peer","mismatch, opposition","perfect match, match for"
matching,"Corresponding in pattern, color, or design; complementary",khớp,They are wearing matching outfits.,"adjective, verb",matchings,"coordinating, complementary","clashing, contrasting","matching colors, matching outfits"
mate,Each of a pair of birds or other animals that breed together,bạn,Birds find a mate during the breeding season.,"noun, verb",mates,"partner, companion",none,"find a mate, perfect mate"
material,The matter from which a thing is or can be made,vật liệu,The dress is made of a soft material.,"noun, adjective",materials,"fabric, substance","immaterial, non-material","raw material, building material"
mathematics,"The abstract science of number, quantity, and space",toán học,He is good at mathematics.,"noun, verb",mathematical,"maths, arithmetic",none,"study mathematics, mathematics problem"
matter,The substance or substances of which any physical object consists or is composed,vấn đề,Dark matter makes up most of the universe.,"noun, verb",matters,"substance, material",none,"physical matter, no matter"
maximum,"As great, high, or intense as possible or permitted",tối đa,She reached the maximum score.,"noun, adjective",maximums,"greatest, highest","minimum, least","maximum capacity, maximum amount"
may,Expressing possibility,có thể,May I come in?,"verb, noun",mays,"might, could","must, will","may I, may not"
maybe,Perhaps; possibly,Có lẽ,Maybe we should try a different approach.,adverb,maybes,"perhaps, possibly","certainly, surely","maybe yes, maybe no"
mayor,"The elected head of a city, town, or other municipality",thị trưởng,The mayor attended the event.,"noun, verb",mayors,"city head, municipal head",none,"elected mayor, new mayor"
me,Used by a speaker to refer to himself or herself as the object of a verb or preposition,Tôi,She gave me a gift.,pronoun,me,"myself, I",none,"me and you, me too"
meal,"An occasion when food is eaten, or the food that is eaten on such an occasion",bữa ăn,We had a delicious meal.,"noun, verb",meals,"food, feast",none,"have a meal, meal time"
mean,"Intend to convey, indicate, or refer to (a particular thing or notion); signify",nghĩa là,What do you mean?,"verb, noun","means, meaning, meant","signify, imply","misunderstand, confuse","mean to, what do you mean"
meaning,"What is meant by a word, text, concept, or action",nghĩa,The meaning of the word is clear.,"noun, verb",meanings,"definition, sense",meaninglessness,"exact meaning, meaning of"
means,An action or system by which a result is achieved; a method,có nghĩa,He found a means to achieve his goal.,"noun, verb",means,"method, way",none,"means to an end, means by"
meanwhile,In the intervening period of time,trong khi đó,"Meanwhile, she continued to work.",adverb,meanwhiles,"at the same time, simultaneously",none,"meanwhile back, in the meanwhile"
measure,"Ascertain the size, amount, or degree of (something) by using an instrument or device marked in standard units",đo lường,Can you measure the length of this table?,"verb, noun","measures, measuring, measured","gauge, quantify","estimate, guess","measure up, measure out"
measurement,The action of measuring something,đo lường,The measurement was accurate.,"noun, verb",measurements,"dimension, size",none,"accurate measurement, take a measurement"
meat,The flesh of an animal (especially a mammal) as food,thịt,They eat meat every day.,"noun, verb",meats,"flesh, protein","vegetable, plant-based","raw meat, red meat"
mechanic,A person who repairs and maintains machinery,thợ cơ khí,The car mechanic fixed the engine.,"noun, verb",mechanics,"repairman, technician",none,"auto mechanic, skilled mechanic"
mechanical,Relating to or operated by machinery,cơ khí,The door is operated by a mechanical system.,"adjective, noun",mechanically,"automated, motorized","manual, human-powered","mechanical engineering, mechanical failure"
media,"The main means of mass communication (broadcasting, publishing, and the internet) regarded collectively",phương tiện truyền thông,The news was reported by the media.,"noun, verb",medias,"press, news",none,"mass media, social media"
medical,"Relating to the science of medicine, or to the treatment of illness and injuries",thuộc về y học,She is studying medical science.,"adjective, noun",medicals,"clinical, therapeutic",none,"medical science, medical treatment"
medicine,"The science or practice of the diagnosis, treatment, and prevention of disease (in technical use often taken to exclude surgery)",thuốc,He takes medicine for his allergies.,"noun, verb",medicines,"drug, medication",none,"take medicine, medicine cabinet"
medium,An agency or means of doing something,trung bình,The internet is a medium for communication.,"noun, adjective",mediums,"channel, means","extreme, maximum","communication medium, medium of exchange"
meet,Come into the presence or company of (someone) by chance or arrangement,gặp,Let's meet at the cafe.,"verb, noun","meets, meeting, met","encounter, greet","avoid, ignore","meet someone, meet up"
meeting,"An assembly of people for a particular purpose, especially for formal discussion",cuộc họp,The meeting will start at 10 AM.,"noun, verb",meetings,"assembly, conference",none,"staff meeting, board meeting"
melt,Make or become liquefied by heat,tan chảy,The ice will melt in the sun.,"verb, noun","melts, melting, melted","dissolve, thaw","freeze, solidify","melt away, melt down"
member,An individual belonging to a group such as a society or team,thành viên,He is a member of the club.,"noun, verb",members,"participant, associate",non-member,"club member, family member"
membership,The state of being a member of a particular group,tư cách thành viên,She applied for membership.,"noun, verb",memberships,"affiliation, association",none,"apply for membership, full membership"
memory,The faculty by which the mind stores and remembers information,ký ức,Her memory is excellent.,"noun, verb",memories,"recollection, recall","forgetfulness, amnesia","good memory, in memory of"
mental,Relating to the mind,tâm thần,She has a strong mental capacity.,"adjective, noun",mentally,"psychological, intellectual","physical, bodily","mental health, mental capacity"
mention,Refer to something briefly and without going into detail,đề cập đến,She didn't mention the meeting.,"verb, noun",mentions,"refer, cite","ignore, overlook","mention briefly, mention something"
menu,A list of dishes available in a restaurant,thực đơn,The menu offers a variety of options.,"noun, verb",menus,"food list, bill of fare",none,"restaurant menu, menu item"
mere,Used to emphasize how small or insignificant someone or something is,chỉ,It was a mere coincidence.,"adjective, noun",merely,"only, just","significant, substantial","mere coincidence, mere fact"
merely,Just; only,chỉ đơn thuần là,He was merely a child.,adverb,meres,"only, just","significantly, greatly","merely a child, merely an idea"
mess,A dirty or untidy state of things or of a place,sự lộn xộn,The room was in a mess.,"noun, verb",messes,"disorder, chaos","order, neatness","in a mess, make a mess"
message,"A verbal, written, or recorded communication sent to or left for a recipient who cannot be contacted directly",tin nhắn,He left a message on her voicemail.,"noun, verb",messages,"note, communication","silence, none","send a message, leave a message"
metal,"A solid material that is typically hard, shiny, malleable, fusible, and ductile, with good electrical and thermal conductivity",kim loại,The sculpture was made of metal.,"noun, adjective",metals,"alloy, element",none,"made of metal, precious metal"
method,"A particular form of procedure for accomplishing or approaching something, especially a systematic or established one",phương pháp,The scientific method is crucial.,"noun, verb",methods,"procedure, technique","disorganization, mess","scientific method, new method"
meter,"The fundamental unit of length in the metric system, equal to 100 centimeters or approximately 39.37 inches",mét,The room is five meters wide.,"noun, verb",meters,"measure, gauge",none,"meter long, meter wide"
mid-,Prefix meaning middle,giữa,He lives in a mid-sized apartment.,prefix,mid,"middle, central",none,"mid-sized, mid-July"
middle,"The point or position at an equal distance from the sides, edges, or ends of something",ở giữa,She stood in the middle of the room.,"noun, adjective",middles,"center, midpoint","edge, periphery","middle of, in the middle"
midnight,Twelve o'clock at night,nửa đêm,The clock struck midnight.,"noun, adjective",midnights,"12 AM, middle of the night","noon, midday","at midnight, after midnight"
might,Past tense of may; used to express possibility or make a suggestion,có thể,He might come to the party.,"verb, noun",might,"could, may",none,"might be, might have"
mild,"Not severe, serious, or harsh",nhẹ,The weather is mild today.,"adjective, noun","milder, mildest","gentle, moderate","severe, intense","mild weather, mild taste"
mile,"A unit of linear measure equal to 1,760 yards (approximately 1.609 kilometers)",dặm,They walked a mile to the store.,"noun, verb",miles,none,none,"mile away, walk a mile"
military,Relating to or characteristic of soldiers or armed forces,quân đội,He is in the military.,"adjective, noun",militaries,"armed forces, army",civilian,"military service, military base"
milk,"An opaque white fluid rich in fat and protein, secreted by female mammals for the nourishment of their young",sữa,She drank a glass of milk.,"noun, verb",milks,"dairy, cream",none,"glass of milk, fresh milk"
milligram,A unit of mass equal to one thousandth of a gram,miligam,The dosage is 500 milligrams.,"noun, adjective",milligrams,mg,none,"500 milligrams, per milligram"
millimetre,A unit of length equal to one thousandth of a meter,milimét,The insect is only a few millimetres long.,"noun, adjective",millimetres,mm,none,"one millimetre, several millimetres"
million,"The number equivalent to the product of a thousand and a thousand; 1,000,000",triệu,The population is over a million.,"noun, adjective",millions,million,none,"one million, millions of"
mind,"The element of a person that enables them to be aware of the world and their experiences, to think, and to feel; the faculty of consciousness and thought",tâm trí,She has a sharp mind.,"noun, verb","minds, minding, minded","intellect, brain","body, physicality","sharp mind, change your mind"
mine,Belonging to or associated with the speaker,của tôi,This book is mine.,pronoun,mines,"belonging to me, my","yours, theirs","mine too, this is mine"
mineral,"A solid, naturally occurring inorganic substance",khoáng sản,The rock contains minerals.,"noun, adjective",minerals,"ore, element",none,"rich in mineral, mineral water"
minimum,"The least or smallest amount or quantity possible, attainable, or required",tối thiểu,Keep costs to a minimum.,"noun, adjective",minimums,"lowest, least","maximum, most","minimum wage, minimum requirement"
minister,"A member of the clergy, especially in Protestant churches",bộ trưởng,He is the minister of education.,"noun, verb",ministers,"clergyman, pastor",none,"prime minister, foreign minister"
minor,"Lesser in importance, seriousness, or significance",người vị thành niên,It's a minor issue.,"adjective, noun",minors,"lesser, secondary","major, significant","minor issue, minor injury"
minute,A period of time equal to sixty seconds or a sixtieth of an hour,phút,Wait a minute.,"noun, adjective",minutes,"moment, instant","hour, day","wait a minute, sixty minutes"
mirror,"A reflective surface, now typically of glass coated with a metal amalgam, that reflects a clear image",gương,She looked at herself in the mirror.,"noun, verb",mirrors,"looking glass, reflector",none,"look in the mirror, mirror image"
miss,"Fail to hit, reach, or come into contact with (something aimed at)",cô,She missed the target.,"verb, noun","misses, missing, missed","fail, overlook","hit, catch","miss the target, miss out"
missing,Not able to be found; absent,mất tích,His name is on the missing list.,"adjective, noun",misses,"lost, unaccounted","present, found","missing person, missing piece"
mission,"An important assignment carried out for political, religious, or commercial purposes, typically involving travel",Sứ mệnh,Their mission is to explore space.,"noun, verb",missions,"task, assignment",none,"important mission, mission accomplished"
mistake,An action or judgment that is misguided or wrong,sai lầm,It was a simple mistake.,"noun, verb",mistakes,"error, blunder","accuracy, correctness","simple mistake, big mistake"
mix,Combine or put together to form one substance or mass,trộn,Mix the flour and water together.,"verb, noun","mixes, mixing, mixed","blend, combine","separate, divide","mix together, mix well"
mixed,Consisting of different qualities or elements,hỗn hợp,She has mixed feelings about the move.,"adjective, verb","mixes, mixing, mixed","varied, diverse","uniform, consistent","mixed feelings, mixed emotions"
mixture,A substance made by mixing other substances together,hỗn hợp,The mixture should be smooth.,"noun, verb",mixtures,"compound, blend",none,"smooth mixture, mixture of"
mobile,Able to move or be moved freely or easily,di động,The device is fully mobile.,"adjective, noun",mobiles,"portable, movable","fixed, immobile","fully mobile, mobile unit"
mobile phone,A portable telephone that uses wireless technology to send and receive phone signals,điện thoại di động,He called me on his mobile phone.,"noun, proper noun",mobile phones,"cell phone, smartphone",none,"call on mobile phone, new mobile phone"
model,"A three-dimensional representation of a person or thing or of a proposed structure, typically on a smaller scale than the original",người mẫu,He built a model of the Eiffel Tower.,"noun, verb",models,"replica, prototype","original, real","build a model, model of"
modern,Relating to the present or recent times as opposed to the remote past,hiện đại,Modern technology is amazing.,"adjective, noun","modernize, modernizing, modernized","contemporary, current","ancient, old-fashioned","modern technology, modern life"
mom,Mother,mẹ,My mom is the best cook.,"noun, verb",moms,"mother, mama",none,"loving mom, best mom"
moment,A very brief period of time,chốc lát,I'll be back in a moment.,"noun, adverb",moments,"instant, second","eternity, forever","brief moment, take a moment"
Monday,The day of the week before Tuesday and following Sunday,Thứ hai,She will start her new job on Monday.,"noun, proper noun",Mondays,none,none,"next Monday, last Monday"
money,A current medium of exchange in the form of coins and banknotes; coins and banknotes collectively,tiền bạc,He saved his money for a new bike.,"noun, verb",monies,"cash, currency",none,"save money, spend money"
monitor,"An instrument or device used for observing, checking, or keeping a continuous record of a process or quantity",màn hình,He watched the heart monitor closely.,"noun, verb",monitors,"display, screen",none,"heart monitor, monitor closely"
month,Each of the twelve named periods into which a year is divided,tháng,They will visit next month.,"noun, verb",months,"calendar month, lunar month",none,"next month, last month"
mood,A temporary state of mind or feeling,tâm trạng,She is in a good mood.,"noun, verb",moods,"temper, disposition","indifference, apathy","good mood, bad mood"
moon,"The natural satellite of the earth, visible (chiefly at night) by reflected light from the sun",mặt trăng,The moon is full tonight.,"noun, verb",moons,"satellite, crescent",none,"full moon, crescent moon"
moral,Concerned with the principles of right and wrong behavior,có đạo đức,He has a strong moral sense.,"adjective, noun",morals,"ethical, virtuous","immoral, unethical","moral values, moral sense"
more,A greater or additional amount or degree,hơn,She needs more time to finish.,"adjective, pronoun",more,"additional, extra","less, fewer","more time, more information"
moreover,Besides; in addition to what has been said,Hơn thế nữa,"Moreover, he is always on time.",adverb,none,"furthermore, besides","however, nevertheless","moreover, furthermore"
morning,"The period of time between midnight and noon, especially from sunrise to noon",buổi sáng,She drinks coffee every morning.,"noun, adverb",mornings,"dawn, forenoon","evening, night","every morning, early morning"
most,"Greatest in amount, quantity, or degree",hầu hết,He has the most experience.,"adjective, noun",most,"greatest, highest","least, fewest","the most, most of"
mostly,Mainly; for the most part,hầu hết,She is mostly happy.,adverb,mostly,"mainly, chiefly","seldom, rarely","mostly sunny, mostly true"
mother,A woman in relation to her child or children,mẹ,My mother is a great cook.,"noun, verb",mothers,"mom, mama","father, dad","loving mother, new mother"
motion,The action or process of moving or being moved,cử động,The motion of the car made her sleepy.,"noun, verb",motions,"movement, mobility","stillness, immobility","in motion, motion of"
motor,"A machine, especially one powered by electricity or internal combustion, that supplies motive power for a vehicle or for another device with moving parts",động cơ,The car has a powerful motor.,"noun, verb",motors,"engine, generator",none,"electric motor, motor vehicle"
mount,"Climb up (stairs, a hill, or other rising surface)",gắn kết,They decided to mount the stairs.,"verb, noun","mounts, mounting, mounted","ascend, climb","descend, dismount","mount the stairs, mount a horse"
mountain,A large natural elevation of the earth's surface rising abruptly from the surrounding level; a large steep hill,núi,They hiked up the mountain.,"noun, verb",mountains,"peak, summit","valley, plain","high mountain, mountain range"
mouse,"A small rodent that typically has a pointed snout, relatively large ears and eyes, and a long tail",chuột,The mouse ran across the floor.,"noun, verb",mice,"rodent, mouse",none,"field mouse, computer mouse"
mouth,"The opening and cavity in the lower part of the human face, surrounded by the lips, through which food is taken in and vocal sounds are emitted",miệng,He opened his mouth to speak.,"noun, verb",mouths,"oral cavity, opening",none,"open mouth, full mouth"
move,Go in a specified direction or manner; change position,di chuyển,They decided to move to a new city.,"verb, noun","moves, moving, moved","shift, relocate","stay, remain","move to, move on"
movement,An act of changing physical location or position or of having this changed,sự chuyển động,There was a sudden movement in the bushes.,"noun, verb",movements,"motion, action","stillness, inactivity","sudden movement, freedom of movement"
movie,A story or event recorded by a camera as a set of moving images and shown in a theater or on television; a motion picture,bộ phim,They watched a movie last night.,"noun, verb",movies,"film, cinema",none,"watch a movie, movie theater"
Mrs,A title used before the surname or full name of a married woman,Bà,Mrs. Smith is my teacher.,"noun, proper noun",Mrs,none,none,"Mrs. Smith, dear Mrs."
Ms,A title used before the surname or full name of any woman regardless of her marital status,Bệnh đa xơ cứng,Ms. Johnson will attend the meeting.,"noun, proper noun",Ms,none,none,"Ms. Johnson, dear Ms."
much,A large amount,nhiều,There is much to learn.,"adjective, noun","more, most","many, numerous","little, few","much more, much of"
mud,"Soft, sticky matter resulting from the mixing of earth and water",bùn,The shoes were covered in mud.,"noun, verb","muddier, muddiest","sludge, mire",dryness,"covered in mud, thick mud"
multiply,Obtain from (a number) another that contains the first number a specified number of times,nhân lên,He learned to multiply numbers in school.,"verb, noun","multiplies, multiplying, multiplied","increase, proliferate","decrease, divide","multiply by, multiply numbers"
mum,Mother,mẹ,Mum is cooking dinner.,"noun, verb",mums,"mom, mama",none,"loving mum, my mum"
murder,The unlawful premeditated killing of one human being by another,giết người,He was arrested for murder.,"noun, verb",murders,"homicide, assassination","birth, creation","commit murder, murder case"
muscle,"A band or bundle of fibrous tissue in a human or animal body that has the ability to contract, producing movement in or maintaining the position of parts of the body",cơ bắp,She has strong muscles.,"noun, verb",muscles,"sinew, brawn",weakness,"strong muscle, build muscle"
museum,"A building in which objects of historical, scientific, artistic, or cultural interest are stored and exhibited",bảo tàng,We visited the art museum.,"noun, verb",museums,"gallery, exhibit",none,"visit a museum, museum exhibit"
music,"Vocal or instrumental sounds (or both) combined in such a way as to produce beauty of form, harmony, and expression of emotion",âm nhạc,He enjoys listening to music.,"noun, verb",musics,"melody, harmony","noise, cacophony","classical music, listen to music"
musical,Relating to music; having the qualities of music,âm nhạc,She is in a musical mood.,"adjective, noun",musicals,"melodic, harmonious",non-musical,"musical talent, musical instrument"
musician,"A person who plays a musical instrument, especially as a profession, or is musically talented",nhạc sĩ,The musician played beautifully.,"noun, verb",musicians,"performer, artist",non-musician,"professional musician, talented musician"
must,Be obliged to; should (expressing necessity),phải,You must finish your homework.,"verb, noun",musts,"have to, need to",none,"must do, must be"
my,Belonging to or associated with the speaker,Của tôi,That is my book.,"pronoun, adjective",myself,mine,your,"my book, my friend"
myself,Used by a speaker to refer to himself or herself as the object of a verb or preposition,bản thân tôi,I made it myself.,pronoun,myself,me,yourself,"by myself, for myself"
mysterious,"Difficult or impossible to understand, explain, or identify",bí ẩn,The disappearance was mysterious.,"adjective, noun",mysteriously,"enigmatic, puzzling","clear, obvious","mysterious disappearance, mysterious person"
mystery,Something that is difficult or impossible to understand or explain,bí ẩn,The case remains a mystery.,"noun, verb",mysteries,"puzzle, enigma","explanation, solution","solve the mystery, mystery novel"
nail,"A small metal spike with a broadened flat head, driven into wood to join things together or to serve as a hook",móng tay,He hammered the nail into the wall.,"noun, verb",nails,"spike, pin",screw,"hammer a nail, nail in"
naked,Without clothes,khỏa thân,She was embarrassed to be seen naked.,"adjective, verb",nakedness,"bare, unclothed","clothed, dressed","naked body, naked eye"
name,"A word or set of words by which a person or thing is known, addressed, or referred to",tên,What's your name?,"noun, verb",names,"designation, title",none,"full name, family name"
narrow,Of small width in relation to length,chật hẹp,The street is very narrow.,"adjective, verb","narrower, narrowest","tight, limited","wide, broad","narrow street, narrow path"
nation,"A large body of people united by common descent, history, culture, or language, inhabiting a particular state or territory",Quốc gia,The nation celebrated its independence day.,"noun, adjective",nations,"country, state",none,"independent nation, strong nation"
national,Relating to or characteristic of a nation; common to a whole nation,quốc gia,He works for the national government.,"adjective, noun",nationals,"domestic, federal","international, global","national holiday, national news"
natural,Existing in or derived from nature; not made or caused by humankind,tự nhiên,She prefers natural light.,"adjective, noun",naturals,"organic, pure","artificial, man-made","natural light, natural beauty"
naturally,In a natural manner; by nature,một cách tự nhiên,"Naturally, she was excited about the news.",adverb,naturalness,"normally, usually",unnaturally,"naturally gifted, naturally occurring"
nature,"The phenomena of the physical world collectively, including plants, animals, the landscape, and other features and products of the earth, as opposed to humans or human creations",thiên nhiên,She loves being in nature.,"noun, verb",natures,"environment, wilderness","urban, city","love nature, nature reserve"
navy,The branch of a nation's armed services that conducts military operations at sea,hải quân,He joined the navy.,"noun, adjective",navies,"fleet, armada",none,"join the navy, navy officer"
near,At or to a short distance away; close to,gần,She lives near the school.,"adverb, adjective","nearer, nearest","close, adjacent","far, distant","live near, near the school"
nearby,Not far away; close by,gần đó,There is a park nearby.,"adjective, adverb",nearby,"close by, near","far away, distant","park nearby, nearby restaurant"
nearly,Very close to; almost,gần như,He nearly missed the bus.,adverb,nearly,"almost, virtually","completely, entirely","nearly missed, nearly done"
neat,"Arranged in an orderly, tidy way",gọn gàng,His room is always neat.,"adjective, verb","neater, neatest","tidy, orderly","messy, untidy","neat and tidy, keep neat"
neatly,In a neat way,gọn gàng,She writes neatly.,adverb,neatly,"tidily, cleanly",messily,"write neatly, dress neatly"
necessary,"Required to be done, achieved, or present; needed; essential",cần thiết,It's necessary to wear a helmet.,"adjective, noun",necessaries,"essential, required","unnecessary, optional","necessary for, absolutely necessary"
neck,The part of a person's or animal's body connecting the head to the rest of the body,cổ ,He has a stiff neck.,"noun, verb",necks,"cervix, nape",none,"stiff neck, neck pain"
need,Require (something) because it is essential or very important,nhu cầu,I need some help.,"verb, noun","needs, needing, needed","require, want",none,"need help, need to"
needle,"A very fine, slender piece of metal with a point at one end and a hole (or eye) for thread at the other, used in sewing",cây kim,She threaded the needle.,"noun, verb",needles,"pin, sharp",none,"thread the needle, sewing needle"
negative,Consisting in or characterized by the absence rather than the presence of distinguishing features,tiêu cực,He had a negative attitude.,"adjective, noun",negatives,"pessimistic, adverse","positive, favorable","negative attitude, negative result"
negotiate,Obtain or bring about by discussion,thương lượng,They are trying to negotiate a deal.,"verb, noun","negotiates, negotiating, negotiated","discuss, bargain","ignore, avoid","negotiate a deal, negotiate terms"
neighbor,A person living near or next door to the speaker or person referred to,hàng xóm,Her neighbor is very friendly.,"noun, verb",neighbors,"adjacent, nearby",stranger,"friendly neighbor, next-door neighbor"
neither,Not the one nor the other of two people or things; not either,không,Neither of them knew the answer.,"conjunction, adverb",neither,none,both,"neither of, neither one"
nerve,"A whitish fiber or bundle of fibers in the body that transmits impulses of sensation to the brain or spinal cord, and impulses from these to the muscles and organs",dây thần kinh,He damaged a nerve in his hand.,"noun, verb",nerves,"fiber, neuron",none,"nerve damage, nerve cell"
nervous,Easily agitated or alarmed,lo lắng,She felt nervous before the exam.,"adjective, noun",nervousness,"anxious, uneasy","calm, confident","feel nervous, nervous about"
nervously,In an anxious or apprehensive manner,bồn chồn,He waited nervously for the results.,adverb,nervously,"anxiously, apprehensively","calmly, confidently","wait nervously, laugh nervously"
nest,A structure or place made or chosen by a bird for laying eggs and sheltering its young,tổ,The bird built a nest in the tree.,"noun, verb",nests,"burrow, den",none,"bird's nest, build a nest"
net,"A piece of open-meshed material made of twine, cord, or something similar, used typically for catching fish or other animals",mạng lưới,He used a net to catch fish.,"noun, verb",nets,"mesh, lattice",solid,"fishing net, safety net"
network,A group or system of interconnected people or things,mạng,The company has a large network of suppliers.,"noun, verb",networks,"system, web",none,"social network, computer network"
never,At no time in the past or future; not ever,không bao giờ,He never gives up.,adverb,never,"not ever, at no time","always, forever","never give up, never know"
new,"Not existing before; made, introduced, or discovered recently or now for the first time",mới,She bought a new car.,"adjective, noun","newer, newest","recent, fresh","old, ancient","new car, new idea"
newly,Very recently,mới,The newlyweds are happy.,adverb,newly,"recently, freshly","formerly, previously","newly married, newly built"
news,"Newly received or noteworthy information, especially about recent events",tin tức,He reads the news every morning.,"noun, verb",news,"information, report",none,"read the news, news report"
newspaper,"A printed publication (usually issued daily or weekly) consisting of folded unstapled sheets and containing news, articles, advertisements, and correspondence",báo,She works for a newspaper.,"noun, verb",newspapers,"daily, periodical",none,"daily newspaper, read the newspaper"
next,"Coming immediately after the present one in order, rank, or space",Kế tiếp,We'll talk next time.,"adjective, noun",nexts,"following, subsequent","previous, former","next time, next week"
nice,Pleasant; agreeable; satisfactory,Đẹp,She is a nice person.,"adjective, noun","nicer, nicest","pleasant, kind","mean, unpleasant","nice person, nice place"
nicely,In a pleasant manner,độc đáo,The job was done nicely.,adverb,nicely,"pleasantly, kindly","rudely, poorly","done nicely, behave nicely"
night,The period of darkness in each twenty-four hours; the time from sunset to sunrise,đêm,They go out at night.,"noun, adjective",nights,"darkness, evening","day, daylight","at night, late at night"
nine,"Equivalent to the product of three and three; one more than eight, or one less than ten; 9",chín,She has nine books.,"noun, adjective",ninth,none,none,"nine o'clock, nine years"
nineteen,"Equivalent to the product of nine and ten; one more than eighteen, or one less than twenty; 19",mười chín,He turned nineteen today.,"noun, adjective",nineteenth,none,none,"nineteen years, nineteen years old"
ninety,"The number equivalent to the product of nine and ten; one more than eighty-nine, or ten less than one hundred; 90",chín mươi,She counted to ninety.,"noun, adjective",ninetieth,none,none,"ninety percent, ninety days"
ninth,Constituting number nine in a sequence; 9th,thứ chín,She finished ninth in the race.,"adjective, noun",ninth,9th,none,"ninth place, ninth floor"
no,Not any,KHÔNG,"No, I don't want any.","adverb, noun",nos,not,yes,"no way, no problem"
nobody,No person; no one,không ai,Nobody was there.,pronoun,nobodies,"no one, none","someone, everybody","nobody knew, nobody cares"
noise,"A sound, especially one that is loud or unpleasant or that causes disturbance",tiếng ồn,The noise was unbearable.,"noun, verb",noises,"sound, din","silence, quiet","loud noise, noise level"
noisy,Making or given to making a lot of noise,ồn ào,The room was noisy.,"adjective, noun","noisier, noisiest","loud, boisterous","quiet, silent","noisy room, noisy crowd"
none,Not any,không có,None of the answers are correct.,pronoun,none,"nothing, zero","some, any","none of, none left"
nonsense,Spoken or written words that have no meaning or make no sense,điều vô lý,His explanation was nonsense.,"noun, verb",none,"rubbish, baloney","sense, logic","talk nonsense, utter nonsense"
nor,Used to introduce a further negative statement,cũng không,Neither the teacher nor the student knew the answer.,conjunction,nors,neither,and,"neither nor, nor do I"
normal,"Conforming to a standard; usual, typical, or expected",Bình thường,Everything is back to normal.,"adjective, noun",normally,"usual, typical","abnormal, unusual","normal life, normal day"
normally,Under normal or usual conditions,thông thường,She normally arrives at 8 AM.,adverb,normal,"usually, generally","abnormally, rarely","normally do, normally work"
north,"The direction in which a compass needle normally points, toward the horizon on the left-hand side of a person facing the rising sun",phía bắc,The birds fly north in the summer.,"noun, adjective","northward, northerly",none,south,"north of, head north"
northern,"Situated in the north, or directed toward or facing the north",phương bắc,They live in the northern part of the city.,"adjective, noun",northernmost,"northerly, polar",southern,"northern part, northern region"
nose,"The part projecting above the mouth on the face of a person or animal, containing the nostrils and used for breathing and smelling",mũi,He has a big nose.,"noun, verb",noses,"snout, nostrils",none,"big nose, runny nose"
not,Used with an auxiliary verb or â€œbeâ€ to form the negative,không,She is not coming to the party.,"adverb, conjunction",not,no,yes,"not going, not sure"
note,"A brief record of facts, topics, or thoughts, written down as an aid to memory",ghi chú,He took note of the changes.,"noun, verb",notes,"memo, reminder",none,"take note, note down"
nothing,Not anything; no single thing,Không có gì,There is nothing to worry about.,pronoun,nothingness,none,"everything, anything","nothing to do, nothing much"
notice,The fact of observing or paying attention to something,để ý,Did you notice the difference?,"verb, noun",notices,"observe, perceive","ignore, overlook","did you notice, notice the difference"
noticeable,Easily seen or noticed; clear or apparent,đáng chú ý,The change was noticeable.,"adjective, noun",noticeably,"visible, evident","invisible, unnoticed","noticeable change, noticeable improvement"
novel,"A fictitious prose narrative of book length, typically representing character and action with some degree of realism",cuốn tiểu thuyết,She wrote a new novel.,"noun, verb",novels,"book, story","nonfiction, reality","write a novel, new novel"
November,"The eleventh month of the year, in the northern hemisphere usually considered the last month of autumn",Tháng mười một,The weather gets colder in November.,"noun, proper noun",Novembers,none,none,"in November, November 1st"
now,At the present moment,Hiện nay,She is leaving now.,"adverb, conjunction",nowadays,"currently, presently",then,"right now, now is the time"
nowhere,Not in or to any place; not anywhere,hư không,The keys are nowhere to be found.,"adverb, noun",nowhere,not anywhere,everywhere,"found nowhere, go nowhere"
nuclear,Relating to the nucleus of an atom,hạt nhân,They are discussing nuclear energy.,"adjective, noun",nuclearly,"atomic, atomic-powered",non-nuclear,"nuclear power, nuclear energy"
number,"An arithmetical value, expressed by a word, symbol, or figure, representing a particular quantity and used in counting and making calculations",con số,What's your phone number?,"noun, verb",numbers,"digit, figure",none,"phone number, large number"
numerous,Great in number; many,nhiều,He has numerous friends.,adjective,numerously,"many, several","few, limited","numerous occasions, numerous times"
nurse,"A person trained to care for the sick or infirm, especially in a hospital",y tá,The nurse took my temperature.,"noun, verb",nurses,"caregiver, attendant",patient,"registered nurse, nurse practitioner"
nut,A hard-shelled fruit of some plants,hạt,She cracked a nut open.,"noun, verb",nuts,"kernel, seed",none,"crack a nut, eat a nut"
obey,"Comply with the command, direction, or request of (a person or a law); submit to the authority of",tuân theo,Children should obey their parents.,"verb, noun","obeys, obeying, obeyed","follow, comply","disobey, defy","obey the law, obey rules"
object,A material thing that can be seen and touched,sự vật,He pointed to the object on the table.,"noun, verb",objects,"thing, item",none,"unknown object, strange object"
objective,A thing aimed at or sought; a goal,khách quan,Her main objective is to improve her skills.,"noun, adjective",objectives,"goal, target",none,"main objective, primary objective"
observation,The action or process of observing something or someone carefully or in order to gain information,quan sát,The observation was noted in the report.,"noun, verb",observations,"monitoring, scrutiny","ignorance, neglect","close observation, careful observation"
observe,Notice or perceive (something) and register it as being significant,quan sát,He observed the changes carefully.,"verb, noun","observes, observing, observed","watch, monitor","overlook, ignore","observe carefully, observe the changes"
obtain,"Get, acquire, or secure (something)",đạt được,She managed to obtain a loan.,"verb, adjective","obtains, obtaining, obtained","acquire, secure","lose, relinquish","obtain a loan, obtain information"
obvious,"Easily perceived or understood; clear, self-evident, or apparent",rõ ràng,It was obvious that he was lying.,"adjective, noun",obviously,"clear, evident","unclear, ambiguous","obvious reason, obvious answer"
obviously,In a way that is easily perceived or understood; clearly,rõ ràng,He is obviously not interested.,adverb,obviousness,"clearly, evidently",unclearly,"obviously true, obviously false"
occasion,A particular time or instance of an event,dịp,They met on the occasion of her birthday.,"noun, verb",occasions,"event, instance",none,"special occasion, on the occasion"
occasional,"Occurring, appearing, or done infrequently and irregularly",thỉnh thoảng,She makes occasional visits to the library.,"adjective, noun",occasionally,"infrequent, sporadic","frequent, regular","occasional visit, occasional rain"
occasionally,At infrequent or irregular intervals; now and then,thỉnh thoảng,They occasionally go hiking.,adverb,occasions,"sometimes, intermittently","frequently, regularly","occasionally visit, occasionally go"
occupation,A job or profession,nghề nghiệp,He listed his occupation as a teacher.,"noun, verb",occupations,"job, profession","unemployment, idleness","current occupation, list your occupation"
occupy,Reside or have one's place of business in (a building),chiếm đóng,They occupy the apartment on the top floor.,"verb, noun","occupies, occupying, occupied","inhabit, reside","vacate, leave","occupy a place, occupy the space"
occur,Happen; take place,xảy ra,The event will occur tomorrow.,"verb, noun","occurs, occurring, occurred","happen, take place","cease, stop","occur frequently, occur naturally"
ocean,"A very large expanse of sea, in particular each of the main areas into which the sea is divided geographically",đại dương,They sailed across the ocean.,"noun, verb",oceans,"sea, water",land,"Atlantic Ocean, vast ocean"
o'clock,Used to specify the hour in telling time,giờ,The meeting is at three o'clock.,noun,o'clock,none,none,"three o'clock, one o'clock"
October,"The tenth month of the year, in the northern hemisphere usually considered the second month of autumn",tháng mười,The leaves fall in October.,"noun, proper noun",Octobers,none,none,"October weather, in October"
odd,Different from what is usual or expected; strange,số lẻ,He has some odd habits.,"adjective, noun",odds,"strange, peculiar","normal, usual","odd behavior, odd number"
oddly,In a way that is different from what is usual or expected; strangely,kỳ quặc,She was oddly quiet.,adverb,oddness,"strangely, peculiarly",normally,"oddly enough, oddly quiet"
of,Expressing the relationship between a part and a whole,của,He is a man of great wisdom.,preposition,of,belonging to,none,"man of, part of"
off,Away from the place in question; to or at a distance,tắt,The light is off.,"adverb, preposition",offs,"away, down","on, toward","turn off, take off"
offence,A breach of a law or rule; an illegal act,sự xúc phạm,He was charged with a serious offence.,"noun, verb",offences,"crime, wrongdoing",none,"commit an offence, serious offence"
offend,"Cause to feel upset, annoyed, or resentful",xúc phạm,He didn't mean to offend you.,"verb, noun","offends, offending, offended","insult, upset","please, delight","offend someone, deeply offend"
offense,A breach of a law or rule; an illegal act,sự xúc phạm,He was arrested for a minor offense.,"noun, verb",offenses,"crime, breach",none,"commit an offense, minor offense"
offensive,"Causing someone to feel deeply hurt, upset, or angry",xúc phạm,The comment was highly offensive.,"adjective, noun",offensively,"insulting, rude","polite, pleasing","offensive remark, highly offensive"
offer,Present or proffer (something) for (someone) to accept or reject as so desired,lời đề nghị,She offered him a drink.,"verb, noun","offers, offering, offered","propose, present","refuse, reject","offer help, offer a deal"
office,"A room, set of rooms, or building used as a place for commercial, professional, or bureaucratic work",văn phòng,She works in an office downtown.,"noun, verb",offices,"workplace, bureau",none,"work in an office, office job"
officer,"A person holding a position of command or authority in the armed services, in the police, or in a public office",sĩ quan,The officer gave the order.,"noun, verb",officers,"commander, chief","subordinate, private","police officer, army officer"
official,"Relating to an authority or public body and its duties, actions, and responsibilities",chính thức,She holds an official position.,"adjective, noun",officials,"authorized, formal","unofficial, informal","official statement, official report"
officially,In a formal and public way,chính thức,The policy was officially approved.,adverb,officialness,"formally, publicly",unofficially,"officially announced, officially declared"
often,Frequently; many times,thường,She visits us often.,adverb,"oftener, oftenest","frequently, regularly","rarely, seldom","visit often, often see"
oh,"Used to express a range of emotions including surprise, excitement, and sadness",Ồ,"Oh, I didn't see you there!",interjection,oh,"ah, wow",none,"oh no, oh well"
oil,"A viscous liquid derived from petroleum, especially for use as a fuel or lubricant",dầu,The engine needs oil.,"noun, verb",oils,"petroleum, lubricant",water,"oil spill, cooking oil"
old,Having lived for a long time; no longer young,cũ,He is an old man.,"adjective, noun","older, oldest","aged, elderly","young, new","old age, old friend"
on,Physically in contact with and supported by (a surface),TRÊN,The book is on the table.,"preposition, adverb",ons,"upon, over",off,"on the table, on top"
once,On one occasion or for one time only,một lần,She called me once.,"adverb, noun",onces,"one time, single time",multiple times,"once a day, once again"
one,The lowest cardinal number; half of two; 1,một,One apple is left.,"noun, adjective",ones,"single, lone",none,"one person, one more"
onion,"A swollen edible bulb used as a vegetable, having a pungent taste and smell and composed of several concentric layers",củ hành,Chop the onion finely.,"noun, verb",onions,"vegetable, bulb",none,"chop an onion, onion rings"
online,Controlled by or connected to a computer,trực tuyến,She is always online.,"adjective, adverb",online,"connected, wired","offline, disconnected","online shopping, online class"
only,And no one or nothing more besides; solely,chỉ một,It's only a matter of time.,"adverb, adjective",onliest,"solely, exclusively",more,"only child, only one"
onto,To a position on the surface of,lên,She climbed onto the roof.,preposition,ontos,"upon, over",off,"climb onto, onto the roof"
open,"Allowing access, passage, or a view through an empty space; not closed or blocked",mở,The door is open.,"adjective, verb",opens,"unblocked, unlocked","closed, shut","open door, open window"
operate,"(of a machine, process, or system) function in a specified manner",vận hành,The machine operates smoothly.,"verb, noun","operates, operating, operated","function, work","stop, halt","operate machinery, operate efficiently"
operation,The fact or condition of functioning or being active,hoạt động,The operation was successful.,"noun, verb",operations,"procedure, action","inactivity, idleness","successful operation, surgical operation"
opinion,"A view or judgment formed about something, not necessarily based on fact or knowledge",ý kiến,"In my opinion, it's too expensive.","noun, verb",opinions,"view, belief","fact, certainty","in my opinion, public opinion"
opportunity,A set of circumstances that makes it possible to do something,cơ hội,She seized the opportunity.,"noun, verb",opportunities,"chance, possibility","miss, loss","great opportunity, seize the opportunity"
oppose,"Disagree with and attempt to prevent, especially by argument",phản đối,They oppose the new policy.,"verb, noun","opposes, opposing, opposed","resist, defy","support, accept","oppose the plan, strongly oppose"
opposite,"Having a position on the other or further side of something; facing something, especially something of the same type",đối diện,She sat opposite him.,"adjective, noun",opposites,"facing, across from","same, adjacent","opposite direction, opposite side"
opposition,"Resistance or dissent, expressed in action or argument",sự phản đối,There is strong opposition to the plan.,"noun, verb",oppositions,"resistance, dissent","support, agreement","strong opposition, face opposition"
option,A thing that is or may be chosen,lựa chọn,You have two options.,"noun, verb",options,"choice, alternative","obligation, necessity","have an option, choose an option"
or,Used to link alternatives,hoặc,Do you want tea or coffee?,conjunction,ors,"either, alternatively",and,"tea or coffee, black or white"
orange,A round juicy citrus fruit with a tough bright reddish-yellow rind,quả cam,She peeled the orange.,"noun, adjective",oranges,"citrus, tangerine",none,"peel an orange, orange juice"
order,Give an authoritative direction or instruction to do something,đặt hàng,She ordered a coffee.,"verb, noun","orders, ordering, ordered","command, direct","request, ask","give an order, order food"
ordinary,With no special or distinctive features; normal,bình thường,He led an ordinary life.,"adjective, noun",ordinaries,"normal, usual","extraordinary, special","ordinary day, ordinary people"
organization,"An organized body of people with a particular purpose, especially a business, society, association, etc.",tổ chức,She works for a non-profit organization.,"noun, verb",organizations,"institution, group","disorganization, chaos","non-profit organization, large organization"
organize,Arrange into a structured whole; order,tổ chức,They organized a meeting.,"verb, noun","organizes, organizing, organized","arrange, coordinate","disorganize, disorder","organize a meeting, organize an event"
organized,Arranged or structured in a systematic way,được tổ chức,The files were well organized.,"adjective, verb",organizes,"systematic, methodical","chaotic, unorganized","well organized, organized person"
origin,"The point or place where something begins, arises, or is derived",nguồn gốc,The origin of the word is Latin.,"noun, verb",origins,"source, root","end, result","place of origin, country of origin"
original,Present or existing from the beginning; first or earliest,nguyên bản,This is an original painting.,"adjective, noun",originals,"first, initial","fake, imitation","original idea, original painting"
originally,From or in the beginning; at first,ban đầu,The building was originally a factory.,adverb,originally,"initially, at first",secondarily,"originally built, originally intended"
other,Used to refer to a person or thing that is different or distinct from one already mentioned or known,khác,She has other plans.,"adjective, pronoun",others,"additional, alternative","same, identical","other plans, other people"
otherwise,In circumstances different from those present or considered; or else,nếu không thì,"We must hurry; otherwise, we'll be late.",adverb,none,"else, if not","therefore, consequently","hurry up, otherwise"
ought to,"Used to indicate duty or correctness, typically when criticizing someone's actions",nên,You ought to apologize.,modal verb,none,"should, must",none,"ought to be, ought to do"
our,Belonging to or associated with the speaker and one or more other people previously mentioned or easily identified,của chúng tôi,This is our house.,pronoun,ours,belonging to us,none,"our house, our car"
ours,Belonging to or associated with the speaker and one or more other people,của chúng tôi,The decision is ours.,pronoun,ours,ourselves,none,"decision is ours, it's ours"
ourselves,Used by a speaker to refer to himself or herself and one or more other people as the object of a verb or preposition when they are also the subject of the clause,chính chúng ta,We did it ourselves.,pronoun,ourselves,ourselves,none,"by ourselves, for ourselves"
out,"Moving or appearing to move away from a particular place, especially one that is enclosed or hidden",ngoài,She went out to get some fresh air.,"adverb, preposition",outs,"outside, away","in, inside","go out, out of"
outdoor,"Situated, occurring, or done outside, rather than in a building",ngoài trời,They enjoy outdoor activities.,"adjective, noun",outdoors,"open-air, exterior","indoor, interior","outdoor activities, outdoor games"
outdoors,"In, into, or toward the open air",ngoài trời,We decided to eat outdoors.,"adverb, noun",outdoors,"outside, in the open","inside, indoors","go outdoors, eat outdoors"
outer,Situated on or toward the outside,bên ngoài,The outer layer is damaged.,"adjective, noun",outers,"external, outside","inner, internal","outer layer, outer space"
outline,A general description or plan giving the essential features of something but not the detail,phác thảo,He provided an outline of the plan.,"noun, verb",outlines,"summary, sketch",detail,"provide an outline, general outline"
outside,The external side or surface of something,ngoài,They waited outside.,"adjective, adverb",outsides,"exterior, exterior part","inside, interior","wait outside, outside the house"
over,Extending directly upward from,qua,The bird flew over the house.,"preposition, adverb",overs,"above, on","under, below","over the hill, over time"
overall,Taking everything into account,tổng thể,"Overall, the project was a success.","adjective, noun",overalls,"general, comprehensive","specific, particular","overall effect, overall performance"
overcome,Succeed in dealing with (a problem or difficulty),vượt qua,He managed to overcome his fear.,"verb, noun","overcomes, overcoming, overcame","conquer, defeat","surrender, fail","overcome obstacles, overcome fear"
owe,"Have an obligation to pay or repay (something, especially money) in return for something received",nợ,She owes me money.,"verb, noun","owes, owing, owed","debt, repay",none,"owe money, owe a debt"
own,Belonging to oneself or itself,sở hữu,He has his own car.,"adjective, verb","owns, owning, owned","possess, hold",none,"own property, own up"
owner,A person who owns something,người sở hữu,She is the owner of the shop.,"noun, verb",owners,"proprietor, holder",none,"shop owner, property owner"
oxygen,"A colorless, odorless reactive gas, the chemical element of atomic number 8 and the life-supporting component of the air",ôxy,Plants produce oxygen.,"noun, verb",oxygenated,none,none,"oxygen supply, oxygen level"
pack,"Fill (a suitcase or bag), especially with clothes and other items needed when away from home",đóng gói,She needs to pack her suitcase.,"verb, noun","packs, packing, packed","prepare, bundle",unpack,"pack a bag, pack luggage"
package,An object or group of objects wrapped in paper or packed in a box,bưu kiện,The package arrived on time.,"noun, verb",packages,"parcel, box",none,"mail a package, receive a package"
page,"One or both sides of a sheet of paper in a book, magazine, newspaper, or other collection of bound sheets",trang,Please turn to page 20.,"noun, verb",pages,"sheet, leaf",none,"page number, turn the page"
pain,Physical suffering or discomfort caused by illness or injury,nỗi đau,He felt a sharp pain in his leg.,"noun, verb","pains, painful, painlessly","ache, discomfort","pleasure, comfort","sharp pain, feel pain"
painful,Causing physical pain,đau đớn,The injury was very painful.,"adjective, noun",painfully,"aching, hurting","painless, comfortable","very painful, painful experience"
paint,A colored substance that is spread over a surface and dries to leave a thin decorative or protective coating,sơn,She chose a bright color to paint her room.,"noun, verb","paints, painting, painted","color, coat",none,"paint a wall, paint a picture"
painter,"A person who paints, especially as a job or hobby",họa sĩ,The painter worked on the mural for days.,"noun, verb",painters,"artist, decorator",none,"famous painter, house painter"
painting,"The process or art of using paint, in a picture, as a protective coating, or as decoration",bức vẽ,She admired the painting.,"noun, verb",paintings,"artwork, picture",none,"admire a painting, create a painting"
pair,A set of two things used together or regarded as a unit,đôi,I bought a new pair of shoes.,"noun, verb",pairs,"couple, set",none,"pair of shoes, pair of socks"
pale,Light in color or having little color,tái nhợt,Her face turned pale.,"adjective, verb","paler, palest","light, wan","dark, colorful","pale face, pale skin"
pan,A metal container used for cooking food in,chảo,She cooked the pasta in a large pan.,"noun, verb",pans,"skillet, dish",none,"frying pan, large pan"
pants,Trousers,quần dài,He wore his favorite pants.,noun,pants,"trousers, slacks",none,"wear pants, new pants"
paper,"Material manufactured in thin sheets from the pulp of wood or other fibrous substances, used for writing, drawing, or printing on, or as wrapping material",giấy,He wrote his notes on paper.,"noun, verb",papers,"parchment, sheet",none,"write on paper, sheet of paper"
parent,A father or mother,cha mẹ,Her parents are very supportive.,"noun, verb",parents,"guardian, mother or father","child, offspring","supportive parent, single parent"
park,"A large public green area in a town, used for recreation",công viên,They went for a walk in the park.,"noun, verb",parks,"playground, green space",none,"walk in the park, national park"
parking,The action or practice of temporarily leaving a vehicle in a particular place,bãi đậu xe,Parking is difficult in this area.,"noun, verb",parkings,"car park, parking area",none,"parking space, parking lot"
part,A piece or segment of something,phần,She took part of the cake.,"noun, verb",parts,"section, piece","whole, entirety","take part, part of"
participant,A person who takes part in something,người tham gia,Each participant must register.,"noun, verb",participants,"member, entrant",non-participant,"active participant, registered participant"
participate,Take part in an action or endeavor,tham gia,He decided to participate in the race.,"verb, noun","participates, participating, participated","join, take part",none,"participate in an event, participate fully"
particular,Used to single out an individual member of a specified group or class,cụ thể,He paid attention to the particular details.,"adjective, noun",particulars,"specific, certain","general, common","particular interest, particular reason"
particularly,To a higher degree than is usual or average,cụ thể,She particularly enjoyed the movie.,adverb,particulars,"especially, notably",generally,"particularly enjoyed, particularly liked"
partly,To some extent; not completely,một phần,The plan is partly finished.,adverb,partlys,"somewhat, partially","completely, entirely","partly cloudy, partly true"
partner,Either of a pair of people engaged together in the same activity,cộng sự,She is his business partner.,"noun, verb",partners,"colleague, associate","rival, opponent","business partner, life partner"
party,"A social gathering of invited guests, typically involving eating, drinking, and entertainment",buổi tiệc,They hosted a birthday party.,"noun, verb",parties,"celebration, gathering","work, task","birthday party, surprise party"
pass,Move or cause to move in a specified direction,vượt qua,She passed the test.,"verb, noun","passes, passing, passed","move, go","fail, stop","pass a test, pass by"
passage,"The act or process of moving through, under, over, or past something on the way from one place to another",đoạn văn,The passage was narrow.,"noun, verb",passages,"transit, travel","blockage, barrier","narrow passage, safe passage"
passenger,"A traveler on a public or private conveyance other than the driver, pilot, or crew",hành khách,The passenger boarded the bus.,"noun, verb",passengers,"traveler, rider","driver, pilot","bus passenger, train passenger"
passing,Going past,đi qua,He nodded in passing.,"verb, noun",passings,"bypassing, going by",none,"in passing, passing by"
passion,Strong and barely controllable emotion,niềm đam mê,She has a passion for music.,"noun, verb",passions,"enthusiasm, fervor","indifference, apathy","passion for, full of passion"
past,Gone by in time and no longer existing,quá khứ,They talked about the past.,"noun, adjective",pasts,"former, previous","future, present","in the past, past tense"
path,A way or track laid down for walking or made by continual treading,con đường,They walked along the path.,"noun, verb",paths,"track, way","roadblock, obstacle","walk along the path, follow the path"
patient,"Able to accept or tolerate delays, problems, or suffering without becoming annoyed or anxious",kiên nhẫn,She was very patient with the children.,"adjective, noun",patients,"tolerant, enduring","impatient, intolerant","very patient, patient with"
pattern,A repeated decorative design,mẫu,The dress has a floral pattern.,"noun, verb",patterns,"design, motif",none,"floral pattern, design pattern"
pause,A temporary stop in action or speech,tạm dừng,She took a pause before continuing.,"noun, verb","pauses, pausing, paused","break, stop","continuation, go","take a pause, pause button"
pay,"Give (someone) money that is due for work done, goods received, or a debt incurred",chi trả,He pays his bills on time.,"verb, noun","pays, paying, paid","compensate, settle","charge, withhold","pay a bill, pay for"
payment,"The action or process of paying someone or something, or of being paid",sự chi trả,The payment was made in cash.,"noun, verb",payments,"compensation, remittance",none,"make a payment, receive payment"
peace,Freedom from disturbance; tranquility,hòa bình,They lived in peace.,"noun, verb",peaces,"calm, harmony","conflict, war","live in peace, world peace"
peaceful,Free from disturbance; tranquil,hoà bình,The village is very peaceful.,"adjective, noun",peacefully,"calm, tranquil","chaotic, disturbed","peaceful village, peaceful life"
peak,The pointed top of a mountain,đỉnh cao,They reached the peak of the mountain.,"noun, verb",peaks,"summit, top","base, bottom","mountain peak, peak season"
pen,An instrument for writing or drawing with ink,cái bút,She signed the document with a pen.,"noun, verb",pens,writing instrument,none,"ink pen, ballpoint pen"
pencil,"An instrument for writing or drawing, typically consisting of a thin stick of graphite or a similar substance enclosed in a long thin piece of wood or fixed in a metal or plastic case",bút chì,He drew a picture with a pencil.,"noun, verb",pencils,writing tool,none,"sharpen a pencil, draw with a pencil"
people,Human beings in general or considered collectively,mọi người,Many people attended the concert.,"noun, verb",peoples,"humans, individuals",none,"many people, young people"
pepper,"A pungent hot-tasting powder prepared from dried and ground peppercorns, used as a spice or condiment to flavor food",hạt tiêu,She added pepper to the soup.,"noun, verb",peppers,"seasoning, spice",none,"black pepper, add pepper"
per,For each (used with units to express a rate),mỗi,He earns $50 per hour.,preposition,none,for each,none,"per hour, per person"
percent,One part in every hundred,phần trăm,She scored 90 percent on the test.,"noun, adjective",percents,out of a hundred,none,"ten percent, percent of"
perfect,"Having all the required or desirable elements, qualities, or characteristics; as good as it is possible to be",hoàn hảo ,The painting is perfect.,"adjective, noun",perfection,"flawless, ideal","imperfect, flawed","perfect day, perfect score"
perfectly,In a perfect manner,hoàn hảo,She sang perfectly.,adverb,perfectly,"flawlessly, ideally",imperfectly,"perfectly well, perfectly clear"
perform,"Carry out, accomplish, or fulfill (an action, task, or function)",trình diễn,They performed the play last night.,"verb, noun","performs, performing, performed","execute, accomplish","neglect, fail","perform a task, perform a play"
performance,"An act of staging or presenting a play, concert, or other form of entertainment",hiệu suất,The performance was outstanding.,"noun, verb",performances,"show, presentation",none,"excellent performance, live performance"
performer,A person who entertains an audience,người biểu diễn,The performer received a standing ovation.,"noun, verb",performers,"entertainer, artist",none,"talented performer, street performer"
perhaps,Used to express uncertainty or possibility,có lẽ,Perhaps we can go tomorrow.,adverb,none,"maybe, possibly","certainly, surely","perhaps we can, perhaps not"
period,A length or portion of time,Giai đoạn,It was a difficult period in his life.,"noun, adjective",periods,"time, duration","moment, instant","time period, menstrual period"
permanent,Lasting or intended to last or remain unchanged indefinitely,Vĩnh viễn,They have a permanent residence.,"adjective, noun",permanently,"everlasting, enduring","temporary, transient","permanent residence, permanent job"
permission,Consent; authorization,sự cho phép,She gave her permission to leave early.,"noun, verb",permissions,"consent, authorization","refusal, denial","give permission, seek permission"
permit,Officially allow (someone) to do something,cho phép làm gì,They were permitted to enter the building.,"verb, noun","permits, permitting, permitted","allow, authorize","prohibit, forbid","permit entry, permit access"
person,A human being regarded as an individual,người,He is a kind person.,"noun, verb",persons,"individual, human",none,"kind person, person of interest"
personal,Belonging to or affecting a particular person rather than anyone else,riêng tư,She shared her personal thoughts.,"adjective, noun","personalize, personalizing, personalized","private, intimate","public, general","personal opinion, personal space"
personality,The combination of characteristics or qualities that form an individual's distinctive character,nhân cách,She has a cheerful personality.,"noun, adjective",personalities,"character, temperament",none,"charming personality, split personality"
personally,With the personal presence or action of the individual specified,cá nhân,I will do it personally.,adverb,none,by oneself,none,"personally involved, personally responsible"
persuade,Cause (someone) to do something through reasoning or argument,thuyết phục,He persuaded me to join.,"verb, noun","persuades, persuading, persuaded","convince, influence","dissuade, discourage","persuade someone, try to persuade"
phase,A distinct period or stage in a process of change or forming part of something's development,giai đoạn,The project is in its final phase.,"noun, verb",phases,"stage, period",none,"final phase, initial phase"
phenomenon,"A fact or situation that is observed to exist or happen, especially one whose cause or explanation is in question",hiện tượng,Lightning is a natural phenomenon.,"noun, verb",phenomena,"event, occurrence",none,"natural phenomenon, strange phenomenon"
philosophy,"The study of the fundamental nature of knowledge, reality, and existence, especially when considered as an academic discipline",triết lý,She studied philosophy in college.,"noun, verb",philosophies,"theory, belief",none,"study philosophy, moral philosophy"
phone,A telephone,điện thoại,She answered the phone.,"noun, verb",phones,"telephone, call",none,"answer the phone, phone call"
photo,A photograph,bức ảnh,He took a photo of the sunset.,"noun, verb",photos,"picture, image",none,"take a photo, photo album"
photocopy,A paper copy of a document or picture that is made with a photocopier,sao chụp,She made a photocopy of the document.,"noun, verb",photocopies,"xerox, copy",none,"make a photocopy, photocopy machine"
photograph,A picture made using a camera,bức ảnh,He hung the photograph on the wall.,"noun, verb",photographs,"picture, image",none,"hang a photograph, digital photograph"
photographer,"A person who takes photographs, especially as a job",nhiếp ảnh gia,The photographer captured the moment.,"noun, verb",photographers,camera operator,none,"professional photographer, wedding photographer"
photography,The art or practice of taking and processing photographs,nhiếp ảnh,She is studying photography.,"noun, verb",photographies,camerawork,none,"study photography, photography class"
phrase,"A small group of words standing together as a conceptual unit, typically forming a component of a clause",cụm từ,He used a common phrase.,"noun, verb",phrases,"expression, saying",none,"common phrase, phrase book"
physical,Relating to the body as opposed to the mind,thuộc vật chất,She suffered physical pain.,"adjective, noun",physicality,"bodily, corporal","mental, psychological","physical pain, physical health"
physically,In a manner relating to the body as opposed to the mind,về thể chất,He is physically fit.,adverb,none,none,none,"physically fit, physically active"
physics,The branch of science concerned with the nature and properties of matter and energy,vật lý,She has a degree in physics.,"noun, verb",physicist,science of matter,none,"study physics, physics lab"
piano,"A large keyboard musical instrument with a wooden case enclosing a soundboard and metal strings, which are struck by hammers when the keys are pressed",đàn piano,She played the piano beautifully.,"noun, verb",pianos,keyboard instrument,none,"play the piano, piano music"
pick,Choose (someone or something) from a number of alternatives,nhặt,He picked the blue shirt.,"verb, noun","picks, picking, picked","select, choose","ignore, reject","pick a color, pick up"
picture,A painting or drawing,hình ảnh,She hung the picture on the wall.,"noun, verb",pictures,"image, illustration",none,"draw a picture, picture frame"
piece,"A portion of an object or of material, produced by cutting, tearing, or breaking the whole",cái,He ate a piece of cake.,"noun, verb",pieces,"fragment, section","whole, entirety","piece of cake, piece of paper"
pig,A domesticated hoofed mammal with sparse bristly hair and a flat snout for rooting in the soil,con lợn,The pig rolled in the mud.,"noun, verb",pigs,"swine, hog",none,"farm pig, wild pig"
pile,A heap of things laid or lying one on top of another,đống,There is a pile of books on the table.,"noun, verb",piles,"heap, stack",none,"pile of clothes, pile up"
pill,A small round mass of solid medicine for swallowing whole,viên thuốc,She took a pill for her headache.,"noun, verb",pills,"tablet, capsule",none,"take a pill, birth control pill"
pilot,A person who operates the flying controls of an aircraft,phi công,The pilot landed the plane safely.,"noun, verb",pilots,"aviator, airman",none,"experienced pilot, airline pilot"
pin,"A small, slender, pointed piece of metal, wood, etc., used to fasten, support, or attach things",ghim,She pinned the note to the board.,"noun, verb",pins,"needle, tack",none,"safety pin, pin down"
pink,A color intermediate between red and white,hồng,She wore a pink dress.,"adjective, noun",pinkish,rose,none,"pink dress, pink flowers"
pint,A unit of liquid or dry capacity equal to one half of a quart,pint,He ordered a pint of beer.,"noun, verb",pints,half-quart,none,"pint of milk, pint of beer"
pipe,A tube through which liquids and gases can flow,đường ống,The plumber fixed the broken pipe.,"noun, verb",pipes,"tube, conduit",none,"water pipe, gas pipe"
pitch,The quality of a sound governed by the rate of vibrations producing it; the degree of highness or lowness of a tone,sân bóng đá,She has perfect pitch.,"noun, verb",pitches,"tone, timbre",none,"perfect pitch, high pitch"
pity,The feeling of sorrow and compassion caused by the suffering and misfortunes of others,lòng thương xót,He felt pity for the homeless man.,"noun, verb",pities,"compassion, sympathy","indifference, cruelty","feel pity, out of pity"
place,A particular position or point in space,địa điểm,This is a nice place to live.,"noun, verb",places,"location, spot",nowhere,"nice place, place to stay"
plain,Not decorated or elaborate; simple or basic in character,đơn giản,She wore a plain dress.,"adjective, noun","plainer, plainest","simple, unadorned","elaborate, decorated","plain clothes, plain text"
plan,A detailed proposal for doing or achieving something,kế hoạch,They made a plan to meet next week.,"noun, verb",plans,"strategy, scheme",improvisation,"make a plan, plan ahead"
plane,A flat surface on which a straight line joining any two points on it would wholly lie,máy bay,The plane landed safely.,"noun, verb",planes,"flat surface, level",none,"airplane, plane ticket"
planet,A celestial body moving in an elliptical orbit around a star,hành tinh,Earth is the third planet from the sun.,"noun, verb",planets,"celestial body, world",none,"the planet Mars, planets in the solar system"
planning,The process of making plans for something,lập kế hoạch,They are planning a trip to Europe.,"noun, verb",planning,"arranging, organizing",none,"planning a trip, planning ahead"
plant,"A living organism of the kind exemplified by trees, shrubs, herbs, grasses, ferns, and mosses, typically growing in a permanent site, absorbing water and inorganic substances through its roots, and synthesizing nutrients in its leaves by photosynthesis",thực vật,She watered the plant.,"noun, verb",plants,"vegetation, flora",animal,"water a plant, plant a tree"
plastic,A synthetic material made from a wide range of organic polymers that can be molded into shape while soft and then set into a rigid or slightly elastic form,nhựa,The toy is made of plastic.,"noun, adjective",plastics,"polymer, synthetic",none,"plastic bottle, plastic bag"
plate,"A flat, typically round dish from which food is eaten or served",đĩa,He ate from a large plate.,"noun, verb",plates,"dish, saucer",none,"dinner plate, large plate"
platform,A raised level surface on which people or things can stand,nền tảng,They stood on the platform waiting for the train.,"noun, verb",platforms,"stage, base",none,"train platform, raised platform"
play,Engage in activity for enjoyment and recreation rather than a serious or practical purpose,chơi,Children love to play outside.,"verb, noun",plays,"frolic, engage","work, labor","play games, play outside"
player,A person who takes part in a game or sport,người chơi,The player scored a goal.,"noun, verb",players,"athlete, participant",spectator,"soccer player, basketball player"
pleasant,Giving a sense of happy satisfaction or enjoyment,dễ thương,They had a pleasant conversation.,"adjective, noun",pleasantly,"enjoyable, pleasing","unpleasant, displeasing","pleasant weather, pleasant surprise"
please,Cause to feel happy and satisfied,Xin vui lòng,Her smile pleased him.,"verb, noun","pleases, pleasing, pleased","satisfy, delight","displease, annoy","please someone, please yourself"
pleasure,A feeling of happy satisfaction and enjoyment,vinh hạnh,It was a pleasure to meet you.,"noun, verb",pleasures,"enjoyment, delight","displeasure, discomfort","great pleasure, take pleasure in"
plenty,A large or sufficient amount or quantity; more than enough,nhiều,There is plenty of food for everyone.,"noun, adverb",plentiful,"abundance, a lot","scarcity, lack","plenty of time, plenty to eat"
plot,A plan made in secret by a group of people to do something illegal or harmful,kịch bản,They uncovered a plot to overthrow the government.,"noun, verb","plots, plotting, plotted","scheme, conspiracy","honesty, openness","plot against, secret plot"
plug,A piece of solid material fitting tightly into a hole and blocking it up,cắm,He put the plug back in the sink.,"noun, verb",plugs,"stopper, block",none,"plug in, electrical plug"
plus,With the addition of,cộng thêm,Two plus two equals four.,"preposition, noun",pluses,"and, addition","minus, subtraction","plus sign, two plus two"
pocket,"A small bag sewn into or on clothing so as to form part of it, used for carrying small articles",túi,He put the keys in his pocket.,"noun, verb",pockets,"wallet, pouch",none,"put in pocket, deep pocket"
poem,"A piece of writing that partakes of the nature of both speech and song that is nearly always rhythmical, usually metaphorical, and often exhibits such formal elements as meter, rhyme, and stanzaic structure",bài thơ,She recited a beautiful poem.,"noun, verb",poems,"verse, lyric",none,"write a poem, recite a poem"
poetry,Literary work in which special intensity is given to the expression of feelings and ideas by the use of distinctive style and rhythm,thơ ca,He is studying poetry in college.,"noun, verb",poetries,"versification, verse",prose,"modern poetry, study poetry"
point,"The tapered, sharp end of a tool, weapon, or other object",điểm,The knife has a sharp point.,"noun, verb","points, pointing, pointed","tip, apex","base, blunt","sharp point, point of view"
pointed,Having a sharpened or tapered tip or end,nhọn,The pencil has a pointed tip.,"adjective, verb",pointedly,"sharp, tapered",dull,"pointed end, pointed remark"
poison,A substance that is capable of causing the illness or death of a living organism when introduced or absorbed,chất độc,They found poison in the food.,"noun, verb",poisons,"toxin, venom",antidote,"deadly poison, use poison"
poisonous,Capable of causing death or illness if taken into the body,chất độc,The snake is poisonous.,"adjective, verb",poisonously,"toxic, venomous","harmless, safe","poisonous snake, poisonous gas"
pole,"A long, slender, rounded piece of wood or metal, typically used with one end placed in the ground as a support for something",cực,He used a pole to support the tent.,"noun, verb",poles,"rod, post",none,"flag pole, fishing pole"
police,"The civil force of a national or local government, responsible for the prevention and detection of crime and the maintenance of public order",cảnh sát,The police arrested the suspect.,"noun, verb",polices,"law enforcement, cops",none,"police officer, police station"
policy,A course or principle of action adopted or proposed by an organization or individual,chính sách,The company's new policy encourages remote work.,"noun, verb",policies,"strategy, rule",none,"new policy, company policy"
polish,A substance used to give something a smooth and shiny surface when rubbed in,đánh bóng,She used polish to shine her shoes.,"noun, verb",polishes,"shine, gloss","dull, tarnish","apply polish, nail polish"
polite,Having or showing behavior that is respectful and considerate of other people,lịch sự,He is always polite to strangers.,"adjective, noun",politely,"courteous, respectful","rude, impolite","polite behavior, polite smile"
politely,In a respectful and considerate manner,lịch sự,She politely declined the offer.,adverb,politeness,"respectfully, considerately","rudely, impolitely","speak politely, politely refuse"
political,Relating to the government or the public affairs of a country,thuộc về chính trị,They discussed political issues.,"adjective, noun",politically,"governmental, civic",apolitical,"political debate, political party"
politician,"A person who is professionally involved in politics, especially as a holder of an elected office",chính trị gia,The politician gave a speech.,"noun, verb",politicians,"legislator, statesman",none,"local politician, career politician"
politics,"The activities associated with the governance of a country or other area, especially the debate between parties having power",chính trị,She is interested in politics.,"noun, verb",politics,"governance, government",none,"study politics, political science"
pollution,The presence in or introduction into the environment of a substance or thing that has harmful or poisonous effects,sự ô nhiễm,Pollution is a major problem in the city.,"noun, verb",pollutions,"contamination, impurity","cleanliness, purity","air pollution, reduce pollution"
pool,"A small body of still water, typically one formed naturally",hồ bơi,They swam in the pool.,"noun, verb",pools,"pond, basin",none,"swimming pool, pool of water"
poor,Lacking sufficient money to live at a standard considered comfortable or normal in a society,nghèo,The poor man had no home.,"adjective, noun","poorer, poorest","impoverished, needy","rich, wealthy","poor condition, poor health"
pop,Make a light explosive sound,nhạc pop,The balloon popped.,"verb, noun",pops,"burst, explode",none,"pop music, pop culture"
popular,Liked or admired by many people or by a particular person or group,phổ biến,She is a popular singer.,"adjective, noun",popularity,"well-liked, admired","unpopular, disliked","popular among, popular with"
population,"All the inhabitants of a particular town, area, or country",dân số,The population of the city is growing.,"noun, verb",populations,"inhabitants, residents",none,"population growth, population density"
port,"A town or city with a harbor where ships load or unload, especially one where customs officers are stationed",hải cảng,The ship docked at the port.,"noun, verb",ports,"harbor, dock",inland,"port city, fishing port"
position,A place where someone or something is located or has been put,chức vụ,He found a good position in the company.,"noun, verb",positions,"location, place",displacement,"job position, hold a position"
positive,Consisting in or characterized by the presence or possession of features or qualities rather than their absence,tích cực,She has a positive attitude.,"adjective, noun",positively,"optimistic, confident","negative, pessimistic","positive result, positive thinking"
possess,Have as belonging to one; own,sở hữu,They possess a large estate.,"verb, noun","possesses, possessing, possessed","own, hold","lack, lose","possess a skill, possess wealth"
possession,"The state of having, owning, or controlling something",chiếm hữu,He lost possession of the house.,"noun, verb",possessions,"ownership, control",dispossession,"in possession, lose possession"
possibility,A thing that may happen or be the case,khả năng,There is a possibility of rain tomorrow.,"noun, verb",possibilities,"chance, likelihood",impossibility,"strong possibility, possibility of"
possible,Able to be done or achieved,khả thi,It is possible to finish the project on time.,"adjective, noun",possibly,"feasible, achievable",impossible,"possible solution, possible outcome"
possibly,Perhaps; maybe,có thể,They could possibly arrive today.,adverb,possibly,"perhaps, maybe",definitely,"possibly due to, could possibly"
post,"A long, sturdy piece of timber or metal set upright in the ground and used as a support or marker",bưu kiện,He tied the rope to a post.,"noun, verb",posts,"pole, pillar",none,"wooden post, fence post"
postpone,Cause or arrange for (something) to take place at a time later than that first scheduled,hoãn,The meeting was postponed until next week.,"verb, noun","postpones, postponing, postponed","delay, defer","advance, hasten","postpone a meeting, postpone the event"
pot,"A container, typically rounded or cylindrical and of ceramic ware or metal, used for storage or cooking",cái nồi,She cooked the soup in a large pot.,"noun, verb",pots,"container, vessel",none,"cooking pot, flower pot"
potato,"A starchy plant tuber that is one of the most important food crops, cooked and eaten as a vegetable",khoai tây,He peeled the potato.,"noun, verb",potatoes,spud,none,"baked potato, mashed potato"
potential,Having or showing the capacity to develop into something in the future,tiềm năng,She has a lot of potential.,"adjective, noun",potentially,"latent, prospective",actual,"potential risk, potential benefit"
potentially,With a possibility of becoming actual; possibly,có khả năng,"Potentially, this could be a huge success.",adverb,none,possibly,definitely,"potentially dangerous, potentially harmful"
pound,A unit of weight in general use equal to 16 oz. avoirdupois (0.4536 kg),pao,He weighs about 150 pounds.,"noun, verb",pounds,"lb, weight",none,"pound of weight, pound sterling"
pour,Flow rapidly in a steady stream,đổ,She poured the juice into a glass.,"verb, noun","pours, pouring, poured","stream, flow","stop, hold","pour a drink, pour out"
powder,"Fine, dry particles produced by the grinding, crushing, or disintegration of a solid substance",bột,He sprinkled powder on the cake.,"noun, verb",powders,"dust, particles",none,"face powder, baking powder"
power,The ability or capacity to do something or act in a particular way,quyền lực,The generator provides power to the building.,"noun, verb","powers, powering, powered","strength, energy","weakness, incapacity","power supply, power source"
powerful,Having great power or strength,mạnh mẽ,The storm was very powerful.,"adjective, noun",powerfully,"strong, mighty","weak, powerless","powerful engine, powerful leader"
practical,Of or concerned with the actual doing or use of something rather than with theory and ideas,thực tế,She has a practical approach to problem-solving.,"adjective, noun",practically,"realistic, sensible","theoretical, impractical","practical solution, practical experience"
practice,"The actual application or use of an idea, belief, or method, as opposed to theories relating to it",luyện tập,Practice makes perfect.,"noun, verb",practices,"rehearsal, training",none,"practice regularly, practice session"
precious,Of great value; not to be wasted or treated carelessly,quý giá,The ring is very precious to her.,"adjective, noun",preciously,"valuable, cherished","worthless, cheap","precious metals, precious moment"
precise,Marked by exactness and accuracy of expression or detail,chính xác,She gave precise instructions.,"adjective, verb",precisely,"exact, accurate","vague, imprecise","precise measurements, precise timing"
prefer,Like (one thing or person) better than another or others; tend to choose,thích hơn,I prefer coffee over tea.,"verb, noun","prefers, preferring, preferred","favor, like","dislike, reject","prefer tea, prefer to do"
preference,A greater liking for one alternative over another or others,sự ưa thích,He has a preference for classical music.,"noun, verb",preferences,"choice, liking","dislike, aversion","personal preference, show a preference"
pregnant,Having a child or young developing in the uterus,có thai,She is six months pregnant.,"adjective, noun",pregnancy,"expectant, expecting",non-pregnant,"pregnant woman, pregnant with"
preparation,The action or process of making ready or being made ready for use or consideration,sự chuẩn bị,The preparation for the event took weeks.,"noun, verb",preparations,"arrangement, readiness","neglect, ignorance","preparation for, in preparation"
prepare,Make (something) ready for use or consideration,chuẩn bị,He prepared the meal.,"verb, noun","prepares, preparing, prepared","get ready, set up","neglect, ignore","prepare food, prepare for"
prescription,An instruction written by a medical practitioner that authorizes a patient to be issued with a medicine or treatment,toa thuốc,The doctor gave him a prescription.,"noun, verb",prescriptions,"medical instruction, doctor's note",none,"doctor's prescription, write a prescription"
presence,"The state or fact of existing, occurring, or being present in a place or thing",sự hiện diện,Your presence is requested at the meeting.,"noun, verb",presences,"attendance, existence",absence,"in the presence of, your presence"
present,Existing or occurring now,hiện tại,She is present at the meeting.,"adjective, noun",presence,"current, existing","absent, missing","present moment, present time"
presentation,"The proffering or giving of something to someone, especially as part of a formal ceremony",bài thuyết trình,The presentation was informative.,"noun, verb",presentations,"demonstration, display",none,"give a presentation, presentation skills"
preserve,Maintain (something) in its original or existing state,bảo tồn,They work to preserve the environment.,"verb, noun","preserves, preserving, preserved","protect, conserve","neglect, harm","preserve nature, preserve food"
president,The elected head of a republican state,chủ tịch,The president gave a speech.,"noun, verb",presidents,"leader, head","citizen, follower","elected president, vice president"
press,Move or cause to move into a position of contact with something by exerting continuous physical force,nhấn,He pressed the button.,"verb, noun","presses, pressing, pressed","push, squeeze","pull, release","press a button, press down"
pressure,The continuous physical force exerted on or against an object by something in contact with it,áp lực ,The pressure of the water was too strong.,"noun, verb",pressures,"force, stress",none,"high pressure, pressure on"
presumably,Used to convey that what is asserted is very likely though not known for certain,có lẽ,"Presumably, he will come to the party.",adverb,none,"probably, likely","definitely, certainly","presumably true, presumably not"
pretend,Speak and act so as to make it appear that something is the case when in fact it is not,giả vờ,She pretended to be asleep.,"verb, noun","pretends, pretending, pretended","feign, fake","truth, reality","pretend to sleep, pretend to be"
pretty,Attractive in a delicate way without being truly beautiful or handsome,đẹp,She has a pretty smile.,"adjective, noun","prettier, prettiest","attractive, lovely","ugly, unattractive","pretty girl, pretty flower"
prevent,Keep (something) from happening or arising,ngăn chặn,They worked to prevent accidents.,"verb, noun","prevents, preventing, prevented","stop, hinder","allow, permit","prevent from, prevent accidents"
previous,Existing or occurring before in time or order,trước,She returned to her previous job.,"adjective, noun",previously,"earlier, prior","later, subsequent","previous job, previous experience"
previously,At a previous or earlier time; before,trước đó,He was previously married.,adverb,none,"before, earlier","later, after","previously mentioned, previously known"
price,"The amount of money expected, required, or given in payment for something",giá ,The price of the book is $20.,"noun, verb",prices,"cost, value",none,"high price, price tag"
pride,A feeling or deep pleasure or satisfaction derived from one's own achievements,kiêu hãnh,She felt a great sense of pride.,"noun, verb","proud, prideful","self-respect, dignity","shame, disgrace","sense of pride, pride in"
primary,Of chief importance; principal,sơ đẳng,Their primary concern is safety.,"adjective, noun",primarily,"main, principal","secondary, minor","primary concern, primary goal"
principal,First in order of importance; main,hiệu trưởng,The principal reason for the change is cost.,"adjective, noun",principals,"main, primary","secondary, minor","principal reason, principal office"
principle,A fundamental truth or proposition that serves as the foundation for a system of belief or behavior or for a chain of reasoning,nguyên tắc,He is a man of principle.,"noun, verb",principles,"truth, rule",none,"moral principle, basic principle"
print,"Produce (books, newspapers, magazines, etc.), especially in large quantities, by a mechanical process involving the transfer of text, images, or designs to paper",in,They print the newspaper every morning.,"verb, noun","prints, printing, printed","publish, produce",none,"print a book, print out"
printer,"A machine for printing text or pictures onto paper, especially one linked to a computer",máy in,The printer is out of ink.,"noun, verb",printers,printing machine,none,"laser printer, inkjet printer"
prior,"Existing or coming before in time, order, or importance",trước,She had no prior knowledge of the event.,"adjective, noun",priority,"previous, earlier","subsequent, later","prior knowledge, prior to"
priority,The fact or condition of being regarded or treated as more important than others,sự ưu tiên,Safety is our priority.,"noun, verb",priorities,"precedence, importance",unimportance,"high priority, priority list"
prison,A building in which people are legally held as a punishment for a crime they have committed or while awaiting trial,nhà tù,He was sent to prison for theft.,"noun, verb",prisons,"jail, penitentiary","freedom, release","sent to prison, in prison"
prisoner,A person legally held in prison as a punishment for crimes they have committed or while awaiting trial,tù nhân,The prisoner escaped from jail.,"noun, verb",prisoners,"inmate, convict",free person,"escaped prisoner, political prisoner"
private,Belonging to or for the use of one particular person or group of people only,riêng tư,This is a private conversation.,"adjective, noun",privately,"personal, individual","public, shared","private property, private life"
probably,Almost certainly; as far as one knows or can tell,có lẽ,He will probably arrive late.,adverb,probable,"likely, possibly","unlikely, improbably","probably true, probably not"
problem,A matter or situation regarded as unwelcome or harmful and needing to be dealt with and overcome,vấn đề,She has a problem with her car.,"noun, verb",problems,"issue, difficulty","solution, ease","solve a problem, big problem"
procedure,An established or official way of doing something,thủ tục,The procedure is simple and straightforward.,"noun, verb",procedures,"method, practice",none,"surgical procedure, legal procedure"
proceed,Begin or continue a course of action,tiếp tục,He decided to proceed with his plans.,"verb, noun","proceeds, proceeding, proceeded","continue, advance","stop, halt","proceed with, proceed to"
process,A series of actions or steps taken to achieve an end,quá trình,The process will take several weeks.,"noun, verb",processes,"procedure, operation",none,"in process, step-by-step process"
produce,Make or manufacture from components or raw materials,sản xuất,The factory produces thousands of cars each year.,"verb, noun","produces, producing, produced","manufacture, create","consume, destroy","produce goods, produce results"
producer,"A person, company, or country that makes, grows, or supplies goods or commodities for sale",nhà sản xuất,She is a film producer.,"noun, verb",producers,"manufacturer, maker",consumer,"film producer, food producer"
product,An article or substance that is manufactured or refined for sale,sản phẩm,This is a new product on the market.,"noun, verb",products,"item, commodity",none,"new product, final product"
production,The action of making or manufacturing from components or raw materials,sản xuất,The production of the film took two years.,"noun, verb",productions,"manufacture, creation",none,"film production, production process"
profession,"A paid occupation, especially one that involves prolonged training and a formal qualification",nghề nghiệp,He is in the medical profession.,"noun, verb",professions,"occupation, career","hobby, avocation","medical profession, teaching profession"
professional,Relating to or connected with a profession,chuyên nghiệp,She is a professional athlete.,"adjective, noun",professionally,"expert, skilled","amateur, unskilled","professional development, professional career"
professor,A teacher of the highest rank in a college or university,giáo sư,She is a respected professor at the university.,"noun, verb",professors,"lecturer, educator","student, learner","university professor, assistant professor"
profit,"A financial gain, especially the difference between the amount earned and the amount spent in buying, operating, or producing something",lợi nhuận,The company made a profit this year.,"noun, verb","profits, profiting, profited","gain, earning","loss, deficit","net profit, profit margin"
program,"A planned series of future events, items, or performances",chương trình,They launched a new fitness program.,"noun, verb",programs,"schedule, plan",none,"computer program, television program"
progress,Forward or onward movement toward a destination,tiến triển,She is making good progress in her studies.,"noun, verb","progresses, progressing, progressed","development, advancement","regression, setback","make progress, slow progress"
project,An individual or collaborative enterprise that is carefully planned and designed to achieve a particular aim,dự án,The project is due next week.,"noun, verb","projects, projecting, projected","task, assignment",none,"research project, school project"
promise,A declaration or assurance that one will do a particular thing or that a particular thing will happen,hứa,He made a promise to help her.,"noun, verb",promises,"pledge, assurance","break, denial","keep a promise, make a promise"
promote,"Further the progress of (something, especially a cause, venture, or aim); support or actively encourage",khuyến khích,They aim to promote education for all.,"verb, noun","promotes, promoting, promoted","advance, support","demote, discourage","promote health, promote to"
promotion,"Activity that supports or provides active encouragement for the furtherance of a cause, venture, or aim",khuyến mãi,She received a promotion at work.,"noun, verb",promotions,"advancement, raise",demotion,"job promotion, sales promotion"
proof,Evidence or argument establishing a fact or the truth of a statement,bằng chứng,We need proof of your identity.,"noun, verb",proofs,"evidence, confirmation",disproof,"provide proof, proof of identity"
proper,Truly what something is said or regarded to be; genuine,thích hợp,He wore proper attire for the event.,"adjective, noun",properly,"suitable, correct","improper, incorrect","proper behavior, proper care"
property,A thing or things belonging to someone; possessions collectively,tài sản,They bought a new property.,"noun, verb",properties,"real estate, possessions",none,"buy property, property value"
proportion,"A part, share, or number considered in comparative relation to a whole",tỷ lệ,The proportion of women in the workforce has increased.,"noun, verb",proportions,"ratio, share",none,"large proportion, high proportion"
proposal,"A plan or suggestion, especially a formal or written one, put forward for consideration or discussion by others",đề xuất,They accepted the proposal for the new project.,"noun, verb",proposals,"suggestion, plan","rejection, refusal","business proposal, marriage proposal"
propose,Put forward (a plan or suggestion) for consideration by others,đề nghị,He proposed a new plan.,"verb, noun","proposes, proposing, proposed","suggest, recommend",none,"propose a solution, propose an idea"
prospect,The possibility or likelihood of some future event occurring,triển vọng,There is a good prospect for growth.,"noun, verb",prospects,"outlook, expectation",none,"job prospect, future prospect"
protect,Keep safe from harm or injury,bảo vệ,They protect their children from harm.,"verb, noun","protects, protecting, protected","defend, guard","harm, endanger","protect the environment, protect from"
protection,"The action of protecting someone or something, or the state of being protected",sự bảo vệ,He has good protection against theft.,"noun, verb",protections,"security, defense","endangerment, harm","police protection, offer protection"
protest,A statement or action expressing disapproval of or objection to something,phản kháng,They protested against the new law.,"noun, verb",protests,"objection, dissent","support, acceptance","peaceful protest, protest against"
proud,"Feeling deep pleasure or satisfaction as a result of one's own achievements, qualities, or possessions or those of someone with whom one is closely associated",tự hào,She is proud of her achievements.,"adjective, noun",proudly,"pleased, satisfied","ashamed, humble","proud of, proud moment"
prove,Demonstrate the truth or existence of (something) by evidence or argument,chứng minh,She proved her point with solid evidence.,"verb, noun","proves, proving, proved","demonstrate, verify","disprove, refute","prove a point, prove wrong"
provide,Make available for use; supply,cung cấp,They provide free meals to the homeless.,"verb, noun","provides, providing, provided","supply, furnish","withhold, refuse","provide services, provide information"
provided,On the condition or understanding that,cung cấp,He will come provided you invite him.,conjunction,none,"if, on condition that",none,"provided that, provided with"
providing,On the condition or understanding that,cung cấp,"Providing that the weather is good, we will go hiking.",conjunction,none,"if, as long as",none,"providing that, providing for"
public,Of or concerning the people as a whole,công cộng,The library is open to the public.,"adjective, noun",publicly,"community, general","private, secret","public interest, public space"
publication,"The preparation and issuing of a book, journal, or piece of music for public sale",công bố,The publication of his new book is scheduled for next month.,"noun, verb",publications,"issue, release",none,"book publication, scientific publication"
publicity,Notice or attention given to someone or something by the media,công khai,The event received a lot of publicity.,"noun, verb",publicities,"media attention, exposure",none,"media publicity, gain publicity"
publish,"Prepare and issue (a book, journal, or piece of music) for public sale",xuất bản,They decided to publish their findings.,"verb, noun","publishes, publishing, published","release, distribute",suppress,"publish a book, publish findings"
pull,Exert force on (someone or something) so as to cause movement toward oneself,sự lôi kéo,She pulled the door open.,"verb, noun","pulls, pulling, pulled","tug, draw","push, repel","pull hard, pull on"
punish,"Inflict a penalty or sanction on (someone) as retribution for an offense, especially a transgression of a legal or moral code",trừng phạt,The teacher punished the student for cheating.,"verb, noun","punishes, punishing, punished","discipline, penalize","reward, pardon","punish severely, punish for"
punishment,The infliction or imposition of a penalty as retribution for an offense,hình phạt,He received a severe punishment for his crimes.,"noun, verb",punishments,"penalty, sanction","reward, forgiveness","severe punishment, deserved punishment"
purchase,Acquire (something) by paying for it; buy,mua,She purchased a new car.,"verb, noun","purchases, purchasing, purchased","buy, acquire",sell,"purchase a car, purchase online"
pure,Not mixed or adulterated with any other substance or material,nguyên chất,The water is pure and clean.,"adjective, noun",purely,"unmixed, unadulterated","impure, mixed","pure water, pure gold"
purpose,The reason for which something is done or created or for which something exists,mục đích,The purpose of the meeting is to discuss the project.,"noun, verb",purposes,"goal, aim",none,"main purpose, serve a purpose"
pursue,Follow or chase (someone or something),theo đuổi,He decided to pursue a career in medicine.,"verb, noun","pursues, pursuing, pursued","chase, follow","abandon, ignore","pursue a career, pursue a goal"
push,Exert force on (someone or something) in order to move them away from oneself,xô,She pushed the door open.,"verb, noun","pushes, pushing, pushed","shove, thrust","pull, draw","push hard, push forward"
put,Move to or place in a particular position,đặt,He put the book on the table.,"verb, noun","puts, putting, put","place, set","remove, take","put down, put on"
qualification,"A pass of an examination or an official completion of a course, especially one conferring status as a recognized practitioner of a profession or activity",trình độ chuyên môn,She obtained her teaching qualification last year.,"noun, verb",qualifications,"certification, credential",disqualification,"teaching qualification, qualification test"
qualified,Officially recognized as being trained to perform a particular job; certified,đạt tiêu chuẩn,He is a qualified electrician.,"adjective, verb",qualifies,"certified, competent","unqualified, incompetent","fully qualified, highly qualified"
qualify,Be entitled to a particular benefit or privilege by fulfilling a necessary condition,đủ điều kiện,He qualifies for the scholarship.,"verb, noun","qualifies, qualifying, qualified","meet conditions, be eligible",disqualify,"qualify for, qualify as"
quality,The standard of something as measured against other things of a similar kind; the degree of excellence of something,chất lượng,The quality of the product is excellent.,"noun, adjective",qualities,"standard, grade",inferiority,"high quality, quality control"
quantity,The amount or number of a material or immaterial thing not usually estimated by spatial measurement,Số lượng,The quantity of water in the tank is low.,"noun, verb",quantities,"amount, volume",none,"large quantity, small quantity"
quarter,Each of four equal or corresponding parts into which something is or can be divided,một phần tư,She gave him a quarter of the apple.,"noun, adjective",quarters,"fourth, part",whole,"quarter of, quarterly"
queen,"The female ruler of an independent state, especially one who inherits the position by right of birth",nữ hoàng,The queen addressed the nation.,"noun, verb",queens,"monarch, ruler",king,"queen of, queen's speech"
question,A sentence worded or expressed so as to elicit information,câu hỏi,He asked a difficult question.,"noun, verb",questions,"query, inquiry","answer, response","ask a question, question time"
quick,Moving fast or doing something in a short time,nhanh,She made a quick decision.,"adjective, noun","quicker, quickest","fast, rapid","slow, sluggish","quick response, quick decision"
quickly,At a fast speed; rapidly,nhanh,They quickly ran to the store.,adverb,quickness,"speedily, swiftly",slowly,"move quickly, answer quickly"
quiet,Making little or no noise,im lặng,The library is a quiet place.,"adjective, noun","quieter, quietest","silent, calm","noisy, loud","quiet place, quiet room"
quietly,In a quiet manner,lặng lẽ,She spoke quietly.,adverb,none,"silently, softly",loudly,"speak quietly, walk quietly"
quit,"Leave (a place), usually permanently",từ bỏ,He decided to quit his job.,"verb, noun","quits, quitting, quit","resign, leave","stay, remain","quit smoking, quit job"
quite,To the utmost or most absolute extent or degree; absolutely; completely,khá,The task is quite challenging.,adverb,none,"fairly, rather","slightly, somewhat","quite difficult, quite interesting"
quote,"Repeat or copy out (a group of words from a text or speech), typically with an indication that one is not the original author or speaker",trích dẫn,She quoted a famous author in her essay.,"verb, noun","quotes, quoting, quoted","cite, repeat",plagiarize,"quote a source, famous quote"
race,"A competition between runners, horses, vehicles, boats, etc., to see which is the fastest in covering a set course",loài ,He won the race.,"noun, verb",races,"contest, competition",none,"win a race, race car"
radio,"The transmission and reception of electromagnetic waves of radio frequency, especially those carrying sound messages",radio,She listens to the radio every morning.,"noun, verb",radios,"broadcast, receiver",none,"listen to the radio, radio station"
rail,"A bar or series of bars, typically fixed on upright supports, serving as part of a fence or barrier or used to hang things on",đường sắt,He hung his coat on the rail.,"noun, verb",rails,"bar, rod",none,"hand rail, rail fence"
railroad,A track or set of tracks made of steel rails along which passenger and freight trains run,đường sắt,The railroad stretches across the country.,"noun, verb",railroads,"track, railway",none,"railroad track, railroad station"
railway,A track made of steel rails along which trains run; a railway,đường sắt,They are building a new railway.,"noun, verb",railways,railroad track,none,"new railway, railway station"
rain,Moisture condensed from the atmosphere that falls visibly in separate drops,cơn mưa,It started to rain.,"noun, verb",rains,"precipitation, drizzle",dryness,"heavy rain, rain shower"
raise,Lift or move to a higher position or level,nâng lên,They raised the flag.,"verb, noun","raises, raising, raised","lift, elevate","lower, drop","raise a question, raise funds"
range,The area of variation between upper and lower limits on a particular scale,phạm vi,The price range is between $10 and $50.,"noun, verb",ranges,"scope, extent",none,"price range, wide range"
rank,A position in the hierarchy of the armed forces,thứ hạng,He holds the rank of captain.,"noun, verb",ranks,"status, grade",none,"military rank, rank higher"
rapid,Happening in a short time or at a great rate,nhanh,She made rapid progress.,"adjective, noun",rapidity,"fast, swift","slow, sluggish","rapid growth, rapid change"
rapidly,Very quickly; at a great rate,liên tục,The situation changed rapidly.,adverb,none,"quickly, speedily",slowly,"rapidly growing, rapidly changing"
rare,Not occurring very often,hiếm,It is rare to see such talent.,"adjective, noun",rarity,"uncommon, infrequent","common, frequent","rare occurrence, rare species"
rarely,Not often; seldom,hiếm khi,She rarely goes out.,adverb,none,"seldom, infrequently","often, frequently","rarely seen, rarely happens"
rate,"A measure, quantity, or frequency, typically one measured against some other quantity or measure",tỷ lệ,The birth rate is increasing.,"noun, verb","rates, rating, rated","speed, pace",none,"high rate, exchange rate"
rather,Used to indicate one's preference in a particular matter,hơn là,I would rather stay home.,adverb,none,"preferably, instead",none,"rather than, rather prefer"
raw,Uncooked; in its natural state; not processed,thô,He ate raw vegetables.,"adjective, noun",rawness,"uncooked, fresh","cooked, processed","raw meat, raw data"
reach,Arrive at; get as far as,với tới,He reached the top of the mountain.,"verb, noun","reaches, reaching, reached","arrive, attain","miss, lose","reach a goal, reach out"
react,Respond or behave in a particular way in response to something,phản ứng,He reacted angrily.,"verb, noun","reacts, reacting, reacted","respond, reply","ignore, neglect","react quickly, react negatively"
reaction,An action performed or a feeling experienced in response to a situation or event,sự phản ứng lại,Her reaction was surprising.,"noun, verb",reactions,"response, reply",none,"strong reaction, immediate reaction"
read,Look at and comprehend the meaning of (written or printed matter) by mentally interpreting the characters or symbols of which it is composed,đọc,She likes to read books.,"verb, noun","reads, reading, read","peruse, interpret","write, ignore","read a book, read aloud"
reader,A person who reads or who is fond of reading,người đọc,He is an avid reader.,"noun, verb",readers,"bookworm, bibliophile","writer, author","avid reader, reader's choice"
reading,The action or skill of reading written or printed matter silently or aloud,đọc,Reading is a good habit.,"noun, verb",readings,"perusal, literacy","writing, illiteracy","enjoy reading, reading habit"
ready,"In a suitable state for an activity, action, or situation; fully prepared",sẵn sàng,She is ready to go.,"adjective, verb",readily,"prepared, set","unprepared, reluctant","ready to go, get ready"
real,Actually existing as a thing or occurring in fact; not imagined or supposed,thực tế,The danger is very real.,"adjective, noun",reality,"genuine, actual","fake, unreal","real problem, real danger"
realistic,Having or showing a sensible and practical idea of what can be achieved or expected,thực tế,He has a realistic view of the situation.,"adjective, noun",realistically,"practical, sensible","unrealistic, impractical","realistic expectations, realistic approach"
reality,"The state of things as they actually exist, as opposed to an idealistic or notional idea of them",thực tế,He needs to face reality.,"noun, verb",realities,"truth, fact","fantasy, illusion","face reality, harsh reality"
realize,Become fully aware of (something) as a fact; understand clearly,nhận ra,She realized her mistake.,"verb, noun","realizes, realizing, realized","recognize, comprehend","misunderstand, neglect","realize the truth, realize a dream"
really,"In actual fact, as opposed to what is said or imagined to be true or possible",Thực ra,I really enjoyed the movie.,adverb,realness,"truly, indeed","barely, hardly","really good, really happy"
reason,"A cause, explanation, or justification for an action or event",lý do,There is a good reason for his actions.,"noun, verb",reasons,"cause, explanation",none,"good reason, main reason"
reasonable,Having sound judgment; fair and sensible,hợp lý,She made a reasonable decision.,"adjective, noun",reasonableness,"sensible, fair","unreasonable, unfair","reasonable price, reasonable doubt"
reasonably,In a fair and sensible way,hợp lý,He acted reasonably in the situation.,adverb,none,"sensibly, fairly",unreasonably,"act reasonably, reasonably well"
recall,"Bring (a fact, event, or situation) back into one's mind; remember",nhớ lại,He recalls the event clearly.,"verb, noun","recalls, recalling, recalled","remember, recollect","forget, ignore","recall an event, recall information"
receive,"Be given, presented with, or paid (something)",nhận được,She received a gift.,"verb, noun","receives, receiving, received","accept, get","send, give","receive a gift, receive news"
recent,"Having happened, begun, or been done not long ago; belonging to a past period comparatively close to the present",gần đây,The recent news is shocking.,"adjective, noun",recently,"new, current","old, past","recent events, recent developments"
recently,At a recent time; not long ago,gần đây,I recently visited my friend.,adverb,none,"lately, just",long ago,"recently arrived, recently discovered"
recipe,"A set of instructions for preparing a particular dish, including a list of the ingredients required",công thức,She followed the recipe carefully.,"noun, verb",recipes,"instructions, method",none,"cooking recipe, follow a recipe"
recognition,"The action or process of recognizing or being recognized, in particular",sự công nhận,He earned recognition for his work.,"noun, verb",recognitions,"acknowledgment, identification",ignorance,"gain recognition, public recognition"
recognize,Identify (someone or something) from having encountered them before; know again,nhận ra,I recognize her from school.,"verb, noun","recognizes, recognizing, recognized","identify, know","misidentify, overlook","recognize a face, recognize a name"
recommend,Put forward (someone or something) with approval as being suitable for a particular purpose or role,gợi ý,She recommends this book.,"verb, noun","recommends, recommending, recommended","suggest, endorse","discourage, disapprove","highly recommend, recommend a book"
record,"A thing constituting a piece of evidence about the past, especially an account kept in writing or some other permanent form",ghi ,He set a new world record.,"noun, verb",records,"document, log",none,"world record, record holder"
recording,The action or process of recording sound or a performance for subsequent reproduction or broadcast,ghi âm,She listened to the recording.,"noun, verb",recordings,"taping, documentation",none,"audio recording, recording studio"
recover,"Return to a normal state of health, mind, or strength",hồi phục,He is expected to recover soon.,"verb, noun","recovers, recovering, recovered","heal, recuperate","deteriorate, worsen","recover from, recover quickly"
recovery,"A return to a normal state of health, mind, or strength",sự hồi phục,Her recovery was quick.,"noun, verb",recoveries,"healing, recuperation","deterioration, relapse","speedy recovery, recovery time"
recruit,Enlist (someone) in the armed forces,tuyển dụng,The army recruits new soldiers every year.,"verb, noun","recruits, recruiting, recruited","enlist, hire","dismiss, fire","recruit new members, military recruit"
reduce,"Make smaller or less in amount, degree, or size",giảm bớt,They aim to reduce costs.,"verb, noun","reduces, reducing, reduced","decrease, diminish","increase, expand","reduce waste, reduce cost"
reduction,"The action or fact of making something smaller or less in amount, degree, or size",sự giảm bớt,There was a reduction in crime rates.,"noun, verb",reductions,"decrease, cut","increase, growth","tax reduction, reduction in"
refer,Mention or allude to,tham khảo,He referred to the manual for instructions.,"verb, noun","refers, referring, referred","mention, cite","ignore, overlook","refer to, refer back"
reference,The use of a source of information in order to ascertain something,thẩm quyền giải quyết,She provided a reference for her friend.,"noun, verb",references,"citation, source","disregard, neglect","reference book, reference point"
reflect,"Throw back (heat, light, or sound) without absorbing it",phản ánh,The mirror reflects light.,"verb, noun","reflects, reflecting, reflected","mirror, return","absorb, retain","reflect light, reflect on"
reform,"Make changes in (something, typically a social, political, or economic institution or practice) in order to improve it",cải cách,They plan to reform the education system.,"verb, noun",reforms,"improve, amend","deteriorate, worsen","reform policy, reform effort"
refrigerator,An appliance or compartment that is artificially kept cool and used to store food and drink,tủ lạnh,She put the milk in the refrigerator.,"noun, verb",refrigerators,"fridge, cooler",none,"put in refrigerator, take out of refrigerator"
refuse,Indicate or show that one is not willing to do something,từ chối ,He refused to help.,"verb, noun","refuses, refusing, refused","decline, reject","accept, agree","refuse help, refuse to do"
regard,Consider or think of (someone or something) in a specified way,về,She is highly regarded by her peers.,"verb, noun",regards,"consider, view","ignore, disregard","regard highly, with regard to"
regarding,With respect to; concerning,về,"Regarding your request, we will get back to you.",preposition,none,"concerning, about",none,"regarding your inquiry, regarding this matter"
region,"An area, especially part of a country or the world having definable characteristics but not always fixed boundaries",vùng đất,This region is known for its wine.,"noun, adjective",regions,"area, zone",none,"wine region, coastal region"
regional,Relating to or characteristic of a region,khu vực,Regional differences can be significant.,"adjective, noun",regionally,"local, provincial",global,"regional differences, regional manager"
register,Enter or record on an official list or directory,đăng ký,She registered for the course.,"verb, noun","registers, registering, registered","enroll, record",deregister,"register online, register for"
regret,"Feel sad, repentant, or disappointed over (something that one has done or failed to do)",hối tiếc,He regretted his decision.,"verb, noun","regrets, regretting, regretted","repent, lament","satisfaction, rejoice","express regret, deep regret"
regular,"Arranged in or constituting a constant or definite pattern, especially with the same space between individual instances",thường xuyên,She has a regular schedule.,"adjective, noun",regularly,"consistent, habitual","irregular, infrequent","regular schedule, regular basis"
regularly,"With a constant or definite pattern, especially with the same space between individual instances",thường xuyên,She exercises regularly.,adverb,none,"consistently, habitually","irregularly, infrequently","exercise regularly, check regularly"
regulation,A rule or directive made and maintained by an authority,quy định,There are strict regulations on this matter.,"noun, verb",regulations,"rule, directive","disorder, lawlessness","strict regulation, government regulation"
reject,"Dismiss as inadequate, inappropriate, or not to one's taste",từ chối,She rejected the offer.,"verb, noun","rejects, rejecting, rejected","decline, refuse","accept, approve","reject an offer, reject a proposal"
relate,Make or show a connection between,liên quan,Can you relate to this situation?,"verb, noun","relates, relating, related","connect, associate","disconnect, separate","relate to, relate with"
related,"Belonging to the same group, connected",có liên quan,They are related by blood.,"adjective, verb",relates,"connected, linked","unrelated, separate","closely related, directly related"
relation,The way in which two or more people or things are connected,mối quan hệ,The relation between the two events is unclear.,"noun, verb",relations,"connection, link","disconnection, separation","relation between, in relation to"
relationship,"The way in which two or more people or things are connected, or the state of being connected",mối quan hệ,They have a good relationship.,"noun, verb",relationships,"connection, association","disconnection, separation","strong relationship, close relationship"
relative,Considered in relation or in proportion to something else,liên quan đến,He is a relative of mine.,"adjective, noun",relatives,"kin, family member","nonrelative, stranger","close relative, distant relative"
relatively,"In relation, comparison, or proportion to something else",tương đối,The task was relatively easy.,adverb,none,"comparatively, somewhat","absolutely, completely","relatively speaking, relatively easy"
relax,Make or become less tense or anxious,thư giãn,She likes to relax after a long day.,"verb, noun","relaxes, relaxing, relaxed","unwind, loosen","tense, tighten","relax and enjoy, relax after"
relaxed,Free from tension and anxiety; at ease,thư giãn,She felt relaxed after the massage.,"adjective, verb","relaxes, relaxing, relaxed","calm, at ease","tense, anxious","feel relaxed, relaxed atmosphere"
relaxing,Serving to relax or ease tension,thư giãn,The music was very relaxing.,"adjective, verb",relaxes,"soothing, calming","stressful, tense","relaxing music, relaxing bath"
release,Allow or enable to escape from confinement; set free,giải phóng,The prisoner was released after serving ten years.,"verb, noun","releases, releasing, released","free, liberate","confine, restrain","release a prisoner, release information"
relevant,Closely connected or appropriate to what is being done or considered,liên quan,The information was not relevant to the case.,"adjective, noun",relevance,"applicable, pertinent","irrelevant, inappropriate","relevant information, highly relevant"
relief,A feeling of reassurance and relaxation following release from anxiety or distress,sự cứu tế,He felt a sense of relief after hearing the good news.,"noun, verb",relieve,"comfort, alleviation","stress, anxiety","sense of relief, huge relief"
religion,"The belief in and worship of a superhuman controlling power, especially a personal God or gods",tôn giáo,Religion plays an important role in many people's lives.,"noun, verb",religions,"faith, belief","atheism, disbelief","organized religion, freedom of religion"
religious,Relating to or believing in a religion,tôn giáo,He is very religious and attends church every Sunday.,"adjective, noun",religiously,"devout, pious","nonreligious, secular","religious belief, religious practice"
rely,Depend on with full trust or confidence,phụ thuộc,You can rely on me for help.,"verb, noun","relies, relying, relied","depend, trust","distrust, doubt","rely on someone, rely heavily"
rely on,To depend on or trust someone or something,dựa vào,She relies on her friends for support.,phrasal verb,none,"depend on, count on","distrust, doubt","rely on support, rely on help"
remain,"Continue to exist, especially after other similar or related people or things have ceased to exist",duy trì,He remained calm during the crisis.,"verb, noun","remains, remaining, remained","stay, continue","leave, disappear","remain calm, remain silent"
remaining,"Still existing, present, or in use; surviving",còn lại,She spent her remaining money.,"adjective, verb",remains,"leftover, surviving","gone, absent","remaining funds, remaining time"
remains,"The parts left over after other parts have been removed, used, or destroyed",còn lại,The remains of the ancient city were discovered.,"noun, verb",remains,"ruins, leftovers",whole,"human remains, animal remains"
remark,Say something as a comment; mention,nhận xét,He remarked on the beautiful weather.,"noun, verb","remarks, remarking, remarked","comment, mention","silence, disregard","make a remark, casual remark"
remarkable,Worthy of attention; striking,đáng chú ý,The performance was remarkable.,"adjective, noun",remarkably,"extraordinary, notable","ordinary, unremarkable","remarkable achievement, remarkable person"
remember,Have in or be able to bring to one's mind an awareness of (someone or something from the past),nhớ,I remember meeting her at the party.,"verb, noun","remembers, remembering, remembered","recall, recollect","forget, ignore","remember well, remember meeting"
remind,Cause (someone) to remember someone or something,nhắc lại,She reminded him to take his medication.,"verb, noun","reminds, reminding, reminded","prompt, cue",forget,"remind of, remind about"
remind of,Make someone think about someone or something,nhắc nhở về,The song reminds me of summer.,phrasal verb,none,"evoke, call to mind",forget,"remind someone, remind often"
remote,Situated far from the main centers of population; distant,xa,They live in a remote village.,"adjective, noun",remoteness,"distant, isolated","near, central","remote control, remote location"
removal,The action of taking away or abolishing something unwanted,loại bỏ,The removal of the old building made space for a park.,"noun, verb",removals,"elimination, dismissal","addition, inclusion","removal service, removal of"
remove,Take (something) away or off from the position occupied,di dời,Please remove your shoes before entering.,"verb, noun","removes, removing, removed","take away, eliminate","add, replace","remove shoes, remove stains"
rent,"Pay someone for the use of (something, typically property, land, or a car)",thuê,They decided to rent an apartment.,"verb, noun","rents, renting, rented","lease, hire","own, purchase","rent an apartment, rent a car"
rented,Having been leased or let out for a period of time,thuê,The rented car was comfortable.,adjective,none,"leased, hired",owned,"rented house, rented equipment"
repair,Fix or mend (a thing suffering from damage or a fault),Sửa chữa,He repaired the broken chair.,"verb, noun","repairs, repairing, repaired","fix, mend","damage, break","repair a car, repair the damage"
repeat,Say again something one has already said,lặp lại,Please repeat what you just said.,"verb, noun","repeats, repeating, repeated","restate, reiterate","ignore, disregard","repeat a question, repeat after me"
repeated,Done or occurring again several times in the same way,lặp đi lặp lại,He made repeated attempts to contact her.,adjective,repeats,"recurring, frequent","once, singular","repeated attempts, repeated failures"
repeatedly,Over and over again; constantly,nhiều lần,She called repeatedly but got no answer.,adverb,none,"constantly, persistently","seldom, rarely","call repeatedly, try repeatedly"
replace,Take the place of,thay thế,She replaced the old battery with a new one.,"verb, noun","replaces, replacing, replaced","substitute, exchange","retain, keep","replace the battery, replace old with new"
reply,Say something in response to something someone has said,hồi đáp,He did not reply to her question.,"verb, noun","replies, replying, replied","respond, answer","ignore, question","quick reply, reply to a question"
report,"Give a spoken or written account of something that one has observed, heard, done, or investigated",báo cáo,She reported the incident to the police.,"verb, noun","reports, reporting, reported","describe, recount","suppress, hide","report a crime, report findings"
reporter,"A person who reports, especially one employed to report news or conduct interviews for newspapers or broadcasts",phóng viên,The reporter interviewed the mayor.,"noun, verb",reporters,"journalist, correspondent",none,"news reporter, field reporter"
represent,"Be entitled or appointed to act or speak for (someone), especially in an official capacity",đại diện,He was chosen to represent his country.,"verb, noun","represents, representing, represented","stand for, symbolize","misrepresent, distort","represent the country, represent an idea"
representation,The action of speaking or acting on behalf of someone or the state of being so represented,đại diện,The painting is a representation of the artist's feelings.,"noun, verb",representations,"depiction, portrayal",none,"accurate representation, visual representation"
representative,A person chosen or appointed to act or speak for another or others,tiêu biểu,The representative spoke on behalf of the company.,"noun, adjective",representatives,"delegate, agent",none,"sales representative, company representative"
reproduce,Produce again; copy,tái tạo,Scientists can reproduce the results of the experiment.,"verb, noun","reproduces, reproducing, reproduced","copy, duplicate","destroy, neglect","reproduce the image, reproduce successfully"
reputation,The beliefs or opinions that are generally held about someone or something,danh tiếng,She has a reputation for being very intelligent.,"noun, verb",reputations,"fame, standing","infamy, anonymity","good reputation, build a reputation"
request,An act of asking politely or formally for something,lời yêu cầu,She made a request for more information.,"noun, verb","requests, requesting, requested","demand, plea",none,"formal request, request for"
require,Need for a particular purpose,yêu cầu,This task requires a lot of effort.,"verb, noun","requires, requiring, required","need, necessitate","provide, yield","require assistance, require effort"
requirement,A thing that is needed or wanted,yêu cầu,Meeting the requirements is essential for the job.,"noun, verb",requirements,"necessity, prerequisite","luxury, nonessential","meet the requirement, job requirement"
rescue,Save (someone) from a dangerous or distressing situation,giải thoát,The lifeguard rescued the swimmer.,"verb, noun","rescues, rescuing, rescued","save, recover","endanger, harm","rescue mission, rescue the hostages"
research,The systematic investigation into and study of materials and sources in order to establish facts and reach new conclusions,nghiên cứu,She conducted research on climate change.,"noun, verb","researches, researching, researched","study, investigation","neglect, ignore","conduct research, research findings"
researcher,A person who carries out academic or scientific research,nhà nghiên cứu,The researcher published her findings.,"noun, verb",researchers,"scientist, scholar",none,"medical researcher, scientific researcher"
resemble,"Have qualities or features, especially those of appearance, in common with (someone or something); look or seem like",giống,She resembles her mother.,"verb, noun","resembles, resembling, resembled","look like, mirror","differ from, contrast","closely resemble, resemble each other"
reservation,The action of reserving something,sự đặt chỗ,I made a reservation at the restaurant.,"noun, verb",reservations,"booking, appointment",cancellation,"make a reservation, reservation confirmed"
resident,A person who lives somewhere permanently or on a long-term basis,người dân,He is a resident of New York.,"noun, adjective",residents,"inhabitant, occupant","visitor, tourist","permanent resident, local resident"
resist,Withstand the action or effect of,kháng cự,They resisted the temptation to eat junk food.,"verb, noun","resists, resisting, resisted","withstand, oppose","yield, surrender","resist change, resist temptation"
resistance,The refusal to accept or comply with something,sức chống cự,There was strong resistance to the new law.,"noun, verb",resistances,"opposition, defiance","compliance, submission","strong resistance, resistance movement"
resolve,"Settle or find a solution to (a problem, dispute, or contentious matter)",giải quyết,They resolved their differences.,"verb, noun","resolves, resolving, resolved","settle, solve","complicate, exacerbate","resolve a conflict, resolve an issue"
resort,"A place that is a popular destination for vacations or recreation, or which is frequented for a particular purpose",khu nghỉ mát,They stayed at a beach resort.,"noun, verb",resorts,"vacation spot, retreat",none,"luxury resort, ski resort"
resource,A stock or supply of materials or assets that can be drawn on in order to function effectively,tài nguyên,Natural resources are essential for the economy.,"noun, verb",resources,"supply, asset","depletion, scarcity","energy resource, valuable resource"
respect,"A feeling of deep admiration for someone or something elicited by their abilities, qualities, or achievements",sự tôn trọng,He earned the respect of his peers.,"noun, verb","respects, respecting, respected","admiration, esteem","disrespect, disdain","gain respect, mutual respect"
respond,Say something in reply,trả lời,He responded to her question.,"verb, noun","responds, responding, responded","reply, answer","ignore, neglect","respond quickly, respond to"
response,A verbal or written answer,phản ứng,Her response was quick.,"noun, verb",responses,"answer, reply","question, query","quick response, response to"
responsibility,The state or fact of having a duty to deal with something or of having control over someone,trách nhiệm,He has a lot of responsibility at work.,"noun, verb",responsibilities,"duty, obligation",irresponsibility,"great responsibility, assume responsibility"
responsible,"Having an obligation to do something, or having control over or care for someone, as part of one's job or role",chịu trách nhiệm,She is responsible for the project.,"adjective, noun",responsibly,"accountable, liable","irresponsible, unaccountable","responsible for, hold responsible"
rest,"Cease work or movement in order to relax, refresh oneself, or recover strength",nghỉ ngơi,He needs to rest after the long journey.,"verb, noun","rests, resting, rested","relax, pause","work, exert","take a rest, need rest"
restaurant,A place where people pay to sit and eat meals that are cooked and served on the premises,nhà hàng,They went to a fancy restaurant.,"noun, verb",restaurants,"diner, eatery",none,"fancy restaurant, restaurant meal"
result,"A consequence, effect, or outcome of something",kết quả,The result of the test was positive.,"noun, verb",results,"outcome, consequence","cause, origin","end result, result of"
retain,Continue to have (something); keep possession of,giữ lại,She retained her composure.,"verb, noun","retains, retaining, retained","keep, hold","lose, relinquish","retain control, retain information"
retire,"Leave one's job and cease to work, typically upon reaching the normal age for leaving employment",về hưu,He plans to retire next year.,"verb, noun","retires, retiring, retired","withdraw, stop working","work, continue","retire early, retire from"
return,Come or go back to a place or person,trở lại,She returned the book to the library.,"verb, noun","returns, returning, returned","come back, go back","depart, leave","return home, return to"
reveal,Make (previously unknown or secret information) known to others,tiết lộ,She revealed the truth about the incident.,"verb, noun","reveals, revealing, revealed","disclose, unveil","hide, conceal","reveal a secret, reveal information"
revenue,"Income, especially when of a company or organization and of a substantial nature",doanh thu,The company's revenue has increased.,"noun, verb",revenues,"income, earnings","expenditure, loss","increase revenue, revenue growth"
review,A formal assessment or examination of something with the possibility or intention of instituting change if necessary,ôn tập,The film received mixed reviews.,"noun, verb","reviews, reviewing, reviewed","examine, assess","ignore, neglect","positive review, review process"
revolution,A forcible overthrow of a government or social order in favor of a new system,cuộc cách mạng,The revolution changed the country's history.,"noun, verb",revolutions,"uprising, rebellion","peace, stability","industrial revolution, social revolution"
reward,"A thing given in recognition of one's service, effort, or achievement",phần thưởng,He received a reward for his hard work.,"noun, verb","rewards, rewarding, rewarded","prize, award","penalty, punishment","receive a reward, reward hard work"
rhythm,"A strong, regular, repeated pattern of movement or sound",nhịp điệu,The song has a catchy rhythm.,"noun, verb",rhythms,"beat, tempo",none,"steady rhythm, rhythmic pattern"
rice,"A swamp grass that is widely cultivated as a source of food, especially in Asia",cơm,Rice is a staple food in many cultures.,"noun, verb",rices,"grain, cereal",none,"cooked rice, rice field"
rich,Having a great deal of money or assets; wealthy,giàu có,He is a rich businessman.,"adjective, noun",richness,"wealthy, affluent","poor, destitute","rich and famous, rich in resources"
ride,"Sit on and control the movement of (an animal, typically a horse), especially as a recreation or sport",lái,She loves to ride horses.,"verb, noun","rides, riding, rode","mount, journey","walk, stand","ride a bike, ride a horse"
right,"Morally good, justified, or acceptable",Phải,He made the right decision.,"adjective, noun",rights,"correct, just","wrong, incorrect","right choice, human rights"
ring,"A small circular band, typically of precious metal worn on a finger",nhẫn,She wore a gold ring on her finger.,"noun, verb",rings,"band, circle",none,"gold ring, engagement ring"
rise,Move from a lower position to a higher one; come or go up,tăng lên,The sun rises in the east.,"verb, noun","rises, rising, rose","ascend, climb","descend, fall","rise in price, rise early"
risk,A situation involving exposure to danger,rủi ro,There is a high risk of injury.,"noun, verb","risks, risking, risked","danger, hazard","safety, security","high risk, risk management"
river,"A large natural stream of water flowing in a channel to the sea, a lake, or another river",dòng sông,The river flows into the sea.,"noun, verb",rivers,"stream, waterway",none,"cross the river, river bank"
road,"A wide way leading from one place to another, especially one with a specially prepared surface which vehicles can use",đường,They drove down the road.,"noun, verb",roads,"highway, street",path,"main road, road trip"
rock,"The solid mineral material forming part of the surface of the earth and other similar planets, exposed on the surface or underlying the soil or oceans",đá,He climbed the rock.,"noun, verb",rocks,"stone, boulder",none,"big rock, rock climbing"
role,The function assumed or part played by a person or thing in a particular situation,vai trò,She plays a leading role in the play.,"noun, verb",roles,"part, function",none,"play a role, important role"
roll,Move or cause to move in a particular direction by turning over and over on an axis,cuộn,He rolled the ball across the field.,"verb, noun","rolls, rolling, rolled","rotate, spin",none,"roll the dice, roll up"
romantic,Conducive to or characterized by the expression of love,lãng mạn,They went on a romantic date.,"adjective, noun",romantically,"affectionate, amorous","unromantic, practical","romantic evening, romantic gesture"
roof,The structure forming the upper covering of a building or vehicle,mái nhà,The roof needs repairing.,"noun, verb",roofs,"top, cover",none,"flat roof, roof top"
room,"A part or division of a building enclosed by walls, floor, and ceiling",phòng,The room was spacious and bright.,"noun, verb",rooms,"chamber, space",none,"living room, hotel room"
root,"The part of a plant which attaches it to the ground or to a support, typically underground, conveying water and nourishment to the rest of the plant via numerous branches and fibers",gốc,The tree's roots are deep.,"noun, verb",roots,"base, origin","top, summit","deep root, plant root"
rope,A length of strong cord made by twisting together strands of natural fibers such as hemp or artificial fibers such as polypropylene,dây thừng,He tied the package with rope.,"noun, verb",ropes,"cord, line",none,"tie with rope, climbing rope"
rough,Having an uneven or irregular surface; not smooth or level,thô,The table had a rough surface.,"adjective, noun",roughness,"coarse, uneven","smooth, even","rough surface, rough estimate"
roughly,In a manner lacking gentleness; harshly or violently,đại khái,He estimated the cost roughly.,adverb,none,"approximately, about","exactly, precisely","roughly speaking, roughly calculate"
round,Shaped like or approximately like a circle or cylinder,tròn,The table was round.,"adjective, noun",rounds,"circular, spherical","square, angular","round table, round shape"
route,A way or course taken in getting from a starting point to a destination,tuyến đường,They took a different route to avoid traffic.,"noun, verb",routes,"path, course",none,"bus route, escape route"
routine,A sequence of actions regularly followed; a fixed program,lịch trình,She followed her daily routine.,"noun, adjective",routinely,"schedule, practice","irregularity, disorder","daily routine, workout routine"
row,A number of people or things in a more or less straight line,hàng ngang,They sat in the front row.,"noun, verb",rows,"line, series",none,"front row, in a row"
royal,Having the status of a king or queen or a member of their family,hoàng gia,They visited the royal palace.,"adjective, noun",royalty,"regal, kingly","commoner, plebeian","royal family, royal palace"
rub,Move one's hand or a cloth repeatedly back and forth on the surface of (something) with firm pressure,chà xát,She rubbed her hands together to warm them up.,"verb, noun","rubs, rubbing, rubbed","scrub, massage",none,"rub gently, rub together"
rubbish,Waste material; refuse or litter,rác,He threw the rubbish in the bin.,"noun, verb",rubbishes,"trash, garbage",none,"throw away rubbish, collect rubbish"
rude,Offensively impolite or ill-mannered,bất lịch sự,His rude comments upset everyone.,"adjective, noun",rudely,"impolite, disrespectful","polite, respectful","rude behavior, rude remark"
ruin,"Reduce (a building or place) to a state of decay, collapse, or disintegration",sự đổ nát,The ancient city was ruined by the earthquake.,"verb, noun","ruins, ruining, ruined","destroy, devastate","restore, build","ancient ruins, ruins of the castle"
rule,One of a set of explicit or understood regulations or principles governing conduct within a particular activity or sphere,luật lệ,You must follow the school rules.,"noun, verb",rules,"regulation, guideline","disorder, chaos","follow the rules, rule book"
ruler,A person exercising government or dominion,cái thước kẻ,The ruler of the kingdom was wise and just.,"noun, verb",rulers,"leader, monarch","subject, follower","wise ruler, ruler of the kingdom"
rumor,A currently circulating story or report of uncertain or doubtful truth,tin đồn,There is a rumor going around about the new manager.,"noun, verb",rumors,"gossip, hearsay","fact, truth","spread a rumor, rumor has it"
run,"Move at a speed faster than a walk, never having both or all the feet on the ground at the same time",chạy,She runs every morning to stay fit.,"verb, noun","runs, running, ran","sprint, jog","walk, stroll","run fast, run a race"
runner,"A person who runs, especially in a specified way",Á quân,The runner crossed the finish line.,"noun, verb",runners,"athlete, racer",none,"marathon runner, professional runner"
running,The action or movement of a runner,đang chạy,Running is a great way to stay in shape.,"noun, verb",run,"jogging, racing",none,"running shoes, running track"
rural,"In, relating to, or characteristic of the countryside rather than the town",nông thôn,They live in a rural area.,"adjective, noun",rurally,"countryside, pastoral","urban, city","rural area, rural life"
rush,Move with urgent haste,cây bấc,She rushed to catch the bus.,"verb, noun","rushes, rushing, rushed","hurry, dash","slow, delay","rush hour, rush to"
sack,"A large bag made of a strong material such as hessian, thick paper, or plastic, used for storing and carrying goods",bao,He carried the potatoes in a sack.,"noun, verb",sacks,"bag, pouch",none,"potato sack, sack race"
sad,Feeling or showing sorrow; unhappy,buồn,She felt sad after hearing the news.,"adjective, noun",sadness,"unhappy, sorrowful","happy, joyful","feel sad, sad news"
sadly,In a sad manner,thật đáng buồn,He looked at her sadly.,adverb,none,"mournfully, unhappily","happily, joyfully","look sadly, sadly missed"
sadness,The condition or quality of being sad,nỗi buồn,Her sadness was obvious.,"noun, verb",none,"sorrow, grief","happiness, joy","deep sadness, overwhelming sadness"
safe,Protected from or not exposed to danger or risk; not likely to be harmed or lost,an toàn,The children are safe at home.,"adjective, noun",safely,"secure, protected","unsafe, dangerous","safe and sound, safe from"
safety,"The condition of being protected from or unlikely to cause danger, risk, or injury",sự an toàn,They ensured the safety of the passengers.,"noun, verb",none,"security, protection","danger, risk","health and safety, ensure safety"
sail,"Travel in a boat with sails, especially as a sport or recreation",chèo,They decided to sail around the world.,"verb, noun","sails, sailing, sailed","navigate, cruise","anchor, dock","sail away, sail around"
sailing,The action of sailing in a boat,đi thuyền,Sailing is his favorite hobby.,"noun, verb",none,"boating, yachting",none,"sailing club, sailing trip"
salary,"A fixed regular payment, typically paid on a monthly or biweekly basis but often expressed as an annual sum, made by an employer to an employee, especially a professional or white-collar worker",lương,She received her salary at the end of the month.,"noun, verb",salaries,"pay, earnings",none,"monthly salary, annual salary"
sale,The exchange of a commodity for money; the action of selling something,doanh thu,The sale of the house was completed.,"noun, verb",sales,"deal, transaction",purchase,"for sale, on sale"
salt,A white crystalline substance which gives seawater its characteristic taste and is used for seasoning or preserving food,muối,He added salt to his food.,"noun, verb",salts,"seasoning, spice",none,"pinch of salt, salt shaker"
salty,"Tasting of, containing, or preserved with salt",mặn,The soup was too salty.,"adjective, noun",saltily,"briny, saline",sweet,"salty taste, too salty"
same,Identical; not different,như nhau,They wore the same dress.,"adjective, noun",sameness,"identical, alike","different, varied","same as, same time"
sample,A small part or quantity intended to show what the whole is like,vật mẫu,He took a sample of the soil.,"noun, verb",samples,"specimen, example","whole, entirety","blood sample, sample size"
sand,"A loose granular substance, typically pale yellowish brown, resulting from the erosion of siliceous and other rocks and forming a major constituent of beaches, riverbeds, the seabed, and deserts",cát,The children played in the sand.,"noun, verb",sands,"grit, granules",none,"sand dune, beach sand"
satisfaction,"Fulfillment of one's wishes, expectations, or needs, or the pleasure derived from this",sự hài lòng,He felt a sense of satisfaction after finishing the job.,"noun, verb",satisfactions,"contentment, gratification","dissatisfaction, displeasure","job satisfaction, complete satisfaction"
satisfied,Contented; pleased,thỏa mãn,She was satisfied with the service.,"adjective, verb","satisfies, satisfying, satisfied","content, pleased","dissatisfied, discontent","fully satisfied, satisfied with"
satisfy,"Meet the expectations, needs, or desires of (someone)",thỏa mãn,The food satisfied their hunger.,"verb, noun","satisfies, satisfying, satisfied","fulfill, meet","dissatisfy, displease","satisfy hunger, satisfy needs"
sauce,A liquid or semi-liquid substance served with food to add moistness and flavor,nước xốt,She added sauce to the pasta.,"noun, verb",sauces,"gravy, dressing",none,"tomato sauce, add sauce"
save,Keep safe or rescue (someone or something) from harm or danger,cứu,They worked hard to save the environment.,"verb, noun","saves, saving, saved","rescue, protect","endanger, harm","save money, save time"
saving,"An economy of or reduction in money, time, or another resource",tiết kiệm,They made a saving by buying in bulk.,"noun, verb",savings,"economy, reduction","expenditure, spending","cost saving, saving account"
say,"Utter words so as to convey information, an opinion, a feeling or intention, or an instruction",nói,She didn't know what to say.,"verb, noun","says, saying, said","speak, state","listen, hear","say something, say hello"
scale,An instrument or device used for weighing,tỉ lệ,He stepped on the scale to weigh himself.,"noun, verb",scales,"balance, measure",none,"weighing scale, scale of the problem"
scare,Cause great fear or nervousness in; frighten,sự sợ hãi,The loud noise scared the children.,"verb, noun","scares, scaring, scared","frighten, alarm","comfort, reassure","scare someone, scare off"
scared,Fearful; frightened,sợ hãi,She was scared of the dark.,"adjective, noun",none,"afraid, fearful","brave, bold","scared of the dark, scared to death"
scene,The place where an incident in real life or fiction occurs or occurred,bối cảnh,The crime scene was cordoned off by the police.,"noun, verb",scenes,"location, setting",none,"crime scene, movie scene"
schedule,"A plan for carrying out a process or procedure, giving lists of intended events and times",lịch trình,He followed his daily schedule strictly.,"noun, verb","schedules, scheduling, scheduled","agenda, timetable",disorganization,"daily schedule, work schedule"
scheme,A large-scale systematic plan or arrangement for attaining some particular object or putting a particular idea into effect,cơ chế,They devised a scheme to improve sales.,"noun, verb","schemes, scheming, schemed","plan, strategy","disorder, chaos","implement a scheme, design a scheme"
scary,Causing fear,đáng sợ,The movie was really scary.,"adjective, noun","scarier, scariest","frightening, terrifying","comforting, soothing","scary movie, scary experience"
science,The intellectual and practical activity encompassing the systematic study of the structure and behavior of the physical and natural world through observation and experiment,khoa học,She is studying environmental science.,"noun, verb",sciences,"study, discipline",none,"natural science, social science"
scientific,Based on or characterized by the methods and principles of science,có tính khoa học,The research follows scientific methods.,"adjective, noun",scientifically,"empirical, methodological","unscientific, anecdotal","scientific method, scientific research"
scientist,A person who is studying or has expert knowledge of one or more of the natural or physical sciences,nhà khoa học,The scientist made an important discovery.,"noun, verb",scientists,"researcher, academic",none,"famous scientist, research scientist"
scissors,"An instrument used for cutting cloth, paper, and other thin material, consisting of two pivoted blades",kéo,She cut the paper with scissors.,"noun, verb",none,"shears, clippers",none,"pair of scissors, cut with scissors"
score,"The number of points, goals, runs, etc., achieved in a game or by a team or an individual",điểm,The final score was 3-2.,"noun, verb","scores, scoring, scored","point, result",none,"high score, final score"
scratch,"Make a long, narrow superficial wound in the skin or a surface",cào,He scratched his arm on the branch.,"verb, noun","scratches, scratching, scratched","scrape, mark","heal, mend","scratch the surface, scratch mark"
scream,"Give a long, loud, piercing cry or cries expressing excitement, great emotion, or pain",la hét,She screamed when she saw the spider.,"verb, noun","screams, screaming, screamed","yell, shout","whisper, murmur","loud scream, scream for help"
screen,"A flat panel or area on an electronic device such as a television, computer, or smartphone, on which images and data are displayed",màn hình,He watched the movie on a big screen.,"noun, verb",screens,"display, monitor",none,"computer screen, big screen"
screw,"A metal pin with a spiral thread running around it and a slotted head, used to join things together by being rotated so that it pierces wood, metal, or other material and is held tightly in place",vít,He used a screw to fix the chair.,"noun, verb","screws, screwing, screwed","bolt, fastener","unscrew, loosen","tighten a screw, loose screw"
sea,The expanse of salt water that covers most of the earth's surface and surrounds its landmasses,biển,They sailed across the sea.,"noun, verb",seas,"ocean, marine","land, desert","deep sea, sea level"
search,Try to find something by looking or otherwise seeking carefully and thoroughly,tìm kiếm,She searched for her keys.,"verb, noun","searches, searching, searched","seek, look for","ignore, overlook","search engine, search for"
season,"Each of the four divisions of the year (spring, summer, autumn, and winter) marked by particular weather patterns and daylight hours, resulting from the earth's changing position with regard to the sun",mùa,Spring is her favorite season.,"noun, verb",seasons,"period, time",none,"summer season, peak season"
seat,"A thing made or used for sitting on, such as a chair or stool",ghế,He took a seat in the front row.,"noun, verb",seats,"chair, bench",none,"take a seat, window seat"
second,Constituting number two in a sequence; coming after the first in time or order; 2nd,thứ hai,She finished in second place.,"adjective, noun",seconds,"next, following","first, primary","second time, second place"
secondary,"Coming after, less important than, or resulting from someone or something else that is primary",sơ trung,He attended a secondary school.,"adjective, noun",secondaries,"subordinate, lesser","primary, main","secondary education, secondary role"
secret,Something that is kept or meant to be kept unknown or unseen by others,bí mật,She revealed her secret.,"noun, adjective",secrets,"confidential, hidden","open, public","dark secret, family secret"
secretary,"A person employed by an individual or in an office to assist with correspondence, keep records, make appointments, and carry out similar tasks",thư ký,The secretary arranged the meeting.,"noun, verb",secretaries,"assistant, clerk","boss, manager","executive secretary, secretary general"
section,Any of the more or less distinct parts into which something is or may be divided or from which it is made up,phần,The book has an interesting section on history.,"noun, verb",sections,"part, segment","whole, entirety","cross section, section of"
sector,An area or portion that is distinct from others,lĩnh vực,The technology sector is growing rapidly.,"noun, verb",sectors,"zone, division","whole, entirety","private sector, public sector"
secure,"Fixed or fastened so as not to give way, become loose, or be lost",chắc chắn,The door was securely locked.,"adjective, verb","secures, securing, secured","safe, protected","insecure, unsafe","secure a job, secure a place"
security,The state of being free from danger or threat,bảo vệ,They increased security at the event.,"noun, verb",securities,"safety, protection","danger, risk","security guard, national security"
see,Perceive with the eyes; discern visually,nhìn thấy,She can see clearly now.,"verb, noun","sees, seeing, saw","observe, view","overlook, ignore","see clearly, see through"
seed,"A flowering plant's unit of reproduction, capable of developing into another such plant",hạt giống,He planted a seed in the garden.,"noun, verb",seeds,"grain, kernel",none,"plant a seed, seed packet"
seek,Attempt to find (something),tìm kiếm,He sought advice from a lawyer.,"verb, noun","seeks, seeking, sought","search for, look for","avoid, shun","seek help, seek advice"
seem,Give the impression or sensation of being something or having a particular quality,có vẻ,He seems happy today.,"verb, adjective",seemingly,"appear, look",none,"seem happy, seem like"
select,Carefully choose as being the best or most suitable,lựa chọn,She was selected for the team.,"verb, adjective","selects, selecting, selected","choose, pick","reject, ignore","select carefully, select from"
selection,The action or fact of carefully choosing someone or something as being the best or most suitable,lựa chọn,The selection process was rigorous.,"noun, verb",selections,"choice, pick",none,"wide selection, selection process"
self,"A person's essential being that distinguishes them from others, especially considered as the object of introspection or reflexive action",bản thân,She has a strong sense of self.,"noun, adjective",selves,"identity, individuality",none,"sense of self, self-esteem"
sell,Give or hand over (something) in exchange for money,bán,They decided to sell their car.,"verb, noun","sells, selling, sold","vend, market","buy, purchase","sell a car, sell online"
semester,"A half-year term in a school or university, especially in North America, typically lasting for 15 to 18 weeks",học kỳ,The fall semester starts in September.,"noun, verb",semesters,"term, period",none,"fall semester, spring semester"
send,"Cause to go or be taken to a particular destination; arrange for the delivery of, especially by mail",gửi,She sent a letter to her friend.,"verb, noun","sends, sending, sent","dispatch, deliver","receive, accept","send a letter, send an email"
senior,Of or for older or more experienced people,người lớn tuổi,The senior members of the team took charge.,"adjective, noun",seniors,"elder, experienced","junior, younger","senior citizen, senior member"
sense,"A faculty by which the body perceives an external stimulus; one of the faculties of sight, smell, hearing, taste, and touch",giác quan,He has a good sense of humor.,"noun, verb",senses,"perception, awareness",none,"sense of humor, sense of direction"
sensible,Done or chosen in accordance with wisdom or prudence; likely to be of benefit,hợp lý,It was a sensible decision.,"adjective, noun",sensibly,"wise, prudent","foolish, imprudent","sensible decision, sensible choice"
sensitive,"Quick to detect or respond to slight changes, signals, or influences",nhạy cảm,She is very sensitive to criticism.,"adjective, noun",sensitively,"responsive, reactive","insensitive, unresponsive","highly sensitive, sensitive to"
sentence,"A set of words that is complete in itself, typically containing a subject and predicate, conveying a statement, question, exclamation, or command, and consisting of a main clause and sometimes one or more subordinate clauses",câu,He wrote a complex sentence.,"noun, verb",sentences,"phrase, clause",none,"complete sentence, complex sentence"
separate,Forming or viewed as a unit apart or by itself,chia,They agreed to go their separate ways.,"verb, adjective","separates, separating, separated","divide, detach","join, unite","separate ways, separate rooms"
separately,As a separate entity or entities; not together,riêng,They arrived separately.,adverb,none,"individually, singly","together, jointly","arrive separately, live separately"
September,"The ninth month of the year, in the northern hemisphere usually considered the first month of autumn",Tháng 9,School starts in September.,noun,none,none,none,"early September, in September"
serious,Demanding careful consideration or application,nghiêm trọng,He is a serious student.,"adjective, noun",seriously,"solemn, grave","frivolous, trivial","serious issue, serious problem"
seriously,In a solemn or considered manner,nghiêm túc,She looked at him seriously.,adverb,none,"earnestly, gravely","lightly, frivolously","taken seriously, speak seriously"
serve,Perform duties or services for (another person or an organization),phục vụ,He served in the military.,"verb, noun","serves, serving, served","assist, attend","neglect, ignore","serve food, serve in the army"
service,The action of helping or doing work for someone,dịch vụ,The restaurant has excellent service.,"noun, verb",services,"aid, assistance","disservice, neglect","customer service, service industry"
session,A meeting or series of meetings of a body for the transaction of business,phiên họp,The committee held a special session.,"noun, verb",sessions,"meeting, gathering",none,"court session, special session"
set,"Put, lay, or stand (something) in a specified place or position",bộ,He set the book on the table.,"verb, noun","sets, setting, set","place, position","remove, unset","set the table, set a goal"
settle,Resolve or reach an agreement about (an argument or problem),ổn định,They settled their differences.,"verb, noun","settles, settling, settled","resolve, agree","prolong, unsettle","settle a dispute, settle down"
several,More than two but not many,một số,He has several friends in the city.,"adjective, noun",none,"few, some",none,"several times, several people"
severe,Strict or harsh,nghiêm trọng,The storm caused severe damage.,"adjective, noun",severity,"harsh, strict","mild, lenient","severe weather, severe punishment"
severely,To an intense degree,nghiêm khắc,She was severely injured in the accident.,adverb,none,"intensely, gravely","mildly, leniently","severely damaged, severely criticized"
sew,"Join, fasten, or repair (something) by making stitches with a needle and thread or a sewing machine",may,She learned to sew from her grandmother.,"verb, noun","sews, sewing, sewed","stitch, mend","tear, rip","sew clothes, sew a button"
sewing,The activity or skill of making or repairing clothes,khâu vá,Sewing is a useful skill.,"noun, verb",none,"needlework, tailoring",none,"sewing machine, sewing kit"
sex,Either of the two main categories (male and female) into which humans and most other living things are divided on the basis of their reproductive functions,tình dục,They discussed the differences between sex and gender.,"noun, verb",sexes,"gender, category",none,"sex differences, opposite sex"
sexual,"Relating to the instincts, physiological processes, and activities connected with physical attraction or intimate physical contact between individuals",tình dục,The film explores sexual relationships.,"adjective, noun",sexually,"erotic, intimate","nonsexual, platonic","sexual behavior, sexual health"
shade,Comparative darkness and coolness caused by shelter from direct sunlight,bóng râm,We sat in the shade of a large tree.,"noun, verb",shades,"shelter, cover","sunlight, brightness","in the shade, shade of the tree"
shadow,A dark area or shape produced by a body coming between rays of light and a surface,bóng tối,His shadow followed him closely.,"noun, verb",shadows,"silhouette, outline","light, illumination","cast a shadow, shadow of doubt"
shake,"Tremble or vibrate, typically as a result of anxiety, excitement, or frailty",lắc,He shook with fear.,"verb, noun","shakes, shaking, shook","tremble, quiver","steady, calm","shake hands, shake with fear"
shall,Used to express what is inevitable or seems likely to happen in the future,nên,I shall return by evening.,modal verb,none,"will, should",none,"shall we, we shall see"
shallow,Of little depth,nông,The water was too shallow for diving.,"adjective, noun",shallowly,"superficial, slight","deep, profound","shallow water, shallow end"
shame,A painful feeling of humiliation or distress caused by the consciousness of wrong or foolish behavior,nỗi tủi nhục,She felt a deep sense of shame.,"noun, verb","shames, shaming, shamed","humiliation, embarrassment","pride, confidence","sense of shame, feel shame"
shape,"The external form, contours, or outline of someone or something",hình dạng,The shape of the object was unusual.,"noun, verb","shapes, shaping, shaped","form, outline",none,"shape of, change shape"
shaped,Having a specific shape or form,có hình dạng,The cookies were shaped like stars.,"adjective, verb",none,"formed, structured",amorphous,"well-shaped, oddly shaped"
share,"A part or portion of a larger amount which is divided among a number of people, or to which a number of people contribute",chia sẻ,He took his share of the profits.,"noun, verb","shares, sharing, shared","portion, part","whole, entirety","share a room, share information"
sharp,Having an edge or point that is able to cut or pierce something,sắc,The knife was very sharp.,"adjective, noun",sharply,"keen, pointed","dull, blunt","sharp edge, sharp knife"
sharply,In a severe or intense manner,sắc nét,The prices rose sharply.,adverb,none,"suddenly, steeply","gradually, slowly","sharply rise, sharply decline"
shave,Cut the hair off one's face with a razor,cạo râu,He shaves every morning.,"verb, noun","shaves, shaving, shaved","trim, cut","grow, let grow","shave your beard, shave off"
she,"Used to refer to a woman, girl, or female animal previously mentioned or easily identified",cô ấy,She is a talented musician.,pronoun,none,"female, her","he, him","she said, she is"
sheet,"A large, thin, flat piece of material",tờ giấy,He pulled the sheet over the bed.,"noun, verb",sheets,"bedspread, layer",none,"clean sheet, sheet of paper"
shelf,"A flat, usually rectangular structure made of wood, metal, or glass, which is fixed to a wall or forming part of a piece of furniture, used to hold or store things",cái kệ,She placed the book on the shelf.,"noun, verb",shelves,"ledge, board",none,"wooden shelf, book shelf"
shell,The hard protective outer case of a mollusk or crustacean,vỏ bọc,The turtle's shell is very hard.,"noun, verb",shells,"carapace, casing","core, interior","seashell, turtle shell"
shelter,A place giving temporary protection from bad weather or danger,nơi trú ẩn,They found shelter under a tree.,"noun, verb","shelters, sheltering, sheltered","refuge, protection","exposure, endangerment","take shelter, provide shelter"
shift,"Move or cause to move from one place to another, especially over a small distance",sự thay đổi,He shifted the box to the other side of the room.,"verb, noun","shifts, shifting, shifted","move, transfer","stay, remain","shift gears, shift position"
shine,Give out a bright light,chiếu sáng,The sun was shining brightly.,"verb, noun","shines, shining, shone","glow, radiate","dim, dull","shine brightly, shine on"
shiny,"Reflecting light, typically because very clean or polished",sáng bóng,Her hair was shiny and smooth.,"adjective, noun","shinier, shiniest","gleaming, glossy","dull, matte","shiny hair, shiny surface"
ship,A large boat for transporting people or goods by sea,tàu thủy,The ship sailed across the ocean.,"noun, verb","ships, shipping, shipped","vessel, boat","raft, dinghy","cargo ship, cruise ship"
shirt,"A garment for the upper body made of cotton or a similar fabric, with a collar and sleeves, and with buttons down the front",áo sơ mi,He wore a blue shirt.,"noun, verb",shirts,"blouse, top","pants, trousers","button-down shirt, dress shirt"
shock,A sudden upsetting or surprising event or experience,sốc,The news came as a shock.,"noun, verb","shocks, shocking, shocked","surprise, astonish","expectation, predictability","culture shock, electric shock"
shocked,Surprised and upset,bị sốc,She was shocked by the news.,"adjective, verb",shocked,"stunned, astonished","unshocked, unperturbed","look shocked, shocked expression"
shocking,Causing indignation or disgust,gây sốc,The movie had a shocking ending.,"adjective, noun",shocks,"appalling, outrageous","expected, ordinary","shocking news, shocking behavior"
shoe,"A covering for the foot, typically made of leather, having a sturdy sole and not reaching above the ankle",giày,She bought a new pair of shoes.,"noun, verb",shoes,"footwear, sneaker","barefoot, unshod","put on shoes, wear shoes"
shoot,Kill or wound (a person or animal) with a bullet or arrow,bắn,He aimed and shot the deer.,"verb, noun","shoots, shooting, shot","fire, hit","miss, spare","shoot a gun, shoot an arrow"
shoot down,Cause to fall to the ground by shooting,bắn hạ,The plane was shot down.,phrasal verb,none,"down, bring down",miss,"shoot down a plane, shoot down an idea"
shooting,The action or practice of shooting,bắn súng,She went to the shooting range.,"noun, verb",shootings,"firing, gunfire",none,"shooting range, mass shooting"
shop,A building or part of a building where goods or services are sold; a store,cửa hàng,They opened a new shop in town.,"noun, verb","shops, shopping, shopped","store, market",none,"go to the shop, open a shop"
shopping,The action or activity of purchasing goods from stores,mua sắm,She enjoys shopping on weekends.,"noun, verb","shops, shopping, shopped","purchasing, buying",selling,"go shopping, online shopping"
short,Measuring a small distance from end to end,ngắn,He wore a short jacket.,"adjective, noun","shorter, shortest","brief, small","long, tall","short time, short distance"
shortly,In a short time; soon,trong thời gian ngắn,She will arrive shortly.,adverb,none,"soon, promptly","later, eventually","arrive shortly, leave shortly"
shot,The act of firing a gun,bắn,He took a shot at the target.,"noun, verb",shots,"firing, discharge",none,"take a shot, gun shot"
should,"Used to indicate obligation, duty, or correctness, typically when criticizing someone's actions",nên,You should study for the exam.,modal verb,none,"ought to, must",none,"should do, should be"
shoulder,The upper joint of each of a person's arms and the part of the body between this and the neck,vai,He dislocated his shoulder playing football.,"noun, verb",shoulders,"joint, upper arm",none,"shoulder pain, shoulder bag"
shout,Say something very loudly,hét lên,He shouted for help.,"verb, noun","shouts, shouting, shouted","yell, scream","whisper, murmur","shout loudly, shout for"
show,"Display or allow to be perceived (a quality, emotion, or characteristic)",trình diễn,She showed her true feelings.,"verb, noun","shows, showing, showed","display, exhibit","hide, conceal","show emotion, show a film"
shower,"A brief and usually light fall of rain, hail, sleet, or snow",vòi sen,We got caught in a shower.,"noun, verb","showers, showering, showered","rainfall, drizzle",drought,"take a shower, shower of rain"
show off,Display one's abilities or accomplishments in a proud or boastful manner,khoe khoang,He likes to show off his new car.,phrasal verb,none,"boast, brag","hide, understate","show off talent, show off skills"
show up,Arrive or turn up at a place,xuất hiện,She showed up late to the meeting.,phrasal verb,none,"arrive, appear","miss, avoid","show up on time, show up late"
shut,Move (something) into position so as to block an opening; close,đóng lại,He shut the door.,"verb, noun","shuts, shutting, shut","close, seal","open, uncover","shut the door, shut the window"
shut down,Cease operations,tắt,They decided to shut down the factory.,phrasal verb,none,"close, cease","start, begin","shut down a computer, shut down operations"
shut up,Stop talking or making noise,câm miệng,She told him to shut up.,phrasal verb,none,"silence, quiet","speak, talk","told to shut up, just shut up"
sick,Affected by physical or mental illness,đau ốm,She is feeling sick today.,"adjective, noun","sicker, sickest","ill, unwell","healthy, well","feel sick, get sick"
side,"A position to the left or right of an object, place, or central point",bên,He stood by her side.,"noun, verb",sides,"edge, part","center, middle","side of the road, side effects"
sight,The faculty or power of seeing,thị giác,He lost his sight in the accident.,"noun, verb",sights,"vision, view",blindness,"clear sight, line of sight"
sign,"An object, quality, or event whose presence or occurrence indicates the probable presence or occurrence of something else",dấu hiệu,The dark clouds are a sign of rain.,"noun, verb","signs, signing, signed","indication, symbol",obscurity,"warning sign, sign up"
signal,"A gesture, action, or sound that is used to convey information or instructions",tín hiệu,She gave him a signal to start.,"noun, verb","signals, signaling, signaled","gesture, cue",none,"give a signal, signal to"
signature,A person's name written in a distinctive way as a form of identification in authorizing a check or document or concluding a letter,chữ ký,He wrote his signature at the bottom of the page.,"noun, verb",signatures,"autograph, name",none,"write a signature, signature dish"
significant,Sufficiently great or important to be worthy of attention; noteworthy,có ý nghĩa,The project made a significant impact.,"adjective, noun",significance,"important, noteworthy","insignificant, trivial","significant change, significant difference"
significantly,In a sufficiently great or important way as to be worthy of attention,đáng kể,Her health has improved significantly.,adverb,none,"considerably, notably",insignificantly,"increase significantly, significantly better"
silence,Complete absence of sound,im lặng,There was complete silence in the room.,"noun, verb","silences, silencing, silenced","quiet, stillness","noise, sound","complete silence, awkward silence"
silent,Not making or accompanied by any sound,im lặng,The house was silent at night.,"adjective, noun",silently,"mute, soundless","loud, noisy","silent night, silent film"
silk,"A fine, strong, soft, lustrous fiber produced by silkworms in making cocoons and collected to make thread and fabric",lụa,She wore a beautiful silk dress.,"noun, adjective",silks,"thread, fabric",none,"pure silk, silk scarf"
silly,Having or showing a lack of common sense or judgment; absurd and foolish,ngớ ngẩn,He felt silly wearing the clown costume.,"adjective, noun",silliness,"foolish, absurd","wise, sensible","silly mistake, feel silly"
silver,A shiny gray-white color or precious metal used in jewelry and ornaments,bạc,She wore a silver necklace.,"noun, adjective",silvers,"metal, gray",gold,"silver coin, silver lining"
similar,Resembling without being identical,tương tự,The two cars are similar in size.,"adjective, noun",similarity,"alike, resembling","different, dissimilar","similar to, look similar"
similarly,In a similar way,tương tự,The twins were dressed similarly.,adverb,none,"likewise, correspondingly","differently, contrarily","similarly dressed, similarly affected"
simple,Easily understood or done; presenting no difficulty,đơn giản,The instructions were simple to follow.,"adjective, noun","simpler, simplest","easy, straightforward","complex, difficult","simple task, simple solution"
simply,In a straightforward or plain manner,đơn giản,He simply nodded in agreement.,adverb,none,"plainly, merely","complicatedly, elaborately","simply put, simply because"
since,For the reason that; because,từ,"Since it was raining, we stayed indoors.","conjunction, preposition",none,"because, as","until, before","since then, ever since"
sincere,Free from pretense or deceit; genuine,chân thành,He gave a sincere apology.,"adjective, noun",sincerely,"honest, genuine","insincere, dishonest","sincere apology, sincere effort"
sincerely,In a sincere or genuine way,trân trọng,Thank you sincerely for your help.,adverb,none,"genuinely, earnestly",insincerely,"thank you sincerely, sincerely yours"
sing,"Make musical sounds with the voice, especially words with a set tune",hát,She loves to sing in the shower.,"verb, noun","sings, singing, sang","chant, croon",none,"sing a song, sing loudly"
singer,"A person who sings, especially professionally",ca sĩ,The singer performed on stage.,"noun, verb",singers,"vocalist, performer",none,"famous singer, lead singer"
single,Only one; not one of several,đơn,He is a single man.,"adjective, noun",singles,"one, sole","married, multiple","single room, single person"
sink,"Go down below the surface of something, especially of a liquid; become submerged",bồn rửa,The ship sank to the bottom of the ocean.,"verb, noun","sinks, sinking, sank","submerge, descend","rise, float","sink into, sink beneath"
sir,"Used as a polite or respectful way of addressing a man, especially one in a position of authority",thưa ông,"Excuse me, sir.",noun,none,"gentleman, mister",none,"yes sir, no sir"
sister,A woman or girl in relation to other daughters and sons of her parents,em gái,Her sister is a doctor.,"noun, verb",sisters,"sibling, relative",brother,"younger sister, older sister"
sit,Adopt or be in a position in which one's weight is supported by one's buttocks rather than one's feet and one's back is upright,ngồi,Please sit down.,"verb, noun","sits, sitting, sat","perch, seat","stand, rise","sit down, sit up"
site,"An area of ground on which a town, building, or monument is constructed",địa điểm,The site of the new school has been chosen.,"noun, verb",sites,"location, place",none,"construction site, website"
situation,A set of circumstances in which one finds oneself; a state of affairs,tình huống,The situation is under control.,"noun, adjective",situations,"circumstance, condition",none,"dangerous situation, current situation"
six,"Equivalent to the product of two and three; one more than five, or four less than ten",sáu,There are six apples in the basket.,"noun, adjective",sixth,half a dozen,none,"six years, six times"
sixteen,"Equivalent to the product of four and four; one more than fifteen, or four more than twelve",mười sáu,She turned sixteen last month.,"noun, adjective",sixteens,none,none,"sweet sixteen, age sixteen"
sixth,Constituting number six in a sequence; 6th,thứ sáu,He finished in sixth place.,"noun, adjective",sixths,none,none,"sixth place, sixth grade"
sixtieth,Constituting number sixty in a sequence; 60th,thứ sáu mươi,He celebrated his sixtieth birthday.,"adjective, noun",none,none,none,"sixtieth anniversary, sixtieth place"
sixty,The number equivalent to the product of six and ten; ten more than fifty,sáu mươi,There are sixty seconds in a minute.,"noun, adjective",none,none,none,"sixty minutes, sixty years"
size,The relative extent of something; a thing's overall dimensions or magnitude; how big something is,kích cỡ,What size is your shirt?,"noun, verb",sizes,"dimension, magnitude",none,"large size, small size"
skilful,Having or showing skill,khéo léo,She is a skilful artist.,"adjective, noun",none,"adept, proficient","unskilled, inept","skilful performance, skilful handling"
skilfully,In a way that shows skill,khéo léo,He completed the task skilfully.,adverb,none,"expertly, proficiently","clumsily, poorly","skilfully executed, skilfully done"
skill,The ability to do something well; expertise,kỹ năng,Her skill in cooking is impressive.,"noun, verb",skills,"expertise, ability","incompetence, ineptitude","develop a skill, learn a skill"
skilled,"Having or showing the knowledge, ability, or training to perform a certain activity or task well",có tay nghề cao,He is skilled in carpentry.,"adjective, noun",skillfully,"trained, experienced","unskilled, untrained","skilled labor, skilled worker"
skin,The thin layer of tissue forming the natural outer covering of the body of a person or animal,da,His skin is very sensitive.,"noun, verb",skins,"dermis, epidermis",none,"dry skin, skin care"
skirt,A woman's outer garment fastened around the waist and hanging down around the legs,váy ngắn,She wore a red skirt.,"noun, verb",skirts,none,none,"short skirt, long skirt"
sky,The region of the atmosphere and outer space seen from the earth,bầu trời,The sky is clear today.,"noun, verb",skies,"heavens, atmosphere","ground, earth","clear sky, night sky"
sleep,"A condition of body and mind such as that which typically recurs for several hours every night, in which the nervous system is relatively inactive",ngủ,He needs eight hours of sleep.,"noun, verb","sleeps, sleeping, slept","rest, slumber","wakefulness, consciousness","deep sleep, sleep well"
sleeve,The part of a garment that wholly or partly covers a person's arm,tay áo,He rolled up his sleeves.,"noun, verb",sleeves,cuff,none,"long sleeve, short sleeve"
slice,"A thin, broad piece of food, such as bread, meat, or cake, cut from a larger portion",lát cắt,She cut a slice of bread.,"noun, verb","slices, slicing, sliced","piece, portion","whole, chunk","slice of pizza, slice of cake"
slide,Move smoothly along a surface while maintaining continuous contact with it,cầu trượt,The children like to slide down the hill.,"verb, noun","slides, sliding, slid","glide, slip","stick, adhere","slide down, slide away"
slight,Small in degree; not considerable,nhẹ,There was a slight change in the plan.,"adjective, noun",slightly,"small, minor","large, significant","slight difference, slight chance"
slightly,To a small degree; not considerably,nhẹ nhàng,She was slightly injured in the accident.,adverb,none,"a little, somewhat","considerably, significantly","slightly higher, slightly better"
slip,Lose one's footing and slide unintentionally for a short distance,trượt,He slipped on the wet floor.,"verb, noun","slips, slipping, slipped","fall, stumble","stand, remain","slip and fall, slip away"
slope,A surface of which one end or side is at a higher level than another; a rising or falling surface,độ dốc,They climbed up the slope.,"noun, verb",slopes,"incline, hill","flat, level","steep slope, gentle slope"
slow,"Moving or operating, or designed to do so, only at a low speed; not quick or fast",chậm,The car was moving slow.,"adjective, verb","slower, slowest","leisurely, unhurried","fast, quick","slow speed, slow down"
slowly,At a slow speed; not quickly,chậm,He walked slowly down the path.,adverb,none,"gradually, bit by bit","quickly, swiftly","walk slowly, move slowly"
small,Of a size that is less than normal or usual,bé nhỏ,She bought a small car.,"adjective, noun","smaller, smallest","little, tiny","large, big","small size, small amount"
smart,Having or showing a quick-witted intelligence,thông minh,He is very smart for his age.,"adjective, verb",smartly,"intelligent, clever","dull, foolish","smart move, smart kid"
smash,Violently break (something) into pieces,đập vỡ,He smashed the glass in anger.,"verb, noun","smashes, smashing, smashed","shatter, break","mend, fix","smash into, smash up"
smell,The faculty or power of perceiving odors or scents by means of the organs in the nose,mùi,I love the smell of fresh bread.,"noun, verb","smells, smelling, smelled","odor, scent",stench,"sweet smell, bad smell"
smile,"Form one's features into a pleased, kind, or amused expression, typically with the corners of the mouth turned up and the front teeth exposed",nụ cười,She smiled at the joke.,"verb, noun","smiles, smiling, smiled","grin, beam","frown, scowl","big smile, smile at"
smoke,"A visible suspension of carbon or other particles in air, typically one emitted from a burning substance",khói,The smoke from the fire was thick.,"noun, verb","smokes, smoking, smoked","fume, vapor",clear air,"cigarette smoke, smoke rises"
smooth,"Having an even and regular surface or consistency; free from perceptible projections, lumps, or indentations",trơn tru,The surface of the table was smooth.,"adjective, noun","smooths, smoothing, smoothed","even, flat","rough, uneven","smooth surface, smooth skin"
smoothly,In a smooth manner; with an even and regular movement,suôn sẻ,The car runs smoothly.,adverb,none,"effortlessly, easily","roughly, jerkily","run smoothly, go smoothly"
snake,"A long limbless reptile which has no eyelids, a short tail, and jaws that are capable of considerable extension",rắn,The snake slithered away.,"noun, verb",snakes,"serpent, reptile",none,"venomous snake, big snake"
snow,Atmospheric water vapor frozen into ice crystals and falling in light white flakes or lying on the ground as a white layer,tuyết,The snow covered the ground.,"noun, verb","snows, snowing, snowed","flakes, snowfall",rain,"heavy snow, snow falls"
so,To such a great extent,Vì thế,She was so tired that she couldn't speak.,"adverb, conjunction",none,"thus, therefore",none,"so much, so far"
soap,"A substance used with water for washing and cleaning, made of a compound of natural oils or fats with sodium hydroxide or another strong alkali, and typically having perfume and coloring added",xà phòng,He washed his hands with soap.,"noun, verb",soaps,"detergent, cleanser",none,"bar of soap, liquid soap"
social,Relating to society or its organization,xã hội,She enjoys social activities.,"adjective, noun",socially,"communal, societal",individual,"social network, social skills"
socially,In a manner that relates to society or its organization,xã hội,They are socially active.,adverb,none,sociably,none,"socially acceptable, socially active"
society,The aggregate of people living together in a more or less ordered community,xã hội,The society is very diverse.,"noun, verb",societies,"community, civilization","individual, isolation","modern society, diverse society"
sock,"A garment for the foot and lower part of the leg, typically knitted from wool, cotton, or nylon",tất,He wore a pair of socks.,"noun, verb",socks,"footwear, stocking",none,"pair of socks, wool socks"
soft,"Easy to mold, cut, compress, or fold; not hard or firm to the touch",mềm mại,The pillow was soft.,"adjective, noun","softer, softest","pliant, tender","hard, firm","soft touch, soft voice"
softly,"In a gentle, quiet, or subdued manner",nhẹ nhàng,She spoke softly to the baby.,adverb,none,"gently, quietly","loudly, harshly","speak softly, tread softly"
soil,"The upper layer of earth in which plants grow, a black or dark brown material typically consisting of a mixture of organic remains, clay, and rock particles",đất,The soil is rich and fertile.,"noun, verb",soils,"earth, dirt","rock, stone","fertile soil, rich soil"
soldier,A person who serves in an army,lính,The soldier stood guard at the gate.,"noun, verb",soldiers,"military personnel, serviceman",civilian,"brave soldier, recruit soldier"
solution,A means of solving a problem or dealing with a difficult situation,giải pháp,They found a solution to the problem.,"noun, verb",solutions,"answer, resolution","problem, issue","find a solution, possible solution"
solve,"Find an answer to, explanation for, or means of effectively dealing with (a problem or mystery)",gỡ rối,She solved the puzzle quickly.,"verb, noun","solves, solving, solved","resolve, figure out","complicate, puzzle","solve a problem, solve a puzzle"
some,An unspecified amount or number of,một số,She needs some help with her homework.,"pronoun, adjective",none,"several, a few",none,"some people, some time"
somebody,An unspecified person,ai đó,Somebody left their umbrella.,pronoun,none,"anyone, someone",none,"somebody help, somebody else"
somehow,In some way; by some means,bằng cách nào đó,We'll get there somehow.,adverb,none,"in some way, by any means",none,"somehow manage, somehow get"
someone,An unknown or unspecified person,người nào đó,Someone is at the door.,pronoun,none,"somebody, anyone",none,"someone special, someone new"
something,A thing that is unspecified or unknown,thứ gì đó,I need something to eat.,"pronoun, noun",none,"anything, object",nothing,"something to eat, something else"
sometimes,"Occasionally, rather than all of the time",Thỉnh thoảng,Sometimes I go for a walk.,adverb,none,"occasionally, at times","always, never","sometimes we, sometimes go"
somewhat,To a moderate extent or by a moderate amount,phần nào,The movie was somewhat interesting.,adverb,none,"slightly, moderately","completely, entirely","somewhat agree, somewhat difficult"
somewhere,In or at or to some place; some place,ở đâu đó,He lives somewhere near here.,adverb,none,"anywhere, in some place",nowhere,"somewhere else, somewhere around"
son,A boy or man in relation to either or both of his parents,con trai,He is proud of his son.,"noun, verb",sons,"boy, offspring",daughter,"proud son, youngest son"
song,A short poem or other set of words set to music or meant to be sung,bài hát,She sang a beautiful song.,"noun, verb",songs,"melody, tune",none,"sing a song, love song"
soon,In or after a short time,sớm,We will leave soon.,adverb,"sooner, soonest","shortly, presently","later, eventually","see you soon, come soon"
sore,Suffering pain from a part of one's body,đau,His muscles are sore after the workout.,"adjective, noun",sores,"painful, aching","comfortable, painless","sore throat, sore muscles"
sorry,"Feeling distress, especially through sympathy with someone else's misfortune",Xin lỗi,I am sorry for your loss.,"adjective, verb","sorrier, sorriest","apologetic, regretful","unapologetic, indifferent","feel sorry, so sorry"
sort,A category of things or people having some common feature; a type,loại,This is my favorite sort of music.,"noun, verb","sorts, sorting, sorted","type, kind",none,"all sorts, sort of"
sort out,Organize or arrange something that is mixed up or untidy,sắp xếp,I need to sort out my papers.,phrasal verb,none,"organize, arrange","mix up, confuse","sort out a problem, sort out the mess"
soul,"The spiritual or immaterial part of a human being or animal, regarded as immortal",linh hồn,He believes in the soul's immortality.,"noun, adjective",souls,"spirit, essence","body, flesh","soul mate, soul searching"
sound,Vibrations that travel through the air or another medium and can be heard when they reach a person's or animal's ear,âm thanh,She heard a strange sound.,"noun, verb","sounds, sounding, sounded","noise, tone","silence, quiet","make a sound, loud sound"
soup,"A liquid dish, typically made by boiling meat, fish, or vegetables, etc., in stock or water",canh,He made a pot of chicken soup.,"noun, verb",soups,"broth, chowder",none,"bowl of soup, hot soup"
source,"A place, person, or thing from which something comes or can be obtained",nguồn,The river is the main source of water for the village.,"noun, verb",sources,"origin, basis","end, result","energy source, reliable source"
south,"The direction toward the point of the horizon 90Â° clockwise from east, or the point on the horizon itself",phía nam,They traveled south for the winter.,"noun, adjective",none,none,north,"travel south, head south"
southern,Situated in the south or directed toward or facing the south,miền nam,The southern part of the country is warmer.,"adjective, noun",southerly,southward,northern,"southern region, southern accent"
space,"A continuous area or expanse which is free, available, or unoccupied",không gian,There was enough space for everyone.,"noun, verb",spaces,"area, room",none,"open space, living space"
spare,Additional to what is required for ordinary use,dự phòng,He keeps a spare key under the mat.,"adjective, noun","spares, sparing, spared","extra, backup","necessary, needed","spare time, spare parts"
speak,"Say something in order to convey information, an opinion, or a feeling",nói chuyện,She spoke to the manager.,"verb, noun","speaks, speaking, spoke","talk, converse","listen, silence","speak clearly, speak loudly"
speaker,A person who speaks,loa,The speaker gave an inspiring speech.,"noun, verb",speakers,"orator, lecturer","audience, listener","keynote speaker, guest speaker"
special,"Better, greater, or otherwise different from what is usual",đặc biệt,She has a special talent for music.,"adjective, noun",specials,"unique, particular","ordinary, common","special occasion, special talent"
species,A group of living organisms consisting of similar individuals capable of exchanging genes or interbreeding,giống loài,There are many species of birds in the forest.,"noun, verb",species,"group, type",individual,"endangered species, different species"
specific,Clearly defined or identified,cụ thể,He gave a specific answer to the question.,"adjective, noun",specifically,"definite, particular","general, vague","specific details, specific instructions"
speech,The expression of or the ability to express thoughts and feelings by articulate sounds,lời nói,He gave a wonderful speech.,"noun, verb",speeches,"address, talk","silence, muteness","make a speech, speech therapy"
speed,The rate at which someone or something moves or operates,tốc độ,The car was traveling at high speed.,"noun, verb","speeds, speeding, sped","velocity, pace","slowness, sluggishness","high speed, speed limit"
spell,Write or name the letters that form (a word) in correct sequence,Đánh vần,She can spell her name correctly.,"verb, noun","spells, spelling, spelled","write, letter",none,"spell correctly, spell a word"
spend,"Give (money) to pay for goods, services, or so as to benefit someone or something",tiêu,They spend a lot of money on travel.,"verb, noun","spends, spending, spent","expend, disburse","save, conserve","spend money, spend time"
spice,An aromatic or pungent vegetable substance used to flavor food,gia vị,Add some spice to the dish.,"noun, verb",spices,"seasoning, flavor",none,"add spice, blend of spices"
spicy,Flavored with or fragrant with spice,cay,The food is very spicy.,"adjective, noun","spicier, spiciest","hot, seasoned","bland, mild","spicy food, spicy flavor"
spider,An eight-legged predatory arachnid with an unsegmented body consisting of a fused thorax and abdomen,nhện,There is a spider on the wall.,"noun, verb",spiders,arachnid,none,"spider web, spider bite"
spin,Turn or cause to turn or whirl around quickly,quay,The dancer spun gracefully.,"verb, noun","spins, spinning, spun","twirl, rotate","stop, still","spin around, spin a wheel"
spirit,The non-physical part of a person which is the seat of emotions and character; the soul,tinh thần,He has a strong spirit.,"noun, adjective",spirits,"soul, essence","body, flesh","indomitable spirit, community spirit"
spiritual,Relating to or affecting the human spirit or soul as opposed to material or physical things,tinh thần,She is on a spiritual journey.,"adjective, noun",spiritually,"religious, ethereal","material, physical","spiritual leader, spiritual growth"
spite,"A desire to hurt, annoy, or offend someone",bất chấp,He did it out of spite.,"noun, verb","spites, spiting, spited","malice, bitterness","kindness, goodwill","out of spite, with spite"
split,"Break or cause to break forcibly into parts, especially into halves or along the grain",tách ra,She split the log in two.,"verb, noun","splits, splitting, split","divide, separate","join, unite","split the difference, split apart"
split up,End a relationship,chia tay,They decided to split up.,phrasal verb,none,"break up, separate",stay together,"split up with, split up the group"
spoil,Diminish or destroy the value or quality of,chiều hư,The rain spoiled the picnic.,"verb, noun","spoils, spoiling, spoiled","ruin, damage","improve, enhance","spoil the surprise, spoil the fun"
spoken,Past participle of speak,nói,The speech was well spoken.,"adjective, verb","speaks, speaking, spoke","uttered, verbal",written,"spoken word, spoken language"
spoon,An implement consisting of a small shallow bowl (as of wood or plastic) with a handle used especially in eating and cooking,thìa,He ate soup with a spoon.,"noun, verb",spoons,none,none,"teaspoon, tablespoon"
sport,An activity involving physical exertion and skill in which an individual or team competes against another or others for entertainment,thể thao,He plays several sports.,"noun, verb",sports,"athletics, game",none,"play sport, team sport"
spot,"A small round or roundish mark, differing in color or texture from the surface around it",điểm,There was a spot on his shirt.,"noun, verb",spots,"mark, dot",none,"spot on, spot the difference"
spread,"Open out (something) so as to extend its surface area, width, or length",lây lan,She spread butter on the toast.,"verb, noun","spreads, spreading, spread","unfold, extend","fold, compress","spread the word, spread out"
spring,"The season after winter and before summer, in which vegetation begins to appear, in the northern hemisphere from March to May and in the southern hemisphere from September to November",mùa xuân,Spring is her favorite season.,"noun, verb",springs,"season, time of year","autumn, fall","spring flowers, spring break"
square,A plane figure with four equal straight sides and four right angles,quảng trường,He drew a square on the paper.,"noun, adjective",squares,"quadrilateral, four-sided",none,"square root, square meter"
squeeze,Firmly press (something soft or yielding) typically with one's fingers,vắt kiệt,She squeezed the toothpaste out of the tube.,"verb, noun","squeezes, squeezing, squeezed","press, compress","release, loosen","squeeze the juice, squeeze tightly"
stable,Not likely to change or fail; firmly established,ổn định,The table is stable.,"adjective, noun",stably,"steady, firm","unstable, unsteady","stable condition, stable environment"
staff,All the people employed by a particular organization,nhân viên,The hospital staff is very professional.,"noun, verb",staffs,"personnel, workforce",none,"staff meeting, staff member"
stage,"A point, period, or step in a process or development",sân khấu,The project is in its final stage.,"noun, verb",stages,"phase, step",none,"development stage, early stage"
stair,A set of steps leading from one floor of a building to another,cầu thang,She walked up the stairs.,noun,stairs,"steps, staircase",none,"climb the stairs, stair railing"
stamp,"A small adhesive piece of paper stuck to something to show that an amount of money has been paid, in particular a postage stamp",con tem,He put a stamp on the envelope.,"noun, verb",stamps,"seal, sticker",none,"postage stamp, stamp collection"
stand,"Have or maintain an upright position, supported by one's feet",đứng,She stood in line.,"verb, noun","stands, standing, stood","upright, position","sit, lie","stand still, stand up"
standard,A level of quality or attainment,tiêu chuẩn,The equipment meets safety standards.,"noun, adjective",standards,"criterion, benchmark","substandard, inferior","high standard, quality standard"
star,"A fixed luminous point in the night sky which is a large, remote incandescent body like the sun",ngôi sao,They saw a bright star in the sky.,"noun, verb",stars,"celestial body, sun",none,"shooting star, film star"
start,Begin or set out on a journey or activity,bắt đầu,He decided to start his own business.,"verb, noun","starts, starting, started","begin, commence","finish, end","start a project, start the car"
start off,Begin one's life or a career,bắt đầu,She started off as a junior employee.,phrasal verb,none,"begin, commence",none,"start off with, start off as"
start out,Begin a journey or project,bắt đầu,They started out on their journey.,phrasal verb,none,"embark, commence",none,"start out on, start out with"
start up,Begin operating or functioning,khởi động,He started up the car.,phrasal verb,none,"activate, launch",none,"start up a business, start up the engine"
state,The particular condition that someone or something is in at a specific time,tình trạng,The state of the economy is improving.,"noun, verb",states,"condition, situation",none,"state of mind, state of affairs"
statement,A definite or clear expression of something in speech or writing,tuyên bố,Her statement was clear and concise.,"noun, verb",statements,"declaration, remark","question, inquiry","make a statement, issue a statement"
station,A regular stopping place on a public transportation route,ga tàu,The train arrived at the station.,"noun, verb",stations,"stop, terminal",none,"train station, radio station"
statue,"A carved or cast figure of a person or animal, especially one that is life-size or larger",bức tượng,The statue was unveiled in the town square.,"noun, verb",statues,"sculpture, effigy",none,"bronze statue, life-size statue"
status,"The relative social, professional, or other standing of someone or something",trạng thái,His status in the company is high.,"noun, verb",statuses,"standing, rank",none,"social status, professional status"
stay,Remain in the same place,ở lại,They decided to stay at a hotel.,"verb, noun",stays,"remain, continue","leave, depart","stay at home, stay in touch"
steadily,In a regular and even manner,đều đặn,She worked steadily throughout the night.,adverb,none,"regularly, consistently","irregularly, sporadically","work steadily, improve steadily"
steady,"Firmly fixed, supported, or balanced; not shaking or moving",vững chắc,He held the ladder steady.,"adjective, noun","steadier, steadiest","stable, firm","unsteady, wobbly","steady hand, steady job"
steal,Take (another person's property) without permission or legal right and without intending to return it,ăn cắp,Someone tried to steal his wallet.,"verb, noun","steals, stealing, stole","rob, take","return, give","steal money, steal a car"
steam,"The vapor into which water is converted when heated, forming a white mist of minute water droplets in the air",hơi nước,Steam rose from the boiling kettle.,"noun, verb",steams,"vapor, mist",condensation,"steam engine, steam room"
steel,"A hard, strong gray or bluish-gray alloy of iron with carbon and usually other elements, used as a structural and fabricating material",thép,The building is supported by steel beams.,"noun, verb",steels,none,none,"stainless steel, steel industry"
steep,Rising or falling sharply; nearly perpendicular,dốc,The path became very steep.,"adjective, noun","steeper, steepest","sheer, abrupt","gentle, gradual","steep hill, steep slope"
steer,"Guide or control the movement of (a vehicle, vessel, or aircraft)",chỉ đạo,She steered the boat into the harbor.,"verb, noun",steers,"navigate, guide","misguide, wander","steer clear, steer the car"
step,"A flat surface, especially one in a series, on which to place one's foot when moving from one level to another",bước chân,He took a step forward.,"noun, verb",steps,"stride, stage",none,"take a step, step forward"
stick,A thin piece of wood that has fallen or been cut from a tree,dán,He picked up a stick from the ground.,"noun, verb",sticks,"twig, branch","log, trunk","walking stick, glue stick"
stiff,Not easily bent or changed in shape; rigid,cứng nhắc,The clothes were stiff from drying in the sun.,"adjective, noun","stiffer, stiffest","rigid, inflexible","flexible, pliable","stiff neck, stiff competition"
still,Not moving or making a sound,vẫn,The lake was still in the early morning.,"adjective, adverb","stiller, stillest","motionless, quiet","moving, noisy","sit still, stand still"
sting,Wound or pierce with a sting,đốt,The bee sting was painful.,"verb, noun","stings, stinging, stung","prick, bite","soothe, comfort","bee sting, sting of"
stir,Move a spoon or other implement around in (a liquid or other substance) in order to mix it thoroughly,khuấy động,She stirred the soup.,"verb, noun","stirs, stirring, stirred","mix, blend",none,"stir the pot, stir the mixture"
stock,The goods or merchandise kept on the premises of a business or warehouse and available for sale or distribution,Cổ phần,The store has a large stock of goods.,"noun, verb","stocks, stocking, stocked","inventory, supply","depletion, lack","in stock, stock market"
stomach,The internal organ in which the major part of the digestion of food occurs,cái bụng,He felt a pain in his stomach.,"noun, verb",stomachs,"abdomen, belly",none,"upset stomach, empty stomach"
stone,"A hard, solid nonmetallic mineral matter of which rock is made",cục đá,The path was covered with stones.,"noun, verb",stones,"rock, pebble",none,"throw a stone, stone wall"
stop,Cease movement or operation,dừng lại,He stopped at the red light.,"verb, noun","stops, stopping, stopped","halt, cease","start, go","stop sign, stop working"
store,A retail establishment selling items to the public,cửa hàng,She works at a grocery store.,"noun, verb","stores, storing, stored","shop, market",none,"department store, grocery store"
storm,"A violent disturbance of the atmosphere with strong winds and usually rain, thunder, lightning, or snow",bão,The storm caused a lot of damage.,"noun, verb",storms,"tempest, gale","calm, tranquility","violent storm, weather the storm"
story,An account of imaginary or real people and events told for entertainment,câu chuyện,She told a fascinating story.,"noun, verb",stories,"tale, narrative","fact, reality","tell a story, bedtime story"
straight,Extending or moving uniformly in one direction only; without a curve or bend,thẳng,He walked in a straight line.,"adjective, adverb","straighter, straightest","direct, linear","crooked, curved","straight line, straight path"
strain,Force (a part of one's body or oneself) to make a strenuous or unusually great effort,sự căng thẳng,He strained to lift the heavy box.,"verb, noun","strains, straining, strained","exert, force","relax, ease","strain a muscle, strain to hear"
strange,Unusual or surprising in a way that is unsettling or hard to understand,lạ lùng,She had a strange feeling about the place.,"adjective, noun",strangely,"unusual, odd","normal, familiar","strange feeling, strange place"
strangely,In a way that is unusual or surprising,lạ lùng,He was strangely calm.,adverb,none,"oddly, unusually","normally, typically","strangely enough, strangely quiet"
stranger,A person whom one does not know or with whom one is not familiar,người lạ,A stranger offered to help.,"noun, adjective",strangers,"foreigner, outsider","friend, acquaintance","complete stranger, friendly stranger"
strategy,A plan of action designed to achieve a long-term or overall aim,chiến lược,The company's strategy is to expand its market.,"noun, verb",strategies,"plan, tactic",none,"business strategy, winning strategy"
stream,"A small, narrow river",suối,The stream flows into the river.,"noun, verb",streams,"brook, creek",none,"small stream, fast-flowing stream"
street,"A public road in a city or town, typically with houses and buildings on one or both sides",đường phố,She lives on Maple Street.,"noun, verb",streets,"road, avenue",none,"main street, street name"
strength,The quality or state of being physically strong,sức mạnh,He has great physical strength.,"noun, verb",strengths,"power, vigor","weakness, frailty","build strength, inner strength"
stress,A state of mental or emotional strain or tension resulting from adverse or demanding circumstances,nhấn mạnh,She is under a lot of stress at work.,"noun, verb",stresses,"tension, pressure","relaxation, calm","high stress, stress level"
stretch,(of something soft or elastic) be made or be capable of being made longer or wider without tearing or breaking,kéo dài,She stretched before her workout.,"verb, noun","stretches, stretching, stretched","extend, lengthen","shrink, shorten","stretch out, stretch muscles"
strict,Demanding that rules concerning behavior are obeyed and observed,nghiêm ngặt,The teacher is very strict.,"adjective, noun",strictness,"rigid, severe","lenient, flexible","strict teacher, strict rules"
strictly,In a way that involves rigid enforcement or that demands obedience,nghiêm ngặt,This rule must be strictly followed.,adverb,none,"rigorously, sternly","loosely, leniently","strictly speaking, strictly enforced"
strike,Hit forcibly and deliberately with one's hand or a weapon or other implement,đánh đập,He struck the ball with his bat.,"verb, noun","strikes, striking, struck","hit, knock","caress, tap","strike a match, strike hard"
striking,"Attracting attention by reason of being unusual, extreme, or prominent",nổi bật,She wore a striking red dress.,"adjective, noun",strikingly,"noticeable, dramatic","ordinary, plain","striking contrast, striking resemblance"
string,"Material consisting of threads of cotton, hemp, or other material twisted together to form a thin length",sợi dây,He tied the package with string.,"noun, verb",strings,"cord, thread",none,"piece of string, string theory"
strip,Remove all coverings from,dải,He stripped the old paint from the wall.,"verb, noun",strips,"peel, remove","cover, wrap","strip away, strip off"
stripe,"A long, narrow band or strip, typically one of several, running parallel to each other",sọc,The shirt has blue and white stripes.,"noun, verb",striped,"band, line","block, spot","bold stripes, narrow stripes"
stroke,An act of hitting or striking someone or something; a blow,đột quỵ,He received a stroke on the shoulder.,"noun, verb",strokes,"blow, hit","caress, stroke","a stroke of luck, brush stroke"
strong,Having the power to move heavy weights or perform other physically demanding tasks,mạnh,He is a strong man.,"adjective, noun",strongly,"powerful, sturdy","weak, feeble","strong arm, strong support"
strongly,In a way that shows determination or intensity,mạnh mẽ,She strongly believes in her cause.,adverb,none,"forcefully, firmly","weakly, mildly","strongly agree, strongly support"
structure,The arrangement of and relations between the parts or elements of something complex,kết cấu,The structure of the building is solid.,"noun, verb",structures,"framework, organization","disorganization, chaos","organizational structure, skeletal structure"
struggle,Make forceful or violent efforts to get free of restraint or constriction,đấu tranh ,They struggled to lift the heavy box.,"verb, noun","struggles, struggling, struggled","fight, battle","surrender, give up","struggle with, struggle to"
student,A person who is studying at a school or college,học sinh,She is a diligent student.,"noun, verb",students,"learner, pupil","teacher, instructor","high school student, university student"
studio,"A room where an artist, photographer, sculptor, etc., works",phòng thu,He rented a studio for his paintings.,"noun, verb",studios,"workshop, atelier",none,"art studio, recording studio"
study,The devotion of time and attention to acquiring knowledge on an academic subject,học,He studies hard for his exams.,"noun, verb","studies, studying, studied","learn, research","neglect, ignore","study hard, study abroad"
stuff,"Matter, material, articles, or activities of a specified or indeterminate kind that are being referred to, indicated, or implied",chất liệu,She put all her stuff in a box.,"noun, verb",stuffs,"things, belongings",none,"pack stuff, random stuff"
stupid,Lacking intelligence or common sense,ngốc nghếch,That was a stupid mistake.,"adjective, noun",stupidly,"foolish, unintelligent","intelligent, smart","stupid idea, stupid decision"
style,A manner of doing something,phong cách,She has a unique style of writing.,"noun, verb",styles,"manner, mode","disorganization, chaos","fashion style, unique style"
subject,"A person or thing that is being discussed, described, or dealt with",chủ thể,The subject of the lecture was history.,"noun, verb",subjects,"topic, theme","object, unrelated","main subject, study subject"
submit,Accept or yield to a superior force or to the authority or will of another person,nộp,He had to submit to his boss's decision.,"verb, noun","submits, submitting, submitted","yield, surrender","resist, defy","submit a report, submit to authority"
subsequent,Coming after something in time; following,tiếp theo,The subsequent events were unexpected.,"adjective, noun",subsequently,"following, ensuing","preceding, previous","subsequent chapter, subsequent development"
subsequently,After a particular thing has happened; afterward,sau đó,He subsequently apologized for his mistake.,adverb,none,"afterward, later","previously, before","subsequently found, subsequently realized"
substance,A particular kind of matter with uniform properties,chất,Water is a substance essential for life.,"noun, verb",substances,"material, matter",none,"chemical substance, toxic substance"
substantial,"Of considerable importance, size, or worth",đáng kể,She received a substantial raise.,"adjective, noun",substantially,"considerable, significant","insignificant, trivial","substantial amount, substantial evidence"
substantially,To a great or significant extent,đáng kể,The building was substantially damaged.,adverb,none,"greatly, significantly","slightly, marginally","substantially increase, substantially improve"
substitute,A person or thing acting or serving in place of another,thay thế,He was a substitute teacher.,"verb, noun","substitutes, substituting, substituted","replacement, alternate","original, primary","substitute for, act as a substitute"
success,The accomplishment of an aim or purpose,thành công,She achieved great success in her career.,"noun, verb",successes,"achievement, accomplishment","failure, defeat","measure of success, success story"
successful,Accomplishing an aim or purpose,thành công,The project was successful.,"adjective, noun",successfully,"achieving, triumphant","unsuccessful, failed","successful businessman, successful attempt"
successfully,In a way that accomplishes the desired aim or result,thành công,She successfully completed the task.,adverb,none,"effectively, efficiently","unsuccessfully, ineffectively","successfully complete, successfully implement"
such,Of the type previously mentioned,như là,She had never seen such a beautiful sunset.,"determiner, adjective",none,"so, that","different, another","such a thing, such as"
sudden,Occurring or done quickly and unexpectedly or without warning,đột ngột,The sudden change surprised everyone.,"adjective, noun",suddenly,"unexpected, abrupt","gradual, expected","sudden change, sudden stop"
suddenly,Quickly and unexpectedly,đột nhiên,He suddenly stopped talking.,adverb,none,"unexpectedly, abruptly","gradually, expectedly","happen suddenly, appear suddenly"
suffer,Experience or be subjected to (something bad or unpleasant),chịu đựng,She suffers from chronic pain.,"verb, noun","suffers, suffering, suffered","endure, undergo","enjoy, relish","suffer from, suffer through"
suffering,"The state of undergoing pain, distress, or hardship",đau khổ,Her suffering was evident.,"noun, verb",none,"pain, distress","pleasure, joy","pain and suffering, end suffering"
sufficient,Enough; adequate,hợp lý,He made a sufficient effort.,"adjective, noun",sufficiency,"adequate, enough","insufficient, inadequate","sufficient time, sufficient resources"
sufficiently,To an adequate degree; enough,đủ,['The funds are sufficiently allocated.'],adverb,none,"adequately, enough","insufficiently, inadequately","sufficiently prepared, sufficiently large"
sugar,A sweet crystalline substance obtained from various plants,đường,She added sugar to her tea.,"noun, verb",sugars,sweetener,none,"granulated sugar, brown sugar"
suggest,Put forward for consideration,gợi ý,He suggested a new approach.,"verb, noun","suggests, suggesting, suggested","propose, recommend",none,"suggest a solution, suggest otherwise"
suggestion,An idea or plan put forward for consideration,gợi ý,Her suggestion was well received.,"noun, verb",suggestions,"proposal, recommendation",none,"make a suggestion, helpful suggestion"
suit,"A set of clothes made of the same fabric and designed to be worn together, typically consisting of a jacket and trousers or a jacket and skirt",bộ đồ,He wore a black suit to the meeting.,"noun, verb","suits, suiting, suited","outfit, attire","mismatch, clash","business suit, suit jacket"
suitable,"Right or appropriate for a particular person, purpose, or situation",thích hợp,The dress is suitable for the occasion.,"adjective, verb",suitably,"appropriate, fitting","unsuitable, inappropriate","suitable for, suitable time"
suitcase,"A case with a handle and a hinged lid, used for carrying clothes and other personal possessions",va li,She packed her clothes in a suitcase.,"noun, verb",suitcases,"luggage, bag",none,"pack a suitcase, carry a suitcase"
suited,"Right or appropriate for a particular person, purpose, or situation",phù hợp,She is well suited for the job.,"adjective, verb",none,"appropriate, fitting","unsuited, inappropriate","well suited, suited for"
sum,"The total amount resulting from the addition of two or more numbers, amounts, or items",tổng hợp,The sum of 2 and 3 is 5.,"noun, verb","sums, summing, summed","total, aggregate","part, fraction","sum total, sum of"
summary,A brief statement or account of the main points of something,bản tóm tắt,He gave a brief summary of the report.,"noun, verb",summaries,"overview, synopsis","detail, elaboration","brief summary, summary report"
summer,"The warmest season of the year, in the northern hemisphere from June to August and in the southern hemisphere from December to February",mùa hè,We go on vacation every summer.,"noun, verb",summers,warm season,winter,"hot summer, summer vacation"
sun,The star around which the earth orbits,mặt trời,The sun is shining brightly.,"noun, verb",suns,"star, sunlight",none,"sun rise, sun set"
Sunday,The day of the week before Monday and following Saturday,Chủ nhật,We have a family dinner every Sunday.,noun,Sundays,none,none,"next Sunday, last Sunday"
superior,"Higher in rank, status, or quality",thượng đẳng,He has a superior position in the company.,"adjective, noun",superiors,"better, higher","inferior, lower","superior quality, superior officer"
supply,Make (something needed or wanted) available to someone; provide,cung cấp,They supply the town with water.,"verb, noun","supplies, supplying, supplied","provide, furnish","withdraw, take","supply chain, supply and demand"
support,Bear all or part of the weight of; hold up,ủng hộ,The bridge supports heavy traffic.,"verb, noun","supports, supporting, supported","uphold, back","oppose, undermine","emotional support, financial support"
supporter,"A person who approves of and encourages a public figure, political party, policy, etc.",người ủng hộ,He is a strong supporter of the team.,"noun, verb",supporters,"advocate, backer","opponent, detractor","loyal supporter, ardent supporter"
suppose,Assume that something is the case on the basis of evidence or probability but without proof or certain knowledge,giả định,I suppose you're right.,"verb, noun","supposes, supposing, supposed","assume, presume","know, prove","I suppose so, suppose wrongly"
sure,Confident in what one thinks or knows; having no doubt that one is right,Chắc chắn,I am sure of my decision.,"adjective, verb",surely,"certain, confident","unsure, doubtful","sure thing, sure of"
surely,Used to emphasize the speaker's firm belief that what they are saying is true and often their surprise that there is any doubt of this,chắc chắn,Surely you can't be serious?,adverb,none,"certainly, definitely",doubtfully,"surely not, surely you jest"
surface,The outside part or uppermost layer of something,bề mặt,The surface of the table was smooth.,"noun, verb",surfaces,"exterior, face","interior, inside","surface area, smooth surface"
surround,Be all around (someone or something),bao quanh,Trees surround the house.,"verb, noun","surrounds, surrounding, surrounded","enclose, encircle","release, free","surround completely, surround the area"
surrounding,All around a particular place or thing,xung quanh,The surrounding area is beautiful.,"adjective, noun",none,"encompassing, encompassing",none,"surrounding environment, surrounding community"
survey,Investigate the opinions or experience of (a group of people) by asking them questions,sự khảo sát,They conducted a survey of consumer preferences.,"noun, verb","surveys, surveying, surveyed","poll, study",none,"conduct a survey, survey results"
survive,"Continue to live or exist, especially in spite of danger or hardship",tồn tại,He managed to survive the accident.,"verb, noun","survives, surviving, survived","endure, persist","perish, succumb","survive an accident, survive the winter"
suspect,"Have an idea or impression of the existence, presence, or truth of (something) without certain proof",nghi ngờ,I suspect she is lying.,"verb, noun","suspects, suspecting, suspected","doubt, suppose","trust, believe","suspect a crime, suspect someone"
suspicion,"A feeling or thought that something is possible, likely, or true",sự nghi ngờ,There was a suspicion of foul play.,"noun, verb",suspicions,"mistrust, doubt","certainty, confidence","strong suspicion, under suspicion"
suspicious,Having or showing a cautious distrust of someone or something,khả nghi,He was suspicious of her motives.,"adjective, noun",suspiciously,"distrustful, wary","trusting, gullible","suspicious behavior, suspicious mind"
swallow,"Cause or allow (something, especially food or drink) to pass down the throat",nuốt,She swallowed the pill with water.,"verb, noun","swallows, swallowing, swallowed","ingest, gulp","spit, expel","swallow the pill, swallow hard"
swear,Make a solemn statement or promise undertaking to do something or affirming that something is the case,thề,He swore to tell the truth.,"verb, noun","swears, swearing, swore","vow, promise","deny, break","swear an oath, swear in"
sweat,"Moisture exuded through the pores of the skin, typically in profuse quantities as a reaction to heat, physical exertion, fever, or fear",mồ hôi,He was sweating from the heat.,"noun, verb","sweats, sweating, sweated","perspiration, moisture",dryness,"break into a sweat, cold sweat"
sweep,Clean (an area) by brushing away dirt or litter,quét,She swept the floor.,"verb, noun","sweeps, sweeping, swept","brush, clear","scatter, dirty","sweep the floor, sweep away"
sweet,"Having the pleasant taste characteristic of sugar or honey; not salty, sour, or bitter",ngọt ,The cake was very sweet.,"adjective, noun",sweets,"sugary, sugary","bitter, sour","sweet taste, sweet smell"
swim,Propel the body through water by using the limbs,bơi,He loves to swim in the ocean.,"verb, noun","swims, swimming, swam","dive, float","sink, drown","swim fast, swim in the pool"
swing,Move or cause to move back and forth or from side to side while suspended or on an axis,xích đu,The children love to swing at the playground.,"verb, noun","swings, swinging, swung","sway, rock",none,"swing back, swing around"
switch,"Change the position, direction, or focus of",công tắc,He switched the channel to watch the news.,"verb, noun","switches, switching, switched","change, shift","keep, retain","switch gears, switch lanes"
switch off,Turn off a device by operating a switch,tắt,Don't forget to switch off the lights.,phrasal verb,"switches off, switching off, switched off","turn off, deactivate","turn on, activate","switch off the light, switch off the TV"
swollen,Abnormally expanded or increased in size,sưng lên,Her ankle was swollen after the fall.,"adjective, verb","swells, swelling, swelled","inflamed, bloated","shrunken, deflated","swollen feet, swollen eyes"
symbol,"A thing that represents or stands for something else, especially a material object representing something abstract",biểu tượng,The heart is a symbol of love.,"noun, verb",symbols,"emblem, icon",none,"symbol of peace, national symbol"
sympathetic,"Feeling, showing, or expressing sympathy",thông cảm,She gave him a sympathetic smile.,"adjective, noun",sympathetically,"compassionate, understanding","unsympathetic, indifferent","sympathetic look, sympathetic ear"
sympathy,Feelings of pity and sorrow for someone else's misfortune,sự đồng cảm,They expressed their sympathy for his loss.,"noun, verb",sympathies,"compassion, condolence","indifference, apathy","deep sympathy, heartfelt sympathy"
system,A set of connected things or parts forming a complex whole,hệ thống,The computer system needs an update.,"noun, verb",systems,"network, framework","disorder, chaos","operating system, immune system"
table,"A piece of furniture with a flat top and one or more legs, providing a level surface on which objects may be placed",bàn,They sat around the dining table.,"noun, verb",tables,"desk, stand",none,"dining table, coffee table"
tablet,"A small, flat, rectangular computer that is controlled by touching the screen",viên thuốc,He bought a new tablet for reading books.,"noun, verb",tablets,"pad, device",none,"digital tablet, tablet computer"
tackle,Make determined efforts to deal with (a problem or difficult task),giải quyết,He tackled the problem with determination.,"verb, noun","tackles, tackling, tackled","address, confront","neglect, avoid","tackle a problem, tackle an issue"
tail,"The hindmost part of an animal, especially when prolonged beyond the rest of the body",đuôi,The dog wagged its tail.,"noun, verb",tails,"rear, appendage","head, front","wagging tail, long tail"
take,Lay hold of (something) with one's hands; reach for and hold,lấy,Please take this to the kitchen.,"verb, noun","takes, taking, took","grab, seize","give, release","take a break, take a look"
take away,Remove (someone or something) from a place,mua mang về,They decided to take away the old furniture.,phrasal verb,"takes away, taking away, took away","remove, withdraw","bring, return","take away the pain, take away the trash"
take back,"Regain possession of (something) given, lent, or lost",lấy lại,She had to take back her words.,phrasal verb,"takes back, taking back, took back","retrieve, reclaim","give away, donate","take back control, take back what I said"
take down,Lower or reduce,hạ xuống,They took down the old building.,phrasal verb,"takes down, taking down, took down","demolish, dismantle","build, construct","take down a note, take down the curtains"
take in,Absorb or understand information,đi vào,It took him a while to take in the information.,phrasal verb,"takes in, taking in, took in","comprehend, grasp","ignore, misunderstand","take in the view, take in information"
take off,Remove or leave the ground,cởi,The plane will take off in five minutes.,phrasal verb,"takes off, taking off, took off","depart, lift off","land, touch down","take off your shoes, take off the plane"
take on,Undertake or accept (a responsibility or task),đảm nhận,She decided to take on more responsibilities.,phrasal verb,"takes on, taking on, took on","accept, assume","refuse, decline","take on a challenge, take on new staff"
take over,Assume control of something,tiếp quản,The company plans to take over the competitor.,phrasal verb,"takes over, taking over, took over","control, dominate","relinquish, surrender","take over the business, take over the world"
talent,Natural aptitude or skill,tài năng,She has a talent for painting.,"noun, verb",talents,"ability, skill","incompetence, ineptitude","natural talent, raw talent"
talk,Speak in order to give information or express ideas or feelings; conversation,nói chuyện,They talked for hours.,"verb, noun","talks, talking, talked","speak, converse","silence, quiet","talk to, talk about"
tall,Of great or more than average height,cao,He is very tall for his age.,"adjective, noun","taller, tallest","high, towering","short, low","tall building, tall person"
tank,"A large receptacle or storage chamber, especially for liquid or gas",xe tăng,The tank is full of water.,"noun, verb",tanks,"reservoir, container",none,"gas tank, water tank"
tap,A device by which a flow of liquid or gas from a pipe or container can be controlled,vỗ nhẹ,Turn off the tap after use.,"noun, verb",taps,"faucet, spigot",none,"turn on the tap, close the tap"
target,An object of a person's ambition or effort; a goal,mục tiêu,Her target is to finish the project by the end of the month.,"noun, verb","targets, targeting, targeted","goal, aim",none,"hit the target, target market"
task,A piece of work to be done or undertaken,nhiệm vụ,His task was to clean the room.,"noun, verb",tasks,"job, duty",none,"complete the task, difficult task"
taste,The sensation of flavor perceived in the mouth and throat on contact with a substance,nếm,The taste of the soup was delicious.,"noun, verb","tastes, tasting, tasted","flavor, savor",none,"bitter taste, sweet taste"
tax,A compulsory contribution to state revenue,thuế,He paid his taxes on time.,"noun, verb","taxes, taxing, taxed","levy, duty",none,"income tax, tax return"
tea,"A hot drink made by infusing the dried, crushed leaves of the tea plant in boiling water",trà,She drinks tea every morning.,"noun, verb",teas,"brew, infusion",coffee,"cup of tea, tea bag"
teach,Show or explain to (someone) how to do something,dạy bảo,She teaches English at the school.,"verb, noun","teaches, teaching, taught","educate, instruct","learn, absorb","teach a class, teach someone"
teacher,"A person who teaches, especially in a school",giáo viên,The teacher explained the lesson.,"noun, verb",teachers,"instructor, educator","student, learner","math teacher, school teacher"
teaching,"The occupation, profession, or work of a teacher",giảng dạy,He is interested in teaching.,"noun, verb",teachings,"instruction, education",learning,"effective teaching, teaching method"
team,A group of players forming one side in a competitive game or sport,đội,The team played well together.,"noun, verb",teams,"group, squad","individual, solo","team member, team effort"
tear,Pull or rip (something) apart or to pieces with force,xé,He tore the paper in half.,"verb, noun","tears, tearing, tore","rip, shred","mend, repair","tear apart, tear down"
tear up,Rip (something) into pieces,xé nát,She tore up the old photographs.,phrasal verb,"tears up, tearing up, tore up","shred, rip up",none,"tear up the paper, tear up the contract"
technical,"Relating to a particular subject, art, or craft, or its techniques",kỹ thuật,He has technical skills.,"adjective, noun",technically,"scientific, specialized","non-technical, simple","technical knowledge, technical problem"
technique,"A way of carrying out a particular task, especially the execution or performance of an artistic work or a scientific procedure",kỹ thuật,Her technique in painting is unique.,"noun, verb",techniques,"method, skill",none,"effective technique, unique technique"
technology,"The application of scientific knowledge for practical purposes, especially in industry",công nghệ,Advances in technology are rapid.,"noun, verb",technologies,"innovation, machinery",none,"modern technology, new technology"
telephone,"A system for transmitting voices over a distance using wire or radio, by converting acoustic vibrations to electrical signals",điện thoại,She called him on the telephone.,"noun, verb",telephones,"phone, handset",none,"answer the telephone, telephone call"
television,"A system for transmitting visual images and sound that are reproduced on screens, chiefly used to broadcast programs for entertainment, information, and education",tivi,She watched her favorite show on television.,"noun, verb",televisions,"TV, screen",none,"watch television, television program"
tell,Communicate information to someone in spoken or written words,kể,Can you tell me the time?,"verb, noun","tells, telling, told","inform, communicate","listen, receive","tell a story, tell the truth"
temperature,The degree or intensity of heat present in a substance or object,nhiệt độ,The temperature dropped suddenly.,"noun, verb",temperatures,"heat, warmth","cold, coolness","high temperature, measure the temperature"
temporarily,For a limited period of time; not permanently,tạm thời,He is working temporarily until a permanent job is available.,adverb,none,"briefly, transiently","permanently, indefinitely","temporarily unavailable, temporarily closed"
temporary,Lasting for only a limited period of time; not permanent,tạm thời,This is just a temporary solution.,"adjective, noun",none,"short-term, interim","permanent, lasting","temporary job, temporary fix"
tend,Regularly or frequently behave in a particular way or have a certain characteristic,có khuynh hướng,He tends to forget things easily.,"verb, noun","tends, tending, tended","incline, lean","neglect, disregard","tend to, tend towards"
tendency,An inclination towards a particular characteristic or type of behavior,xu hướng,There is a tendency to avoid risks.,"noun, verb",tendencies,"propensity, inclination",none,"natural tendency, strong tendency"
tense,Stretched tight or rigid,căng thẳng,He felt tense before the exam.,"adjective, noun","tenser, tensest","taut, tight","relaxed, loose","tense muscles, feel tense"
tension,The state of being stretched tight,căng thẳng,The tension in the rope was high.,"noun, verb",tensions,"strain, stress","relaxation, ease","high tension, tension in the air"
tent,"A portable shelter made of cloth, supported by one or more poles and stretched tight by cords attached to pegs driven into the ground",lều,They set up a tent in the campsite.,"noun, verb",tents,"canopy, shelter",none,"camping tent, set up a tent"
term,"A word or phrase used to describe a thing or to express a concept, especially in a particular kind of language or branch of study",thuật ngữ,The term 'biodiversity' is often used by scientists.,"noun, verb",terms,"expression, phrase",none,"technical term, term paper"
terrible,Extremely bad or serious,kinh khủng,The weather was terrible yesterday.,"adjective, noun",terribly,"horrible, dreadful","wonderful, excellent","terrible accident, terrible news"
terribly,Very; extremely,khủng khiếp,He was terribly sorry for the mistake.,adverb,none,"awfully, extremely",wonderfully,"terribly wrong, terribly afraid"
test,"A procedure intended to establish the quality, performance, or reliability of something, especially before it is taken into widespread use",Bài kiểm tra,She passed the driving test.,"noun, verb","tests, testing, tested","exam, trial",none,"test score, blood test"
text,"A book or other written or printed work, regarded in terms of its content rather than its physical form",chữ,She sent a text message.,"noun, verb",texts,"document, script",none,"read the text, write a text"
than,Used to introduce the second element in a comparison,hơn,He is taller than his brother.,"conjunction, preposition",none,none,none,"bigger than, better than"
thank,Express gratitude to (someone),cám ơn,I want to thank you for your help.,"verb, noun","thanks, thanking, thanked","acknowledge, appreciate",none,"thank you, thank goodness"
thanks,An expression of gratitude,Cảm ơn,Thanks for the gift.,"noun, verb",none,"gratitude, appreciation",none,"special thanks, many thanks"
that,Used to identify a specific person or thing observed by the speaker,cái đó,That is a beautiful painting.,"pronoun, conjunction","those, them","this, it",none,"that book, that one"
the,Denoting one or more people or things already mentioned or assumed to be common knowledge,cái,The book on the table is mine.,definite article,none,none,none,"the same, the book"
theatre,A building or outdoor area in which plays and other dramatic performances are given,nhà hát,They went to the theatre to watch a play.,"noun, verb",theatres,"playhouse, stage",none,"movie theatre, theatre play"
their,Belonging to or associated with the people or things previously mentioned or easily identified,của họ,It is their house.,determiner,none,none,none,"their own, their decision"
theirs,Used to refer to a thing or things belonging to or associated with a person or persons previously mentioned,của họ,The decision is theirs to make.,pronoun,none,none,none,"theirs and ours, the fault is theirs"
them,Used as the object of a verb or preposition to refer to two or more people or things previously mentioned or easily identified,họ,I saw them at the park.,pronoun,none,none,none,"see them, help them"
theme,"The subject of a talk, piece of writing, exhibition, etc.; a topic",chủ đề,The theme of the conference is sustainability.,"noun, verb",themes,"topic, subject",none,"central theme, main theme"
themselves,Used to emphasize that the subject and object of a verb are the same people,chính họ,They made the decision themselves.,pronoun,none,none,none,"by themselves, for themselves"
then,At that time; at the time in question,sau đó,I was younger then.,adverb,none,"at that time, in those days",now,"back then, even then"
theory,A supposition or a system of ideas intended to explain something,lý thuyết,His theory about the universe is fascinating.,"noun, verb",theories,"hypothesis, concept","fact, reality","scientific theory, theory of relativity"
there,"In, at, or to that place or position",ở đó,She is over there.,"adverb, pronoun",none,"here, in that place","here, in this place","over there, there is"
therefore,For that reason; consequently,Vì vậy,"He was late; therefore, he missed the bus.","adverb, conjunction",none,"thus, hence","because, since","therefore, they concluded, and therefore"
these,Used to identify a specific person or thing observed or heard by the speaker,những cái này,These are my friends.,"pronoun, adjective",none,"those, these ones",none,"these days, these ones"
they,Used to refer to two or more people or things previously mentioned or easily identified,họ,They are coming to the party.,pronoun,none,those people,none,"they are, they have"
thick,With opposite sides or surfaces that are a great or relatively great distance apart,dày,The book has thick pages.,"adjective, noun","thicker, thickest","dense, bulky","thin, narrow","thick book, thick hair"
thickness,"The distance through an object, as distinct from width or height",độ dày,The wall's thickness is 20 cm.,"noun, verb",thicknesses,"depth, width",thinness,"overall thickness, wall thickness"
thief,A person who steals another person's property,tên trộm,The thief was caught by the police.,"noun, verb",thieves,"robber, burglar",none,"catch the thief, petty thief"
thin,With opposite sides or surfaces that are close together,gầy,He has a thin build.,"adjective, verb","thinner, thinnest","slim, lean","fat, thick","thin air, thin layer"
thing,"An object that one need not, cannot, or does not wish to give a specific name to",điều,What is that thing on the table?,"noun, verb",things,"object, item",none,"something, anything"
think,"Have a particular opinion, belief, or idea about someone or something",nghĩ,I think you are right.,"verb, noun","thinks, thinking, thought","believe, consider","doubt, disbelieve","think about, think of"
thinking,The process of considering or reasoning about something,suy nghĩ,Her thinking is very logical.,"noun, adjective",thinkings,"reasoning, thought process",none,"positive thinking, critical thinking"
third,Constituting number three in a sequence; 3rd,thứ ba,He finished in third place.,"adjective, noun",thirds,"3rd, tertiary","first, second","third place, third time"
thirsty,Feeling a need to drink something,khát,He was very thirsty after the run.,"adjective, noun","thirstier, thirstiest","parched, dry","hydrated, quenched","thirsty work, feel thirsty"
thirteen,"The number equivalent to the sum of ten and three; one more than twelve, or seven less than twenty",mười ba,There are thirteen apples in the basket.,"noun, adjective",none,number 13,none,"thirteen years old, thirteen items"
thirtieth,Constituting number thirty in a sequence; 30th,thứ ba mươi,She is celebrating her thirtieth birthday.,"adjective, noun",none,number 30,none,"thirtieth birthday, thirtieth anniversary"
thirty,The number equivalent to the product of three and ten; ten less than forty,ba mươi,There are thirty students in the class.,"noun, adjective",none,number 30,none,"thirty years old, thirty pieces"
this,Used to identify a specific person or thing close at hand or being indicated or experienced,cái này,This is my favorite book.,"pronoun, determiner",these,"this one, this here",that,"this one, this time"
thorough,Complete with regard to every detail; not superficial or partial,kỹ lưỡng,The report was thorough.,"adjective, noun",thoroughness,"comprehensive, detailed","partial, superficial","thorough investigation, thorough understanding"
thoroughly,In a thorough manner; comprehensively,triệt để,She thoroughly enjoyed the movie.,adverb,none,"completely, utterly","partially, incompletely","thoroughly examine, thoroughly clean"
though,Despite the fact that; although,mặc dù,"Though it was raining, we went out.",conjunction,none,"although, even though",none,"even though, as though"
thought,An idea or opinion produced by thinking or occurring suddenly in the mind,nghĩ,She had a sudden thought.,"noun, verb",thoughts,"idea, notion",none,"deep thought, random thought"
thousand,The number equivalent to the product of a hundred and ten; 10 Ã— 100,nghìn,There were a thousand people at the concert.,"noun, adjective",thousands,number 1000,none,"thousand dollars, thousand times"
thread,"A long, thin strand of cotton, nylon, or other fibers used in sewing or weaving",chủ đề,She used a needle and thread to sew the button.,"noun, verb",threads,"fiber, strand",none,"needle and thread, lose the thread"
threat,"A statement of an intention to inflict pain, injury, damage, or other hostile action on someone in retribution for something done or not done",mối đe dọa,The threat was taken seriously by the police.,"noun, verb",threats,"menace, warning","promise, assurance","serious threat, threat to"
threaten,State one's intention to take hostile action against someone in retribution for something done or not done,hăm dọa,He threatened to call the police.,"verb, noun","threatens, threatening, threatened","intimidate, bully","comfort, reassure","threaten with, threaten to"
threatening,Having a hostile or deliberately frightening quality or manner,đe dọa,She received a threatening letter.,"adjective, noun",none,"menacing, intimidating","comforting, reassuring","threatening behavior, threatening letter"
three,"The number equivalent to the sum of one and two; one more than two, or seven less than ten; 3",ba,There are three books on the table.,"noun, adjective",threes,number 3,none,"three times, three years"
throat,The passage which leads from the back of the mouth of a person or animal,cổ họng,He has a sore throat.,"noun, verb",throats,"gullet, windpipe",none,"sore throat, clear your throat"
through,"Moving in one side and out of the other side of (an opening, channel, or location)",bởi vì,The train went through the tunnel.,"preposition, adverb",none,"across, past","around, past","go through, look through"
throughout,In every part of (a place or object),khắp,He traveled throughout Europe.,"preposition, adverb",none,"everywhere, all over",nowhere,"throughout the year, throughout the world"
throw,Propel (something) with force through the air by a movement of the arm and hand,ném,She threw the ball to him.,"verb, noun","throws, throwing, threw","toss, hurl","catch, keep","throw a ball, throw away"
throw away,Discard something as useless or unwanted,vứt đi,Don't throw away your old clothes.,phrasal verb,"throws away, throwing away, threw away","discard, dispose of","keep, retain","throw away the trash, throw away the paper"
thumb,"The short, thick first digit of the human hand, set lower and apart from the other four and opposable to them",ngón tay cái,She gave a thumbs-up to show her approval.,"noun, verb",thumbs,"digit, appendage",none,"thumbs up, green thumb"
Thursday,The day of the week before Friday and following Wednesday,Thứ năm,We have a meeting on Thursday.,noun,Thursdays,none,none,"Thursday morning, on Thursday"
thus,As a result or consequence of this; therefore,do đó,"He didn't study, thus he failed the exam.",adverb,none,"therefore, hence","because, since","thus far, thusly"
ticket,"A slip or piece of paper, cardboard, or plastic, serving as evidence that the holder has paid a fare or admission or is entitled to some service, right, or the like",vé,She bought a ticket for the concert.,"noun, verb",tickets,"pass, stub",none,"train ticket, parking ticket"
tidy,Arranged neatly and in order,ngăn nắp,Her room is always tidy.,"adjective, verb","tidies, tidying, tidied","neat, orderly","untidy, messy","keep tidy, tidy up"
tie,Attach or fasten with string or similar cord,cà vạt,He tied the package with string.,"verb, noun","ties, tying, tied","bind, fasten","untie, unfasten","tie a knot, tie together"
tie up,To bind or fasten someone or something securely,buộc lại,They tied up the boat at the dock.,phrasal verb,"ties up, tying up, tied up","bind, secure","untie, release","tie up loose ends, tie up the boat"
tight,"Fixed, fastened, or closed firmly; hard to move, undo, or open",chặt,The lid was on tight.,"adjective, verb",tightness,"secure, fast","loose, slack","tight grip, tight fit"
tightly,In a firm or secure manner,chặt chẽ,She held the rope tightly.,adverb,none,"securely, firmly","loosely, slackly","hold tightly, fasten tightly"
till,Up to (the point in time or the event mentioned); until,cho đến khi,We waited till the end of the movie.,"preposition, conjunction",none,until,since,"till now, till then"
time,"The indefinite continued progress of existence and events in the past, present, and future regarded as a whole",thời gian,Time flies when you're having fun.,"noun, verb","times, timing, timed","duration, period",none,"save time, waste time"
timetable,A schedule showing the times at which particular events will take place,thời gian biểu,Check the timetable for train departures.,"noun, verb",timetables,"schedule, agenda",none,"daily timetable, school timetable"
tin,"A silvery-white metal, the chemical element of atomic number 50",thiếc,The can is made of tin.,"noun, verb",tins,"metal, container",none,"tin can, tin foil"
tiny,Very small,nhỏ xíu,She held a tiny kitten in her hand.,"adjective, noun","tinier, tiniest","small, little","large, big","tiny house, tiny insect"
tip,The pointed or rounded end or extremity of something slender or tapering,mẹo,He put the tip of the pen on the paper.,"noun, verb","tips, tipping, tipped","point, end","base, bottom","tip of the iceberg, tip of the tongue"
tip over,Cause to overturn from an upright or normal position,lật đổ,The vase tipped over and broke.,phrasal verb,"tips over, tipping over, tipped over","overturn, topple","upright, steady","tip over the edge, tip over the boat"
tire,Feel or cause to feel in need of rest or sleep,lốp xe,He tires easily after running.,"verb, noun","tires, tiring, tired","weary, exhaust","energize, refresh","get tired, feel tired"
tired,In need of sleep or rest; weary,mệt,She felt tired after a long day.,"adjective, verb",none,"weary, exhausted","energetic, rested","tired eyes, tired body"
tiring,Demanding or exhausting to do,mệt mỏi,Moving can be a tiring process.,"adjective, noun",none,"exhausting, draining","refreshing, easy","tiring work, tiring day"
title,"The name of a book, composition, or other artistic work",tiêu đề,The book's title is 'War and Peace'.,"noun, verb",titles,"heading, caption",none,"book title, job title"
to,Expressing motion in the direction of (a particular location),ĐẾN,He went to the store.,"preposition, infinitive marker",none,"toward, until","from, away","go to, come to"
today,On or in the course of this present day,Hôm nay,What are you doing today?,"adverb, noun",todays,"now, this day",yesterday,"today's news, today morning"
toe,Any of the five digits at the end of the human foot,ngón chân,He stubbed his toe on the door.,"noun, verb",toes,digit,none,"stub your toe, big toe"
together,With or in proximity to another person or people,cùng nhau,They worked together on the project.,"adverb, preposition",none,"jointly, in concert","separately, apart","work together, live together"
toilet,"A fixed receptacle into which a person may urinate or defecate, typically consisting of a large bowl with a seat, connected to a system for flushing away the waste into a sewer",nhà vệ sinh,The restroom is equipped with a modern toilet.,"noun, verb",toilets,"lavatory, restroom",none,"toilet paper, public toilet"
tomato,"A glossy red, or occasionally yellow, pulpy edible fruit that is typically eaten as a vegetable or in salad",cà chua,She added tomato to the salad.,"noun, verb",tomatoes,"fruit, veggie",none,"ripe tomato, tomato sauce"
tomorrow,On the day after today,Ngày mai,We will meet tomorrow.,"noun, adverb",none,"next day, following day",yesterday,"see you tomorrow, tomorrow morning"
ton,"A unit of weight equal to 2,000 pounds (907.18 kg)",tấn,The shipment weighs a ton.,"noun, verb",tons,"weight, mass",none,"weigh a ton, metric ton"
tone,"The general character or attitude of a place, piece of writing, situation, etc.",giai điệu,The tone of the conversation was serious.,"noun, verb",tones,"manner, mood",none,"tone of voice, tone down"
tongue,"The fleshy muscular organ in the mouth used for tasting, licking, swallowing, and (in humans) articulating speech",lưỡi,She bit her tongue while eating.,"noun, verb",tongues,"speech organ, language",none,"mother tongue, tongue twister"
tonight,On the present or approaching evening or night,tối nay,We will have dinner tonight.,"noun, adverb",tonight's,"this evening, this night","this morning, this afternoon","tonight's show, tonight only"
tonne,"A metric unit of mass equal to 1,000 kilograms (approximately 2,204.62 pounds)",tấn,The shipment weighs one tonne.,"noun, verb",tonnes,metric ton,none,"metric tonne, per tonne"
too,"To a higher degree than is desirable, permissible, or possible; excessively",cũng vậy,It is too hot to go outside.,adverb,none,"excessively, overly","little, less","too much, too many"
tool,"A device or implement, especially one held in the hand, used to carry out a particular function",dụng cụ,He used a tool to fix the bike.,"noun, verb",tools,"instrument, implement",none,"hand tool, power tool"
tooth,"Each of a set of hard, bony enamel-coated structures in the jaws of most vertebrates, used for biting and chewing",răng,She brushed her tooth carefully.,"noun, verb",teeth,none,none,"brush your teeth, toothache"
top,"The highest or uppermost point, part, or surface of something",đứng đầu,The cat climbed to the top of the tree.,"noun, verb",tops,"peak, summit","bottom, base","top of the hill, top priority"
topic,"A matter dealt with in a text, discourse, or conversation; a subject",đề tài,The topic of discussion was climate change.,"noun, verb",topics,"subject, theme",none,"main topic, topic sentence"
total,Comprising the whole number or amount,tổng cộng,The total cost is $50.,"adjective, noun",totals,"whole, aggregate","partial, partial amount","total amount, total cost"
totally,Completely; absolutely,hoàn toàn,She was totally surprised by the news.,adverb,none,"completely, absolutely",partially,"totally agree, totally understand"
touch,Come into or be in contact with,chạm,He reached out to touch the flower.,"verb, noun","touches, touching, touched","feel, contact",none,"touch screen, touch base"
tough,Strong enough to withstand adverse conditions or rough handling,khó,He is a tough competitor.,"adjective, noun","tougher, toughest","strong, resilient","weak, fragile","tough job, tough time"
tour,A journey for pleasure in which several different places are visited,chuyến du lịch,They went on a tour of the city.,"noun, verb","tours, touring, toured","trip, journey",none,"guided tour, city tour"
tourist,A person who is traveling or visiting a place for pleasure,du khách,The tourist took pictures of the landmarks.,"noun, adjective",tourists,"traveler, visitor","resident, local","tourist attractions, tourist destination"
towards,In the direction of,đối với,She walked towards the door.,"preposition, adverb",none,in the direction of,away from,"towards the end, move towards"
towel,A piece of thick absorbent cloth or paper used for drying oneself or wiping things dry,cái khăn lau,He dried his hands with a towel.,"noun, verb",towels,"drying cloth, wipe",none,"bath towel, beach towel"
tower,"A tall, narrow building, either free-standing or forming part of a building such as a church or castle",tháp,The Eiffel Tower is in Paris.,"noun, verb",towers,"spire, steeple",none,"watch tower, radio tower"
town,"A large urban area that has a name, defined boundaries, and local government",thị trấn,The town is small but charming.,"noun, verb",towns,"city, municipality",none,"town center, hometown"
toy,"An object for a child to play with, typically a model or miniature replica of something",đồ chơi,The child played with a toy car.,"noun, verb",toys,"plaything, doll",none,"toy store, toy car"
trace,Find or discover by investigation,dấu vết,The detective traced the suspect's movements.,"verb, noun","traces, tracing, traced","follow, investigate","ignore, neglect","trace back, trace the source"
track,"A rough path or minor road, typically one beaten by use rather than constructed",theo dõi,They followed a narrow track through the woods.,"noun, verb",tracks,"path, trail",none,"dirt track, race track"
trade,The action of buying and selling goods and services,buôn bán,The trade between the two countries increased.,"noun, verb","trades, trading, traded","commerce, exchange",none,"international trade, trade agreements"
trading,"The activity of buying and selling, especially on a large scale",giao dịch,He is involved in trading stocks.,"noun, verb",none,"business, commerce",none,"stock trading, trading platform"
traditional,Existing in or as part of a tradition; long-established,truyền thống,They have traditional values.,adjective,none,"conventional, customary","modern, contemporary","traditional clothing, traditional music"
traditionally,As part of a tradition; according to tradition,theo truyền thống,"Traditionally, the festival is held in spring.",adverb,none,"typically, usually",none,"traditionally known, traditionally made"
traffic,Vehicles moving on a road or public highway,giao thông,The traffic was heavy this morning.,"noun, verb",traffics,"congestion, vehicles",none,"heavy traffic, traffic jam"
train,A series of railroad cars moved as a unit by a locomotive or by integral motors,xe lửa,She took the train to the city.,"noun, verb","trains, training, trained","locomotive, railway",none,"train station, train ride"
training,The action of teaching a person or animal a particular skill or type of behavior,đào tạo,The training for the new job starts next week.,"noun, verb",trainings,"instruction, preparation","neglect, ignorance","job training, training program"
transfer,Move from one place to another,chuyển khoản,They transferred the money to her account.,"verb, noun","transfers, transferring, transferred","move, relocate","retain, keep","transfer funds, transfer data"
transform,"Make a thorough or dramatic change in the form, appearance, or character of",biến đổi,The caterpillar transformed into a butterfly.,"verb, noun","transforms, transforming, transformed","change, convert","preserve, maintain","transform completely, transform the industry"
translate,Express the sense of (words or text) in another language,dịch,He translated the book from French to English.,"verb, noun","translates, translating, translated","interpret, convert",none,"translate into, translate from"
translation,The process of translating words or text from one language into another,dịch thuật,The translation of the novel took a year.,"noun, verb",translations,"interpretation, conversion",none,"accurate translation, translation service"
transparent,Allowing light to pass through so that objects behind can be distinctly seen,trong suốt,The glass is transparent.,adjective,transparently,"clear, see-through","opaque, cloudy","transparent glass, transparent policy"
transport,"Take or carry (people or goods) from one place to another by means of a vehicle, aircraft, or ship",chuyên chở,They transport goods by truck.,"verb, noun","transports, transporting, transported","carry, convey",none,"transport goods, transport passengers"
transportation,The action of transporting someone or something or the process of being transported,vận tải,Public transportation is efficient in the city.,"noun, verb",none,none,none,"public transportation, transportation system"
trap,"A device or enclosure designed to catch and retain animals, typically by allowing entry but not exit",cạm bẫy,The hunter set a trap for the fox.,"noun, verb","traps, trapping, trapped","snare, lure","release, free","mouse trap, fall into a trap"
travel,"Make a journey, typically of some length or abroad",du lịch,She loves to travel around the world.,"verb, noun","travels, travelling, travelled","journey, voyage","stay, remain","travel abroad, travel plans"
traveller,A person who is traveling or who often travels,du khách,The traveller shared his stories.,"noun, verb",travellers,"tourist, visitor","resident, homebody","frequent traveller, fellow traveller"
treat,Behave toward or deal with in a certain way,đối xử,He treats everyone with respect.,"verb, noun","treats, treating, treated","handle, deal with","mistreat, ignore","treat well, treat fairly"
treatment,The manner in which someone behaves toward or deals with someone or something,sự đối đãi,The treatment was effective.,"noun, verb",treatments,"care, therapy","neglect, disregard","medical treatment, special treatment"
tree,"A woody perennial plant, typically having a single stem or trunk growing to a considerable height and bearing lateral branches at some distance from the ground",cây,The tree in the garden is very old.,"noun, verb",trees,"plant, shrub",none,"tree trunk, fruit tree"
trend,A general direction in which something is developing or changing,xu hướng,There is a trend towards using renewable energy.,"noun, verb",trends,"tendency, direction",none,"current trend, fashion trend"
trial,"A formal examination of evidence before a judge, and typically before a jury, in order to decide guilt in a case of criminal or civil proceedings",sự thử nghiệm,The trial lasted for several weeks.,"noun, verb",trials,"case, hearing",none,"court trial, trial period"
triangle,A plane figure with three straight sides and three angles,tam giác,They drew a triangle on the board.,"noun, verb",triangles,three-sided figure,none,"right triangle, equilateral triangle"
trick,A cunning or skillful act or scheme intended to deceive or outwit someone,lừa,He played a trick on his friend.,"noun, verb","tricks, tricking, tricked","deception, ruse","honesty, sincerity","play a trick, trick someone"
trip,"A journey or excursion, especially for pleasure",chuyến đi,They went on a trip to the mountains.,"noun, verb","trips, tripping, tripped","journey, tour","stay, remain","business trip, day trip"
tropical,"Of, typical of, or peculiar to the tropics",nhiệt đới,The island has a tropical climate.,"adjective, noun",none,"equatorial, hot",none,"tropical island, tropical rainforest"
trouble,Difficulty or problems that cause distress or worry,rắc rối,He is having trouble with his car.,"noun, verb","troubles, troubling, troubled","difficulty, problem","ease, peace","have trouble, get into trouble"
trousers,"An outer garment covering the body from the waist to the ankles, with a separate part for each leg",quần dài,He wore a pair of trousers.,"noun, verb",none,"pants, slacks",none,"pair of trousers, wear trousers"
truck,"A large, heavy motor vehicle for transporting goods or troops",xe tải,The truck carried heavy loads.,"noun, verb",trucks,"lorry, vehicle",none,"delivery truck, truck driver"
TRUE,In accordance with fact or reality,ĐÚNG VẬY,His story is true.,"adjective, adverb",truly,"genuine, real","false, fake","true story, true love"
trust,"Firm belief in the reliability, truth, or ability of someone or something",lòng tin,She has trust in her friends.,"noun, verb","trusts, trusting, trusted","faith, confidence","distrust, doubt","gain trust, trust issues"
truth,The quality or state of being true,sự thật,He told the truth about what happened.,"noun, verb",truths,"reality, fact","falsehood, lie","tell the truth, truth be told"
try,Make an attempt or effort to do something,thử,You should try to finish your homework.,"verb, noun","tries, trying, tried","attempt, endeavor","avoid, neglect","try again, try hard"
try on,Put on an item of clothing to see if it fits or suits one,thử đi,She tried on a new dress.,phrasal verb,"tries on, trying on, tried on","fit, check",none,"try on clothes, try on shoes"
try out,Test someone or something new to see if it is suitable or effective,thử,He wants to try out for the soccer team.,phrasal verb,"tries out, trying out, tried out","test, audition",none,"try out a new recipe, try out for the team"
tube,"A long, hollow cylinder used to convey fluids or gases",ống,The water flows through the tube.,"noun, verb",tubes,"pipe, cylinder",none,"test tube, plastic tube"
Tuesday,The day of the week before Wednesday and following Monday,Thứ ba,We have a meeting on Tuesday.,noun,Tuesdays,none,none,"next Tuesday, last Tuesday"
tune,"A melody, especially one which characterizes a certain piece of music",điều chỉnh,He played a familiar tune on the piano.,"noun, verb","tunes, tuning, tuned","melody, song",none,"catchy tune, in tune"
tunnel,"An artificial underground passage, especially one built through a hill or under a building, road, or river",đường hầm,The train went through the tunnel.,"noun, verb",tunnels,"passage, underpass",none,"tunnel entrance, underground tunnel"
turn,Move in a circular direction wholly or partly around an axis or point,xoay,She turned the key in the lock.,"verb, noun","turns, turning, turned","rotate, pivot","still, remain","turn around, turn left"
turn back,Go back in the direction from which you have come,quay lại,We had to turn back due to the storm.,phrasal verb,"turns back, turning back, turned back","go back, return","continue, proceed","turn back the clock, turn back time"
turn down,"Reject or refuse a proposal, offer, or request",từ chối,She turned down the job offer.,phrasal verb,"turns down, turning down, turned down","decline, reject","accept, approve","turn down an offer, turn down the volume"
turn into,Become (something),biến thành,The caterpillar turned into a butterfly.,phrasal verb,"turns into, turning into, turned into","become, change into","remain, stay","turn into reality, turn into a habit"
turn off,"Stop the operation or flow of (something) by means of a valve, switch, or button",tắt,Don't forget to turn off the lights.,phrasal verb,"turns off, turning off, turned off","switch off, shut off","turn on, switch on","turn off the engine, turn off the TV"
turn on,Cause (a device) to operate by means of a switch or button,bật lên,"Turn on the radio, please.",phrasal verb,"turns on, turning on, turned on","activate, switch on","deactivate, switch off","turn on the light, turn on the machine"
turn out,Prove to be the case,hóa ra,It turned out that he was right.,phrasal verb,"turns out, turning out, turned out","prove, result",none,"turn out fine, turn out well"
turn over,Move (something) so that it is in a different position or state,lật lại,He turned over the page.,phrasal verb,"turns over, turning over, turned over","flip, rotate",none,"turn over a new leaf, turn over the page"
turn round,Move so as to face in the opposite direction,quay lại,She turned round to see who called her name.,phrasal verb,"turns round, turning round, turned round","reverse, turn back",none,"turn round quickly, turn round to face"
turn to,Seek help or support from someone or something,quay sang,He turned to his friend for advice.,phrasal verb,"turns to, turning to, turned to","seek, consult","ignore, avoid","turn to someone for help, turn to page"
turn up,Appear or arrive unexpectedly,xuất hiện,She turned up at the party unexpectedly.,phrasal verb,"turns up, turning up, turned up","arrive, show up","disappear, vanish","turn up the volume, turn up late"
TV,A device that receives television signals and displays them on a screen,TV,She watched the news on TV.,"noun, verb",TVs,"television, telly",none,"watch TV, TV show"
twelfth,Constituting number twelve in a sequence; 12th,thứ mười hai,She finished in twelfth place.,"adjective, noun",none,12th,none,"twelfth grade, twelfth night"
twelve,The number equivalent to the product of three and four; two more than ten; 12,mười hai,There are twelve months in a year.,"noun, adjective",twelves,dozen,none,"twelve years old, twelve items"
twentieth,Constituting number twenty in a sequence; 20th,thứ hai mươi,He is celebrating his twentieth birthday.,"adjective, noun",none,20th,none,"twentieth century, twentieth birthday"
twenty,The number equivalent to the product of four and five; ten more than ten; 20,hai mươi,She has twenty dollars.,"noun, adjective",twenties,score,none,"twenty minutes, twenty percent"
twice,Two times; on two occasions,hai lần,He called twice yesterday.,adverb,none,"doubly, twofold",once,"twice a day, twice as much"
twin,One of two children or animals born at the same birth,sinh đôi,She has a twin brother.,"noun, verb",twins,"duplicate, pair","single, individual","identical twin, twin brother"
twist,"Form into a bent, curling, or distorted shape",xoắn,He twisted the wire.,"verb, noun","twists, twisting, twisted","coil, curl","straighten, untwist","twist the truth, plot twist"
twisted,Forced out of its natural or proper shape; crumpled,vặn vẹo,The rope was twisted.,"adjective, verb",none,"bent, contorted",straight,"twisted ankle, twisted metal"
two,The number equivalent to the sum of one and one; one less than three; 2,hai,She has two cats.,"noun, adjective",twos,"pair, duo","one, single","two years, two people"
type,A category of people or things having common characteristics,kiểu,She likes that type of music.,"noun, verb","types, typing, typed","kind, sort",none,"different type, type of music"
typical,Having the distinctive qualities of a particular type of person or thing,đặc trưng,It was a typical day at the office.,"adjective, noun",typically,"representative, characteristic","atypical, unusual","typical example, typical behavior"
typically,In most cases; usually,tiêu biểu,"Typically, he arrives early.",adverb,none,"usually, generally",untypically,"typically found, typically used"
tyre,"A rubber covering, typically inflated or surrounding an inflated inner tube, placed around a wheel to form a flexible contact with the road",lốp xe,The car needs a new tyre.,"noun, verb",tyres,"tire, wheel",none,"flat tyre, spare tyre"
the unemployed,People who do not have a job,người thất nghiệp,The government provides support for the unemployed.,noun,none,"jobless, unemployed people","employed, worker","support for the unemployed, the unemployed workers"
the unexpected,Something unforeseen or unanticipated,điều bất ngờ,He always prepares for the unexpected.,noun,none,"surprise, unforeseen","expected, anticipated","prepare for the unexpected, expect the unexpected"
ugly,"Unpleasant or repulsive, especially in appearance",xấu xí,The painting was ugly.,"adjective, noun","uglier, ugliest","unattractive, unpleasant","beautiful, attractive","ugly face, ugly building"
ultimate,Being or happening at the end of a process; final,tối thượng,The ultimate goal is to achieve success.,"adjective, noun",ultimately,"final, eventual","initial, beginning","ultimate goal, ultimate decision"
ultimately,Finally; in the end,cuối cùng,"Ultimately, the decision is yours.",adverb,none,"finally, eventually",initially,"ultimately responsible, ultimately decided"
umbrella,"A device consisting of a circular canopy of cloth on a folding metal frame supported by a central rod, used as protection against rain or sometimes sun",Chiếc ô,She carried an umbrella to avoid getting wet.,"noun, verb",umbrellas,"parasol, rain shield",none,"carry an umbrella, open an umbrella"
unable,"Lacking the skill, means, or opportunity to do something",không thể,He was unable to attend the meeting.,"adjective, verb",none,"incapable, powerless","capable, able","unable to, unable to perform"
unacceptable,Not satisfactory or allowable,không thể chấp nhận được,The behavior was unacceptable.,"adjective, noun",unacceptably,"unsatisfactory, intolerable","acceptable, satisfactory","completely unacceptable, socially unacceptable"
uncertain,Not able to be relied on; not known or definite,không chắc chắn,The future of the project is uncertain.,"adjective, noun",uncertainty,"doubtful, unsure","certain, definite","uncertain about, uncertain future"
uncle,The brother of one's father or mother or the husband of one's aunt,chú ,He visited his uncle during the holidays.,"noun, verb",uncles,none,none,"uncle and aunt, favorite uncle"
uncomfortable,Causing or feeling slight pain or physical discomfort,khó chịu,The chair was uncomfortable.,"adjective, noun",uncomfortably,"uneasy, awkward","comfortable, pleasant","feel uncomfortable, look uncomfortable"
unconscious,Not awake and aware of and responding to one's environment,bất tỉnh,He was knocked unconscious.,"adjective, noun",unconsciousness,"insensible, comatose","conscious, aware","render unconscious, become unconscious"
uncontrolled,Not controlled,không kiểm soát được,The situation became uncontrolled.,"adjective, noun",none,"unregulated, uncontrolled","controlled, regulated","uncontrolled behavior, uncontrolled growth"
under,Extending or directly below,dưới,The cat is hiding under the table.,"preposition, adjective",unders,"beneath, below","above, over","under the table, under the bed"
underground,Situated beneath the surface of the ground,bí mật,The subway runs underground.,"adjective, adverb",none,"subterranean, buried","surface, aboveground","underground station, underground river"
underneath,Situated directly below (something else),bên dưới,The key is underneath the mat.,"preposition, adverb",none,"below, beneath",above,"hidden underneath, underneath the surface"
understand,"Perceive the intended meaning of (words, a language, or a speaker)",hiểu ,I can understand why you're upset.,"verb, noun","understands, understanding, understood","comprehend, grasp","misunderstand, confuse","understand the situation, understand completely"
understanding,The ability to understand something; comprehension,sự hiểu biết,She has a deep understanding of the subject.,"noun, adjective",understandings,"comprehension, awareness",misunderstanding,"mutual understanding, deep understanding"
underwater,"Situated, occurring, or done beneath the surface of the water",dưới nước,The divers explored the underwater cave.,"adjective, noun",none,"submerged, sunken","surface, above water","underwater camera, underwater world"
underwear,"Clothes worn under other clothes, typically next to the skin",đồ lót,He packed his underwear in the suitcase.,"noun, verb",none,"undergarments, lingerie",outerwear,"pair of underwear, men's underwear"
undo,"Unfasten, untie, or loosen (something)",hoàn tác,She tried to undo the knot.,"verb, noun","undoes, undoing, undid","unfasten, unhook","fasten, tie","undo a mistake, undo the damage"
unemployed,Without a paid job but available to work,thất nghiệp,He has been unemployed for six months.,"adjective, noun",unemployment,"jobless, idle","employed, working","long-term unemployed, chronically unemployed"
unemployment,The state of being unemployed,nạn thất nghiệp,The government is working to reduce unemployment.,"noun, verb",none,"joblessness, redundancy","employment, work","high unemployment, youth unemployment"
unexpected,Not expected or regarded as likely to happen,không ngờ tới,The news was completely unexpected.,"adjective, noun",unexpectedness,"surprising, unforeseen","expected, anticipated","unexpected visit, unexpected result"
unexpectedly,In a way that was not expected,bất ngờ,He unexpectedly won the race.,adverb,none,"surprisingly, suddenly","expectedly, predictably","completely unexpectedly, quite unexpectedly"
unfair,Not based on or behaving according to the principles of equality and justice,không công bằng,The decision was unfair.,"adjective, noun",unfairness,"inequitable, unjust","fair, just","unfair treatment, unfair advantage"
unfairly,In a manner that is not based on or behaving according to the principles of equality and justice,không công bằng,She was unfairly treated by her peers.,adverb,unfairness,"unjustly, inequitably","fairly, justly","unfairly treated, unfairly blamed"
unfortunate,Having or marked by bad fortune; unlucky,không may,It was an unfortunate accident.,adjective,unfortunately,"unlucky, ill-fated","fortunate, lucky","unfortunate event, unfortunate outcome"
unfortunately,It is unfortunate that,Không may,"Unfortunately, we missed the train.",adverb,none,"sadly, regrettably","fortunately, luckily","unfortunately, we cannot, unfortunately missed"
unfriendly,Not friendly,không thân thiện,He seemed unfriendly at first.,adjective,unfriendliness,"hostile, aloof","friendly, sociable","unfriendly attitude, unfriendly behavior"
unhappy,Not happy,không vui,She felt unhappy with the decision.,adjective,unhappiness,"miserable, discontent","happy, content","feel unhappy, look unhappy"
uniform,The distinctive clothing worn by members of the same organization or body or by children attending certain schools,đồng phục,The students wear a uniform.,"noun, adjective",uniformly,"outfit, dress",none,"school uniform, military uniform"
unimportant,Not important,không quan trọng,His contribution was deemed unimportant.,adjective,none,"insignificant, trivial","important, significant","seem unimportant, relatively unimportant"
union,An organized association of workers formed to protect and further their rights and interests; a labor union,sự đoàn kết,He is a member of the teachers' union.,noun,unions,"association, guild",none,"labor union, union member"
unique,Being the only one of its kind; unlike anything else,độc nhất,Her design is unique.,"adjective, noun",uniqueness,"distinctive, special","common, ordinary","unique opportunity, unique perspective"
unit,An individual thing or person regarded as single and complete but which can also form an individual component of a larger or more complex whole,đơn vị,The new housing unit is now available.,"noun, verb",units,"section, component","whole, entirety","housing unit, single unit"
unite,Come or bring together for a common purpose or action,đoàn kết,They decided to unite their efforts.,"verb, noun","unites, uniting, united","join, combine","separate, divide","unite efforts, unite the country"
united,"Joined together politically, for a common purpose, or by common feelings",thống nhất,They stood united in their cause.,"adjective, verb",unity,"together, joined","divided, split","united front, united in"
universe,All existing matter and space considered as a whole; the cosmos,vũ trụ,The universe is vast and mysterious.,"noun, verb",none,"cosmos, creation",none,"expanding universe, universe theory"
university,"An educational institution designed for instruction, examination, or both, of students in many branches of advanced learning, conferring degrees in various faculties, and often embodying colleges and similar institutions",trường đại học,She attends a prestigious university.,"noun, verb",universities,"college, school",none,"university degree, university campus"
unkind,Inconsiderate and harsh to others,không tử tế,His unkind remarks hurt her feelings.,"adjective, verb",unkindness,"cruel, mean","kind, considerate","unkind words, unkind act"
unknown,Not known or familiar,không rõ,The author of the letter is unknown.,"adjective, noun",unknowns,"unfamiliar, mysterious","known, familiar","remain unknown, completely unknown"
unless,Except if (used to introduce the case in which a statement being made is not true or valid),Trừ khi,You cannot go out unless you finish your homework.,"conjunction, preposition",none,"except, if not",none,"unless otherwise stated, unless you have"
unlike,Different from; not similar to,không giống,Her behavior is unlike her usual self.,"preposition, adjective",none,"different from, dissimilar to","like, similar","unlike any other, unlike before"
unlikely,"Not likely to happen, be done, or be true; improbable",không thể,It is unlikely to rain today.,"adjective, adverb",unlikeliness,"improbable, doubtful","likely, probable","highly unlikely, seem unlikely"
unload,"Remove (something) from a load, especially a vehicle, container, or ship",dỡ hàng,They need to unload the truck.,"verb, noun","unloads, unloading, unloaded","empty, discharge","load, fill","unload the cargo, unload quickly"
unlock,Open the lock of (something),mở khóa,She unlocked the door.,"verb, noun","unlocks, unlocking, unlocked","open, unbolt","lock, secure","unlock the door, unlock the potential"
unnecessary,Not needed,không cần thiết,This procedure is unnecessary.,"adjective, noun",unnecessarily,"unneeded, needless","necessary, essential","completely unnecessary, unnecessary costs"
unpleasant,"Causing discomfort, unhappiness, or revulsion; disagreeable",khó chịu,The smell was unpleasant.,"adjective, noun",unpleasantness,"disagreeable, offensive","pleasant, agreeable","unpleasant smell, unpleasant experience"
unreasonable,Not guided by or based on good sense,vô lý,His demands were unreasonable.,"adjective, noun",unreasonably,"irrational, illogical","reasonable, sensible","completely unreasonable, unreasonable request"
unsteady,Not firm or stable,không vững vàng,He walked with unsteady steps.,"adjective, noun",unsteadiness,"unstable, wobbly","steady, stable","unsteady on his feet, unsteady hands"
unsuccessful,Not achieving the desired aim or result,không thành công,The plan was unsuccessful.,"adjective, noun",unsuccessfully,"failed, fruitless","successful, accomplished","largely unsuccessful, unsuccessful attempt"
untidy,Not arranged neatly and in order,bừa bộn,Her room is always untidy.,"adjective, verb",untidiness,"messy, disordered","tidy, neat","untidy room, untidy hair"
until,Up to (the point in time or the event mentioned),cho đến khi,Stay here until I return.,"preposition, conjunction",none,"till, up to",since,"wait until, until now"
unusual,Not habitually or commonly occurring or done,bất thường,He had an unusual hobby.,"adjective, noun",unusualness,"rare, uncommon","usual, common","unusual behavior, unusual situation"
unusually,In a way that is not habitual or common; atypically,bất thường,She was unusually quiet today.,adverb,none,"atypically, abnormally","commonly, typically","unusually high, unusually quiet"
up,Towards a higher place or position,hướng lên,She looked up at the sky.,"adverb, preposition",ups,"above, higher","down, lower","look up, climb up"
upon,"More formal term for on, especially in abstract senses",trên,"Once upon a time, there was a princess.","preposition, adverb",none,"on, above","under, beneath","upon arrival, based upon"
upper,Situated above another part,phía trên,The upper part of the building is new.,"adjective, noun",uppers,"top, superior","lower, bottom","upper level, upper class"
upset,"Make (someone) unhappy, disappointed, or worried",buồn bã,The news upset him.,"verb, adjective","upsets, upsetting, upset","distress, worry","calm, soothe","upset stomach, upset about"
upsetting,"Causing unhappiness, disappointment, or worry",khó chịu,It was an upsetting experience.,"adjective, noun",none,"distressing, worrying","soothing, calming","very upsetting, find it upsetting"
upside down,In an inverted position,lộn ngược,The picture was hung upside down.,"adverb, adjective",none,"inverted, overturned",right side up,"hang upside down, turn upside down"
upstairs,On or to an upper floor of a building,trên lầu,They went upstairs to their rooms.,"adverb, noun",none,"above, overhead","downstairs, below","go upstairs, upstairs room"
upward,Directed towards a higher place or position,trở lên,The balloon drifted upward.,"adjective, adverb",none,"ascending, rising",downward,"upward movement, upward trend"
upwards,Towards a higher place or position,trở lên,Prices have been moving upwards.,adverb,none,upwardly,downwards,"move upwards, look upwards"
urban,"In, relating to, or characteristic of a city or town",đô thị,Urban areas are growing rapidly.,"adjective, noun",urbanize,"metropolitan, civic","rural, suburban","urban development, urban area"
urge,Try earnestly or persistently to persuade (someone) to do something,thúc giục,They urged him to apply for the job.,"verb, noun","urges, urging, urged","encourage, exhort","discourage, deter","urge someone, urge strongly"
urgent,Requiring immediate action or attention,cấp bách,This is an urgent matter.,"adjective, noun",urgency,"immediate, critical",non-urgent,"urgent need, urgent care"
us,Referring to the speaker and one or more other people as the object of a verb or preposition,chúng ta,They invited us to the party.,pronoun,none,ourselves,them,"help us, tell us"
use,"Take, hold, or deploy (something) as a means of accomplishing a purpose or achieving a result",sử dụng,She uses a computer for her work.,"verb, noun","uses, using, used","utilize, employ","discard, neglect","use a tool, use a method"
used,Accustomed to or in the habit of,đã sử dụng,He is used to getting up early.,"adjective, verb",none,"accustomed, habituated",unaccustomed,"get used to, be used to"
used to,"Accustomed, habituated",đã từng,She used to live in New York.,"adjective, verb",none,accustomed to,not used to,"used to live, used to be"
useful,Able to be used for a practical purpose or in several ways,hữu ích,This tool is very useful.,"adjective, noun",usefully,"helpful, beneficial","useless, unhelpful","very useful, useful information"
useless,Not fulfilling or not expected to achieve the intended purpose or desired outcome,vô ích,The broken tool is useless.,"adjective, noun",uselessness,"ineffective, futile","useful, effective","completely useless, feel useless"
user,A person who uses or operates something,người dùng,He is a regular user of this software.,"noun, verb",users,"operator, consumer",non-user,"end user, user manual"
usual,Habitually or typically occurring or done; customary,thường,She took her usual route to work.,"adjective, noun",usually,"habitual, customary","unusual, uncommon","as usual, usual place"
usually,Under normal conditions; generally,thường xuyên,She usually goes to bed early.,adverb,none,"normally, generally","rarely, seldom","usually happens, usually takes"
vacation,"An extended period of leisure and recreation, especially one spent away from home or traveling",kì nghỉ,We are planning a summer vacation.,"noun, verb",vacations,"holiday, break","work, duty","summer vacation, vacation time"
valid,Legally or officially acceptable,có hiệu lực,The ticket is valid for one month.,"adjective, noun",validity,"legitimate, acceptable","invalid, unacceptable","valid reason, valid point"
valley,"A low area of land between hills or mountains, typically with a river or stream flowing through it",thung lũng,The valley was covered with flowers.,"noun, verb",valleys,"dale, vale","hill, peak","beautiful valley, green valley"
valuable,Worth a great deal of money or highly important,có giá trị lớn,He gave her valuable advice.,"adjective, noun",valuables,"precious, important","worthless, unimportant","valuable asset, valuable experience"
value,"The regard that something is held to deserve; the importance, worth, or usefulness of something",giá trị,The value of gold has increased.,"noun, verb","values, valuing, valued","worth, merit","worthlessness, insignificance","market value, intrinsic value"
van,"A medium-sized motor vehicle with a boxy shape, typically used for transporting goods or people",xe tải,They transported the furniture in a van.,"noun, verb",vans,"minibus, vehicle","car, sedan","delivery van, passenger van"
variation,"A change or slight difference in condition, amount, or level, typically within certain limits",biến thể,There is a variation in temperature.,"noun, verb",variations,"difference, deviation","uniformity, sameness","genetic variation, slight variation"
varied,Incorporating a number of different types or elements; showing variety,đa dạng,The students have varied interests.,"adjective, verb","varies, varying, varied","diverse, assorted","similar, homogeneous","varied background, varied menu"
variety,A number or range of things of the same general class that are distinct in character or quality,đa dạng,The store offers a variety of products.,"noun, verb",varieties,"assortment, diversity","uniformity, sameness","wide variety, great variety"
various,Different from one another; of different kinds or sorts,nhiều,She has various interests.,"adjective, noun",variously,"diverse, assorted","similar, uniform","various types, various reasons"
vary,"Differ in size, amount, degree, or nature from something else of the same general class",thay đổi,Prices vary depending on the season.,"verb, noun","varies, varying, varied","differ, change","remain, stay","prices vary, vary greatly"
vast,Of very great extent or quantity; immense,rộng lớn,The desert is vast and empty.,"adjective, verb",vastness,"huge, extensive","small, tiny","vast area, vast majority"
vegetable,"A plant or part of a plant used as food, typically as accompaniment to meat or fish",rau quả,She grows her own vegetables.,"noun, verb",vegetables,"greens, produce",meat,"vegetable garden, fresh vegetable"
vehicle,"A thing used for transporting people or goods, especially on land, such as a car, truck, or cart",phương tiện giao thông,They need a larger vehicle for their trip.,"noun, verb",vehicles,"automobile, transport",none,"vehicle maintenance, vehicle registration"
venture,A risky or daring journey or undertaking,mạo hiểm,He embarked on a new business venture.,"noun, verb","ventures, venturing, ventured","undertaking, enterprise","certainty, safety","business venture, joint venture"
version,A particular form of something differing in certain respects from an earlier form or other forms of the same type of thing,phiên bản,This is the latest version of the software.,"noun, verb",versions,"edition, form","original, same","new version, beta version"
vertical,"At right angles to a horizontal plane; in a direction, or having an alignment, such that the top is directly above the bottom",thẳng đứng,The building has a vertical design.,"adjective, noun",verticality,"upright, perpendicular","horizontal, flat","vertical line, vertical position"
very,To a high degree,rất,He is very tall.,"adverb, adjective",none,"extremely, highly",slightly,"very good, very much"
via,Traveling through (a place) en route to a destination,thông qua,We traveled to the city via the highway.,preposition,none,"through, by way of",none,"via email, via route"
victim,"A person harmed, injured, or killed as a result of a crime, accident, or other event or action",nạn nhân,The victim of the accident was taken to the hospital.,"noun, verb",victims,"casualty, sufferer","culprit, attacker","crime victim, accident victim"
victory,"An act of defeating an enemy or opponent in a battle, game, or other competition",chiến thắng,They celebrated their victory.,"noun, verb",victories,"triumph, success","defeat, loss","celebrate victory, victory parade"
video,A recording of moving visual images made digitally or on videotape,băng hình,She watched a video online.,"noun, verb",videos,"recording, film",none,"watch a video, video clip"
view,The ability to see something or to be seen from a particular place,xem,The view from the top of the mountain is stunning.,"noun, verb","views, viewing, viewed","sight, perspective","blindness, blindness","stunning view, view of"
village,"A group of houses and associated buildings, larger than a hamlet and smaller than a town, situated in a rural area",làng bản,They live in a small village.,"noun, verb",villages,"hamlet, settlement","city, metropolis","small village, village life"
violence,"Behavior involving physical force intended to hurt, damage, or kill someone or something",bạo lực,The movie contains scenes of violence.,"noun, verb",none,"aggression, brutality","peace, calm","domestic violence, violence against"
violent,"Using or involving physical force intended to hurt, damage, or kill someone or something",hung bạo,The protest turned violent.,"adjective, noun",violently,"brutal, fierce","peaceful, calm","violent crime, violent protest"
virtually,Nearly; almost,hầu như,He is virtually unknown.,adverb,virtual,"almost, nearly",completely,"virtually impossible, virtually all"
virus,"An infective agent that typically consists of a nucleic acid molecule in a protein coat, is too small to be seen by light microscopy, and is able to multiply only within the living cells of a host",vi-rút,The virus spread quickly.,"noun, verb",viruses,"pathogen, germ",none,"spread a virus, computer virus"
visible,Able to be seen,dễ thấy,The stars were visible in the night sky.,"adjective, noun",visibility,"observable, apparent","invisible, hidden","clearly visible, visible sign"
vision,The faculty or state of being able to see,tầm nhìn,His vision is getting worse.,"noun, verb",visions,"sight, eyesight",blindness,"clear vision, blurred vision"
visit,Go to see and spend time with (someone) socially,thăm nom,We plan to visit our grandparents this weekend.,"verb, noun","visits, visiting, visited","attend, see","avoid, ignore","visit family, visit friends"
visitor,"A person visiting a person or place, especially socially or as a tourist",du khách,The museum had many visitors.,"noun, verb",visitors,"guest, tourist",host,"frequent visitor, visitor center"
vital,Absolutely necessary or important; essential,thiết yếu,Water is vital for life.,"adjective, noun",vitality,"crucial, essential","nonessential, trivial","vital role, vital importance"
vocabulary,The body of words used in a particular language,từ vựng,She has a large vocabulary.,"noun, adjective",vocabularies,"lexicon, word list",none,"expand vocabulary, large vocabulary"
voice,"The sound produced in a person's larynx and uttered through the mouth, as speech or song",tiếng nói,His voice is very deep.,"noun, verb","voices, voicing, voiced","sound, tone","silence, quiet","deep voice, voice mail"
volume,A book forming part of a work or series,âm lượng,He bought the first volume of the series.,"noun, verb",volumes,"book, part",none,"first volume, high volume"
vote,"A formal indication of a choice between two or more candidates or courses of action, expressed typically through a ballot or a show of hands",bỏ phiếu,They cast their votes in the election.,"noun, verb","votes, voting, voted","ballot, poll",abstain,"cast a vote, vote for"
vowel,"A speech sound which is produced by comparatively open configuration of the vocal tract, with vibration of the vocal cords but without audible friction",nguyên âm,"A, E, I, O, U are vowels.","noun, verb",vowels,none,consonant,"vowel sound, vowel letter"
wage,"A fixed regular payment earned for work or services, typically paid on a daily or weekly basis",tiền công,The minimum wage is being increased.,"noun, verb",wages,"salary, payment",none,"minimum wage, wage increase"
waist,The part of the human body below the ribs and above the hips,thắt lưng,She wore a belt around her waist.,"noun, verb",waists,"midsection, torso",none,"waist size, slim waist"
wait,Stay where one is or delay action until a particular time or event,Chờ đợi,They decided to wait for the next train.,"verb, noun","waits, waiting, waited","pause, delay","hurry, rush","wait for, can't wait"
waiter,A man whose job is to serve customers at their tables in a restaurant,phục vụ nam,The waiter took our order.,"noun, verb",waiters,"server, attendant","customer, patron","head waiter, waiter service"
wake,Emerge or cause to emerge from a state of sleep,thức dậy,She wakes up early every morning.,"verb, noun","wakes, waking, woke","arouse, awaken","sleep, doze","wake up, wake early"
walk,Move at a regular pace by lifting and setting down each foot in turn,đi bộ,They walk to school every day.,"verb, noun","walks, walking, walked","stroll, saunter","run, sprint","go for a walk, walk along"
wall,A continuous vertical brick or stone structure that encloses or divides an area of land,tường,The painting hangs on the wall.,"noun, verb",walls,"barrier, partition",none,"climb the wall, brick wall"
wallet,A pocket-sized flat folding case for holding money and plastic cards,cái ví,He keeps his money in his wallet.,"noun, verb",wallets,"billfold, purse",none,"leather wallet, lost wallet"
wander,Move about aimlessly or without any destination,đi lang thang,They wandered through the forest.,"verb, noun","wanders, wandering, wandered","roam, meander","stay, remain","wander around, wander off"
want,Have a desire to possess or do (something); wish for,muốn,I want a new bicycle.,"verb, noun","wants, wanting, wanted","desire, wish","reject, refuse","want to, want more"
war,A state of armed conflict between different countries or different groups within a country,chiến tranh,The war lasted for five years.,"noun, verb",wars,"conflict, combat","peace, harmony","declare war, civil war"
warm,Of or at a fairly or comfortably high temperature,ấm,She felt the warm sun on her face.,"adjective, verb","warmer, warmest","hot, heated","cold, cool","warm weather, warm up"
warmth,"The quality, state, or sensation of being warm; moderate and comfortable heat",sự ấm áp,The warmth of the fire was comforting.,noun,none,"heat, coziness","coolness, chill","feel the warmth, warmth of the sun"
warn,"Inform someone in advance of an impending or possible danger, problem, or other unpleasant situation",cảnh báo,They warned us about the storm.,"verb, noun","warns, warning, warned","alert, notify","ignore, neglect","warn about, warn against"
warning,"A statement or event that indicates a possible or impending danger, problem, or other unpleasant situation",cảnh báo,He received a warning about the dangers ahead.,"noun, adjective",warnings,"caution, alert",none,"warning sign, advance warning"
wash,"Clean with water and, typically, soap or detergent",rửa,She washed the dishes after dinner.,"verb, noun","washes, washing, washed","cleanse, rinse","dirty, soil","wash clothes, wash the car"
waste,"Use or expend carelessly, extravagantly, or to no purpose",rác thải,Don't waste your food.,"verb, noun","wastes, wasting, wasted","squander, misuse","save, conserve","waste time, waste money"
watch,Look at or observe attentively over a period of time,đồng hồ ,He likes to watch movies.,"verb, noun","watches, watching, watched","observe, view","ignore, overlook","watch TV, watch closely"
water,"A clear, colorless, odorless, and tasteless liquid, essential for most plant and animal life and the most widely used solvent",Nước,She poured water into the glass.,"noun, verb",waters,"aqua, H2O",none,"drink water, fresh water"
wave,Move one's hand to and fro in greeting or as a signal,sóng,They waved goodbye.,"verb, noun","waves, waving, waved","signal, salute",none,"wave goodbye, wave to"
way,"A method, style, or manner of doing something; an approach to something",đường,There is no easy way to do this.,"noun, adverb",ways,"method, manner",none,"find a way, new way"
we,Used by a speaker to refer to himself or herself and one or more other people considered together,chúng tôi,We are going to the park.,pronoun,none,us,they,"we are, we have"
weak,Lacking the power to perform physically demanding tasks; having little physical strength or energy,yếu đuối,She felt weak after the illness.,"adjective, noun","weaker, weakest","feeble, frail","strong, powerful","feel weak, weak point"
weakness,The state or condition of lacking strength,điểm yếu,His greatest weakness is his inability to lie.,"noun, verb",weaknesses,"frailty, debility","strength, robustness","show weakness, strength and weakness"
wealth,An abundance of valuable possessions or money,sự giàu có,He accumulated his wealth through hard work.,"noun, verb",none,"riches, fortune","poverty, lack","accumulate wealth, wealth and power"
weapon,A thing designed or used for inflicting bodily harm or physical damage,vũ khí,The soldier carried a weapon.,"noun, verb",weapons,"arm, instrument",none,"carry a weapon, weapon of choice"
wear,"Have on one's body or a part of one's body as clothing, decoration, protection, or for some other purpose",mặc,She likes to wear colorful clothes.,"verb, noun","wears, wearing, wore","don, sport","remove, shed","wear a hat, wear clothes"
weather,"The state of the atmosphere at a place and time as regards heat, dryness, sunshine, wind, rain, etc.",thời tiết,The weather is sunny today.,"noun, verb",weathers,"climate, conditions",none,"bad weather, weather forecast"
web,"A network of fine threads constructed by a spider from fluid secreted by its spinnerets, used to catch its prey",mạng lưới,The spider spun a web.,"noun, verb",webs,"net, network",none,"spider web, tangled web"
website,A location connected to the Internet that maintains one or more pages on the World Wide Web,trang web,She created a website for her business.,"noun, verb",websites,"site, page",none,"create a website, website address"
wedding,"A marriage ceremony, especially considered as including the associated celebrations",lễ cưới,They are planning a big wedding.,"noun, verb",weddings,"marriage, nuptials","divorce, separation","wedding day, wedding dress"
week,A period of seven days,tuần,She goes to the gym three times a week.,"noun, verb",weeks,seven days,month,"week long, work week"
weekend,"The period from Friday evening through Sunday evening, especially regarded as a time for leisure",ngày cuối tuần,We are planning a trip for the weekend.,"noun, verb",weekends,Saturday and Sunday,weekday,"long weekend, weekend plans"
weekly,"Done, produced, or occurring once a week",hàng tuần,She writes a weekly column.,"adjective, noun",weeklies,every week,daily,"weekly meeting, weekly report"
weigh,"Find out how heavy (someone or something) is, typically using scales",cân,He weighs himself every morning.,"verb, noun","weighs, weighing, weighed","measure, scale",none,"weigh yourself, weigh the options"
weight,"A body's relative mass or the quantity of matter contained by it, giving rise to a downward force; the heaviness of a person or thing",cân nặng,She is trying to lose weight.,"noun, verb",weights,"mass, heaviness",none,"lose weight, gain weight"
welcome,"Greet (someone) in a glad, polite, or friendly way",Chào mừng,They welcomed the guests warmly.,"verb, noun","welcomes, welcoming, welcomed","greet, receive","dismiss, ignore","warm welcome, welcome message"
well,In a good or satisfactory way,Tốt,She did well on her exam.,"adverb, adjective","better, best","finely, admirably","poorly, badly","do well, well done"
west,"The direction toward the point of the horizon where the sun sets at the equinoxes, on the left-hand side of a person facing north, or the part of the horizon lying in this direction",hướng Tây,The sun sets in the west.,"noun, adjective",westward,"westward, occidental",east,"face west, west coast"
western,"Living in or originating from the West, in particular Europe or the United States",phương Tây,She prefers western movies.,"adjective, noun",westerners,occidental,eastern,"western culture, western hemisphere"
wet,Covered or saturated with water or another liquid,ướt,His clothes were wet from the rain.,"adjective, verb","wets, wetting, wetted","damp, soaked","dry, arid","wet clothes, get wet"
what,Asking for information specifying something,Gì,What is your name?,"pronoun, adjective",none,"which, that",none,"what time, what color"
whatever,Used to emphasize a lack of restriction in referring to anything or amount,bất cứ điều gì,Take whatever you like.,"pronoun, adjective",none,"anything, whatsoever",none,"whatever you want, do whatever"
wheel,A circular object that revolves on an axle and forms part of a machine,bánh xe,The wheel of the car needs to be replaced.,"noun, verb",wheels,"disc, roller",none,"steering wheel, bicycle wheel"
when,At what time,khi,When is your birthday?,"adverb, conjunction",none,at what time,none,"when is, since when"
whenever,At whatever time; on whatever occasion,bất cứ khi nào,Call me whenever you want.,"conjunction, adverb",none,"whenever, anytime",none,"whenever possible, whenever necessary"
where,In or to what place or position,Ở đâu,Where do you live?,"adverb, conjunction",none,"in what place, at which",none,"where are you, from where"
whereas,In contrast or comparison with the fact that,trong khi,"He is short, whereas his brother is tall.",conjunction,none,"while, although",none,"whereas, however"
wherever,In or to any place or every place,bất cứ nơi nào,We can go wherever you like.,"conjunction, adverb",none,"anywhere, everywhere",nowhere,"wherever you go, wherever possible"
whether,Expressing a doubt or choice between alternatives,liệu,I don't know whether to go or stay.,conjunction,none,"if, whether or not",none,"whether or not, decide whether"
which,Asking for information specifying one or more people or things from a definite set,cái mà,Which color do you prefer?,"pronoun, adjective",none,"which one, which ones",none,"which one, in which"
while,A period of time,trong khi,He worked for a while.,"noun, verb",whiles,"time, period",none,"a while, quite a while"
whisper,Speak very softly using one's breath without vocal cords,thì thầm,She whispered a secret to her friend.,"verb, noun","whispers, whispering, whispered","murmur, mutter","shout, yell","whisper softly, whisper in"
whistle,"A clear, high-pitched sound made by forcing breath through a small hole between partly closed lips, or between one's teeth",còi,He whistled a happy tune.,"noun, verb","whistles, whistling, whistled","hoot, pipe",none,"blow a whistle, police whistle"
white,"Of the color of milk or fresh snow, due to the reflection of most wavelengths of visible light; the opposite of black",trắng,She wore a white dress.,"adjective, noun",whites,"pale, light","black, dark","white shirt, white snow"
who,What or which person or people,Ai,Who is that person?,"pronoun, noun",none,"which person, what person",none,"who is, who are"
whoever,The person or people who; any person who,bất cứ ai,Whoever finds the key can open the door.,"pronoun, adjective",none,"anyone, whosoever",none,"whoever wants, whoever comes"
whole,All of; entire,trọn,He spent the whole day at the beach.,"adjective, noun",wholes,"entire, complete","part, partial","whole day, whole time"
whom,Used instead of 'who' as the object of a verb or preposition,ai,To whom should I address the letter?,"pronoun, noun",none,none,none,"to whom, whom should"
whose,Belonging to or associated with which person,của ai,Whose book is this?,"pronoun, adjective",none,"of which, belonging to whom",none,"whose turn, whose idea"
why,For what reason or purpose,Tại sao,Why are you late?,"adverb, noun",none,"for what reason, for what purpose",none,"why not, reason why"
wide,Of great or more than average width,rộng,The river is very wide.,"adjective, noun","wider, widest","broad, extensive","narrow, thin","wide range, wide variety"
widely,Over a large area or range; extensively,rộng rãi,He is widely known for his generosity.,adverb,none,"extensively, broadly",narrowly,"widely used, widely accepted"
width,The measurement or extent of something from side to side,chiều rộng,The width of the table is 1 meter.,"noun, adjective",widths,"breadth, span",narrowness,"measure the width, width of"
wife,A married woman considered in relation to her spouse,vợ,His wife is a doctor.,"noun, verb",wives,"spouse, partner","husband, spouse","loving wife, his wife"
wild,Living or growing in the natural environment; not domesticated or cultivated,hoang dã,They saw wild animals in the forest.,"adjective, noun",wildness,"untamed, feral","domesticated, tame","wild animal, wild nature"
wildly,In a wild or uncontrolled manner,điên cuồng,The horse ran wildly through the field.,adverb,none,"uncontrollably, fiercely","calmly, gently","wildly successful, wildly popular"
will,Expressing the future tense,sẽ,She will go to the party.,"verb, noun","wills, willing, willed","shall, intend",won't,"will go, will do"
willing,"Ready, eager, or prepared to do something",sẵn sàng,He is willing to help.,"adjective, verb",none,"eager, ready","reluctant, unwilling","willing to, very willing"
willingly,Readily and enthusiastically,tự nguyện,She willingly accepted the offer.,adverb,none,"enthusiastically, readily",reluctantly,"willingly agree, willingly participate"
willingness,The quality or state of being prepared to do something; readiness,sự tự nguyện,His willingness to learn is commendable.,noun,none,"readiness, eagerness","reluctance, unwillingness","show willingness, express willingness"
win,Be successful or victorious in (a contest or conflict),thắng,She hopes to win the race.,"verb, noun","wins, winning, won","triumph, succeed","lose, fail","win a game, win a prize"
wind 1,Move in or take a twisting or spiral course,gió 1,The path winds through the forest.,"verb, noun","winds, winding, wound","twist, coil","straighten, untwist","wind down, wind up"
wind 2,"Air in natural motion, as that moving horizontally at any velocity along the earth's surface",gió 2,The wind blew strongly.,"noun, verb",winds,"breeze, gale","calm, stillness","strong wind, cold wind"
window,An opening in the wall or roof of a building or vehicle that is fitted with glass in a frame to admit light or air and allow people to see out,cửa sổ,He looked out the window.,"noun, verb",windows,"pane, casement",wall,"open the window, look out the window"
wine,An alcoholic drink made from fermented grape juice,rượu ,They enjoyed a glass of wine.,"noun, verb",wines,"vino, alcoholic beverage",none,"red wine, glass of wine"
wing,A part of a bird's or insect's body that is used for flying or gliding,cánh,The bird spread its wings.,"noun, verb",wings,"flap, airfoil",none,"bird's wing, spread its wings"
winner,"A person who has won something, especially through skill or effort",người chiến thắng,He was the winner of the contest.,"noun, verb",winners,"champion, victor","loser, defeated","contest winner, award winner"
winter,"The coldest season of the year, between autumn and spring",mùa đông,Winter is coming.,"noun, verb",winters,cold season,summer,"cold winter, during winter"
wise,"Having or showing experience, knowledge, and good judgment",khôn ngoan,He is a wise old man.,"adjective, noun",wisely,"sensible, judicious","foolish, unwise","wise decision, wise choice"
wish,Feel or express a strong desire or hope for something that is not easily attainable,ước,She wished for a better future.,"verb, noun","wishes, wishing, wished","desire, hope",none,"make a wish, wish for"
with,Accompanied by (another person or thing),với,She came with her friend.,"preposition, conjunction",none,"alongside, accompanied by",without,"with friends, with you"
withdraw,Remove or take away (something) from a particular place or position,rút,He decided to withdraw his money from the bank.,"verb, noun","withdraws, withdrawing, withdrew","remove, retract","deposit, add","withdraw money, withdraw from"
within,Inside (something),ở trong,They stayed within the boundaries.,"preposition, adverb",none,"inside, in",outside,"within the area, within limits"
without,In the absence of,không có,She can't live without her phone.,"preposition, adverb",none,"lacking, minus",with,"live without, without fail"
witness,"A person who sees an event, typically a crime or accident, take place",nhân chứng,The witness testified in court.,"noun, verb",witnesses,"observer, onlooker",none,"eye witness, witness statement"
woman,An adult human female,đàn bà,The woman is reading a book.,"noun, verb",women,"lady, female","man, male","woman's rights, old woman"
wonder,Desire or be curious to know something,thắc mắc,I wonder what will happen next.,"verb, noun","wonders, wondering, wondered","ponder, question","ignore, disregard","wonder about, wonder if"
wonderful,"Inspiring delight, pleasure, or admiration; extremely good; marvelous",tuyệt vời,They had a wonderful time at the party.,"adjective, noun",wonderfully,"marvelous, fantastic","terrible, awful","wonderful day, wonderful time"
wood,"The hard fibrous material that forms the main substance of the trunk or branches of a tree or shrub, used for fuel or timber",gỗ,The table is made of wood.,"noun, adjective",woods,"timber, lumber",none,"piece of wood, wood stove"
wooden,Made of wood,bằng gỗ,He built a wooden fence.,"adjective, noun",none,none,"metal, plastic","wooden chair, wooden spoon"
wool,The fine soft curly or wavy hair forming the coat of a sheep or other animal,len,She knitted a sweater with wool.,"noun, adjective",wools,"fleece, yarn",none,"sheep wool, wool sweater"
word,"A single distinct meaningful element of speech or writing, used with others (or sometimes alone) to form a sentence and typically shown with a space on either side when written or printed",từ,He said a word of thanks.,"noun, verb",words,"term, expression",silence,"single word, word of"
work,Activity involving mental or physical effort done in order to achieve a purpose or result,công việc,She needs to work harder.,"verb, noun","works, working, worked","labor, job","rest, relax","work hard, work for"
worker,A person who does a specified type of work or who works in a specified way,công nhân,The factory worker is very diligent.,"noun, verb",workers,"employee, laborer","employer, boss","factory worker, hard worker"
working,"Engaged in physical or mental activity in order to achieve a purpose or result, especially in one's job; doing work",đang làm việc,She is working on a new project.,"adjective, noun",workings,"employed, engaged","unemployed, idle","working hours, working on"
work out,Exercise in order to improve the strength or appearance of one's body,tập thể dục,He works out every morning.,phrasal verb,"works out, working out, worked out","exercise, train","neglect, ignore","work out at the gym, work out a plan"
world,"The earth, together with all of its countries and peoples",thế giới,The world is round.,"noun, adjective",worlds,"globe, planet",none,"world map, around the world"
worried,Anxious or troubled about actual or potential problems,lo lắng,She is worried about her exams.,"adjective, verb",worries,"anxious, concerned","calm, relaxed","worried about, look worried"
worry,Give way to anxiety or unease; allow one's mind to dwell on difficulty or troubles,lo lắng,He worries too much about everything.,"verb, noun","worries, worrying, worried","fret, stress","calm, relax","worry about, no need to worry"
worrying,Causing anxiety about actual or potential problems,lo lắng,The news is worrying.,"adjective, noun",none,"alarming, distressing","reassuring, comforting","worrying news, worrying trend"
worse,Of poorer quality or lower standard; less good or desirable,tệ hơn,The situation got worse.,"adjective, adverb",worsen,"inferior, poorer","better, superior","get worse, feel worse"
worship,The feeling or expression of reverence and adoration for a deity,tôn thờ,They worship at the temple.,"noun, verb","worships, worshiping, worshiped","reverence, adoration",disrespect,"worship God, place of worship"
worst,Of the poorest quality or the lowest standard; worse than all others,tồi tệ nhất,This is the worst day of my life.,"adjective, adverb",none,"poorest, lowest","best, finest","the worst case, the worst day"
worth,The value equivalent to that of someone or something under consideration; the level at which someone or something deserves to be valued or rated,đáng giá,The painting is worth a lot of money.,"noun, verb",worthy,"value, merit","worthlessness, insignificance","worth a lot, worth it"
would,"Expressing the conditional mood, indicating the consequence of an imagined event or situation",sẽ,He said he would go if he could.,"verb, noun",none,could,will,"would like, would have"
wound 1,"An injury to living tissue caused by a cut, blow, or other impact",vết thương 1,The wound needs to be cleaned.,"noun, verb","wounds, wounding, wounded","injury, cut",healing,"deep wound, open wound"
wounded,"Injured by a weapon, for example in a battle",bị thương,The wounded soldier was taken to the hospital.,"adjective, verb",none,"injured, hurt","unhurt, uninjured","wounded soldier, wounded animal"
wrap,Cover or enclose (someone or something) in paper or soft material,bọc,She wrapped the gift in colorful paper.,"verb, noun","wraps, wrapping, wrapped","cover, enclose","unwrap, uncover","wrap a gift, wrap up"
wrapping,The action of covering or enclosing someone or something in paper or soft material,gói,The wrapping of the gift was beautiful.,"noun, adjective",wrappings,"covering, packaging",none,"gift wrapping, plastic wrapping"
wrist,The joint connecting the hand with the forearm,cổ tay,She wore a bracelet on her wrist.,"noun, verb",wrists,bracelet,ankle,"wrist watch, wrist injury"
write,"Mark (letters, words, or other symbols) on a surface, typically paper, with a pen, pencil, or similar implement",viết,She writes in her journal every day.,"verb, noun","writes, writing, wrote","inscribe, compose","erase, delete","write a letter, write a book"
write back,"Reply to someone by writing a letter, email, etc.",viết lại,Please write back soon.,phrasal verb,"writes back, writing back, wrote back","reply, respond",none,"write back soon, write back quickly"
write down,Record something in writing,viết ra,He wrote down the address.,phrasal verb,"writes down, writing down, wrote down","record, note",none,"write down notes, write down a list"
writer,A person who has written something or who writes in a particular way,nhà văn,The writer received an award for his novel.,"noun, verb",writers,"author, novelist","reader, critic","famous writer, writer's block"
writing,The activity or skill of marking coherent words on paper and composing text,viết,Her writing is very neat.,"noun, verb",writings,"composition, penmanship",none,"creative writing, writing style"
written,Past participle of write,bằng văn bản,The instructions were written clearly.,adjective,none,"documented, recorded","spoken, verbal","written statement, written instructions"
wrong,Not correct or true; incorrect,sai,That answer is wrong.,"adjective, noun","wrongs, wronged, wronging","incorrect, mistaken","correct, right","wrong answer, feel wrong"
wrongly,In an incorrect manner,sai,He was wrongly accused of the crime.,adverb,none,"incorrectly, falsely","correctly, rightly","wrongly accused, wrongly blamed"
yard,A unit of linear measure equal to 3 feet (0.9144 meter),sân,The kids are playing in the yard.,"noun, verb",yards,"garden, lawn",house,"front yard, back yard"
yawn,Involuntarily open one's mouth wide and inhale deeply due to tiredness or boredom,ngáp,He couldn't stop yawning during the meeting.,"verb, noun","yawns, yawning, yawned","gape, stretch",none,"big yawn, yawn widely"
yeah,Informal way of saying yes,vâng,"Yeah, I agree with you.","interjection, adverb",none,"yes, yep","no, nah","yeah right, yeah sure"
year,The time taken by the earth to make one revolution around the sun,năm,She was born last year.,noun,years,"annum, 365 days",day,"year old, new year"
yellow,"Of the color between green and orange in the spectrum, a primary subtractive color complementary to blue",màu vàng,She wore a bright yellow dress.,"adjective, noun",yellows,"amber, golden",none,"bright yellow, yellow flower"
yes,Used to give an affirmative response,Đúng,"Yes, I will attend the meeting.","interjection, adverb",none,"yeah, affirmative",no,"yes please, yes sir"
yesterday,The day before today,Hôm qua,He left yesterday.,"adverb, noun",none,the day before,tomorrow,"since yesterday, just yesterday"
yet,Up until the present or a specified or implied time; by now or then,chưa,She hasn't arrived yet.,"adverb, conjunction",yet to,"still, even",already,"not yet, and yet"
you,Used to refer to the person or people that the speaker is addressing,Bạn,You are very kind.,pronoun,none,"thou, thee","I, me","you are, you have"
young,Having lived or existed for only a short time; not fully developed,trẻ,He is a young man.,"adjective, noun","younger, youngest","youthful, juvenile","old, elderly","young child, young adult"
your,Belonging to or associated with the person or people that the speaker is addressing,của bạn,Is this your book?,pronoun,none,"thy, thine",my,"your name, your turn"
yours,Used to refer to a thing or things belonging to or associated with the person or people that the speaker is addressing,của bạn,Is this pen yours?,pronoun,none,none,mine,"yours truly, it is yours"
yourself,Used to refer to the person being addressed as the object of a verb or preposition when they are also the subject of the clause,bản thân bạn,You need to take care of yourself.,pronoun,none,"your own self, yourself",none,"by yourself, for yourself"
youth,The period between childhood and adult age,thiếu niên,He spent his youth in the countryside.,"noun, adjective",youthful,"adolescence, teenage years","old age, adulthood","youth club, youth center"
zero,No quantity or number; naught; the figure 0,không,The temperature is expected to drop to zero tonight.,"noun, adjective",zeros,"nought, nil",none,"zero tolerance, zero point"
zone,"An area or stretch of land having a particular characteristic, purpose, or use, or subject to particular restrictions",vùng,This is a no-parking zone.,"noun, verb",zones,"area, region",none,"time zone, danger zone"
